estacion,categoria,inicio,fin,minutos,codigos,reglas,estadistico
35,reglas_y_estadistico_sin_etiqueta,2026-04-16 05:20:00,2026-04-16 05:54:00,35,1,18,35
35,reglas_y_estadistico_sin_etiqueta,2025-12-04 22:06:00,2025-12-04 22:25:00,20,1,16,20
35,reglas_y_estadistico_sin_etiqueta,2026-01-12 09:20:00,2026-01-12 09:38:00,19,1,5,19
35,reglas_y_estadistico_sin_etiqueta,2025-12-01 00:04:00,2025-12-01 00:17:00,14,1,14,12
35,reglas_y_estadistico_sin_etiqueta,2026-03-27 10:05:00,2026-03-27 10:17:00,13,1,7,13
35,reglas_y_estadistico_sin_etiqueta,2026-04-03 16:16:00,2026-04-03 16:27:00,12,1,5,12
35,reglas_y_estadistico_sin_etiqueta,2025-12-05 06:54:00,2025-12-05 07:02:00,9,1,4,3
35,reglas_y_estadistico_sin_etiqueta,2026-01-11 09:57:00,2026-01-11 10:04:00,8,1,6,8
35,reglas_y_estadistico_sin_etiqueta,2026-04-26 00:22:00,2026-04-26 00:29:00,8,1,6,8
35,reglas_y_estadistico_sin_etiqueta,2026-02-22 15:16:00,2026-02-22 15:21:00,6,1,6,6
35,reglas_y_estadistico_sin_etiqueta,2026-01-10 16:34:00,2026-01-10 16:38:00,5,1,3,5
35,reglas_y_estadistico_sin_etiqueta,2025-12-05 04:58:00,2025-12-05 05:01:00,4,1,2,2
35,reglas_y_estadistico_sin_etiqueta,2026-02-14 16:14:00,2026-02-14 16:17:00,4,1,3,4
35,reglas_y_estadistico_sin_etiqueta,2026-01-06 18:21:00,2026-01-06 18:23:00,3,1,2,3
35,reglas_y_estadistico_sin_etiqueta,2026-01-12 16:06:00,2026-01-12 16:07:00,2,1,2,2
35,reglas_y_estadistico_sin_etiqueta,2026-04-17 21:30:00,2026-04-17 21:31:00,2,1,2,2
35,reglas_y_estadistico_sin_etiqueta,2025-12-05 06:15:00,2025-12-05 06:15:00,1,1,1,1
35,reglas_y_estadistico_sin_etiqueta,2025-12-16 15:26:00,2025-12-16 15:26:00,1,1,1,1
35,reglas_y_estadistico_sin_etiqueta,2026-02-06 02:13:00,2026-02-06 02:13:00,1,1,1,1
35,reglas_y_estadistico_sin_etiqueta,2026-02-25 01:08:00,2026-02-25 01:08:00,1,1,1,1
35,reglas_y_estadistico_sin_etiqueta,2026-03-09 15:39:00,2026-03-09 15:39:00,1,1,1,1
35,reglas_y_estadistico_sin_etiqueta,2026-04-17 00:25:00,2026-04-17 00:25:00,1,1,1,1
35,reglas_y_estadistico_sin_etiqueta,2026-04-27 15:04:00,2026-04-27 15:04:00,1,1,1,1
35,solo_estadistico,2026-04-16 05:02:00,2026-04-16 06:51:00,110,1,18,89
35,solo_estadistico,2026-01-12 09:08:00,2026-01-12 10:41:00,94,1,5,81
35,solo_estadistico,2026-04-03 16:02:00,2026-04-03 17:16:00,75,1,5,73
35,solo_estadistico,2026-01-05 13:16:00,2026-01-05 14:26:00,71,1,0,36
35,solo_estadistico,2026-02-06 01:59:00,2026-02-06 03:09:00,71,1,1,60
35,solo_estadistico,2026-01-26 23:33:00,2026-01-27 00:42:00,70,1,0,66
35,solo_estadistico,2026-03-27 09:57:00,2026-03-27 11:06:00,70,1,7,65
35,solo_estadistico,2026-01-11 11:45:00,2026-01-11 12:28:00,44,1,0,26
35,solo_estadistico,2025-12-04 22:26:00,2025-12-04 23:02:00,37,1,0,21
35,solo_estadistico,2026-03-19 19:12:00,2026-03-19 19:47:00,36,1,0,27
35,solo_estadistico,2026-03-12 19:24:00,2026-03-12 19:53:00,30,1,0,21
35,solo_estadistico,2026-04-27 14:48:00,2026-04-27 15:16:00,29,1,1,28
35,solo_estadistico,2026-01-06 18:10:00,2026-01-06 18:37:00,28,1,2,20
35,solo_estadistico,2026-03-05 13:58:00,2026-03-05 14:25:00,28,1,0,24
35,solo_estadistico,2026-01-11 09:46:00,2026-01-11 10:12:00,27,1,6,21
35,solo_estadistico,2026-03-09 15:20:00,2026-03-09 15:43:00,24,1,1,23
35,solo_estadistico,2026-01-12 15:54:00,2026-01-12 16:16:00,23,1,2,20
35,solo_estadistico,2026-01-19 14:10:00,2026-01-19 14:31:00,22,1,0,22
35,solo_estadistico,2025-12-18 15:21:00,2025-12-18 15:40:00,20,1,0,17
35,solo_estadistico,2025-12-04 21:56:00,2025-12-04 22:14:00,19,1,5,16
35,solo_estadistico,2026-02-18 02:55:00,2026-02-18 03:13:00,19,1,0,17
35,solo_estadistico,2025-12-16 15:17:00,2025-12-16 15:33:00,17,1,1,17
35,solo_estadistico,2026-03-04 12:46:00,2026-03-04 13:02:00,17,1,0,15
35,solo_estadistico,2026-02-06 01:00:00,2026-02-06 01:15:00,16,1,0,15
35,solo_estadistico,2026-01-10 16:25:00,2026-01-10 16:39:00,15,1,3,15
35,solo_estadistico,2026-02-14 16:07:00,2026-02-14 16:21:00,15,1,4,13
35,solo_estadistico,2026-04-15 15:24:00,2026-04-15 15:35:00,12,1,0,11
35,solo_estadistico,2026-04-17 21:22:00,2026-04-17 21:33:00,12,1,2,12
35,solo_estadistico,2026-04-26 00:19:00,2026-04-26 00:30:00,12,1,6,12
35,solo_estadistico,2025-12-19 21:31:00,2025-12-19 21:41:00,11,1,0,6
35,solo_estadistico,2026-01-28 15:09:00,2026-01-28 15:19:00,11,1,0,5
35,solo_estadistico,2026-02-02 16:44:00,2026-02-02 16:54:00,11,1,0,9
35,solo_estadistico,2026-03-17 17:20:00,2026-03-17 17:30:00,11,1,0,10
35,solo_estadistico,2026-04-22 14:13:00,2026-04-22 14:23:00,11,1,0,11
35,solo_estadistico,2025-12-04 06:38:00,2025-12-04 06:46:00,9,1,0,6
35,solo_estadistico,2026-01-06 17:38:00,2026-01-06 17:46:00,9,1,0,5
35,solo_estadistico,2026-02-22 15:07:00,2026-02-22 15:15:00,9,1,0,9
35,solo_estadistico,2026-01-06 22:52:00,2026-01-06 22:59:00,8,1,0,6
35,solo_estadistico,2026-02-22 15:28:00,2026-02-22 15:35:00,8,1,0,6
35,solo_estadistico,2026-03-24 14:08:00,2026-03-24 14:15:00,8,1,0,5
35,solo_estadistico,2025-12-12 03:56:00,2025-12-12 04:02:00,7,1,0,7
35,solo_estadistico,2025-12-12 10:09:00,2025-12-12 10:15:00,7,1,0,3
35,solo_estadistico,2025-12-21 16:47:00,2025-12-21 16:51:00,5,1,0,5
35,solo_estadistico,2026-02-24 22:33:00,2026-02-24 22:36:00,4,1,0,4
35,solo_estadistico,2026-03-10 16:44:00,2026-03-10 16:47:00,4,1,0,4
35,solo_estadistico,2026-04-02 15:46:00,2026-04-02 15:49:00,4,1,0,4
35,solo_estadistico,2026-04-16 22:54:00,2026-04-16 22:57:00,4,1,0,3
35,solo_estadistico,2026-04-27 15:35:00,2026-04-27 15:38:00,4,1,0,2
35,solo_estadistico,2026-02-01 15:45:00,2026-02-01 15:47:00,3,1,0,2
35,solo_estadistico,2026-03-29 14:09:00,2026-03-29 14:11:00,3,1,0,3
35,solo_estadistico,2026-01-06 22:37:00,2026-01-06 22:38:00,2,1,0,2
35,solo_estadistico,2026-01-20 15:08:00,2026-01-20 15:09:00,2,1,0,2
35,solo_estadistico,2026-01-26 22:13:00,2026-01-26 22:14:00,2,1,0,2
35,solo_estadistico,2026-01-26 23:15:00,2026-01-26 23:16:00,2,1,0,2
35,solo_estadistico,2026-01-28 15:37:00,2026-01-28 15:38:00,2,1,0,2
35,solo_estadistico,2026-02-24 20:24:00,2026-02-24 20:25:00,2,1,0,2
35,solo_estadistico,2026-04-05 15:09:00,2026-04-05 15:10:00,2,1,0,2
35,solo_estadistico,2026-04-11 01:27:00,2026-04-11 01:28:00,2,1,0,2
35,solo_estadistico,2026-04-17 00:19:00,2026-04-17 00:20:00,2,1,0,2
35,solo_estadistico,2025-12-18 16:00:00,2025-12-18 16:00:00,1,1,0,1
35,solo_estadistico,2026-01-06 18:51:00,2026-01-06 18:51:00,1,1,0,1
35,solo_estadistico,2026-01-12 10:59:00,2026-01-12 10:59:00,1,1,0,1
35,solo_estadistico,2026-01-14 01:38:00,2026-01-14 01:38:00,1,1,0,1
35,solo_estadistico,2026-01-27 15:48:00,2026-01-27 15:48:00,1,1,0,1
35,solo_estadistico,2026-02-05 15:22:00,2026-02-05 15:22:00,1,1,0,1
35,solo_estadistico,2026-02-06 05:27:00,2026-02-06 05:27:00,1,1,0,1
35,solo_estadistico,2026-02-06 07:08:00,2026-02-06 07:08:00,1,1,0,1
35,solo_estadistico,2026-02-11 14:39:00,2026-02-11 14:39:00,1,1,0,1
35,solo_estadistico,2026-02-18 03:50:00,2026-02-18 03:50:00,1,1,0,1
35,solo_estadistico,2026-02-24 00:24:00,2026-02-24 00:24:00,1,1,0,1
35,solo_estadistico,2026-03-08 06:35:00,2026-03-08 06:35:00,1,1,0,1
35,solo_estadistico,2026-03-12 20:05:00,2026-03-12 20:05:00,1,1,0,1
35,solo_estadistico,2026-03-12 20:30:00,2026-03-12 20:30:00,1,1,0,1
35,solo_estadistico,2026-03-18 04:30:00,2026-03-18 04:30:00,1,1,0,1
35,solo_estadistico,2026-04-16 07:09:00,2026-04-16 07:09:00,1,1,0,1
35,solo_estadistico,2026-04-16 21:28:00,2026-04-16 21:28:00,1,1,0,1
35,solo_estadistico,2026-04-16 21:47:00,2026-04-16 21:47:00,1,1,0,1
35,solo_estadistico,2026-04-21 20:09:00,2026-04-21 20:09:00,1,1,0,1
35,solo_etiqueta,2025-12-14 09:37:00,2025-12-16 10:40:00,2944,2,0,1
35,solo_etiqueta,2026-02-18 12:05:00,2026-02-18 12:17:00,13,"1,151,1511",2,0
35,solo_etiqueta,2026-04-17 04:09:00,2026-04-17 04:18:00,10,"1,1511,1512",0,0
35,solo_etiqueta,2026-03-05 15:08:00,2026-03-05 15:15:00,8,"1,1511,1512",0,0
35,solo_etiqueta,2026-04-22 10:31:00,2026-04-22 10:33:00,3,"1,1511,1512",0,0
35,solo_etiqueta,2025-12-12 11:47:00,2025-12-12 11:47:00,1,1511,0,0
35,solo_etiqueta,2025-12-22 09:27:00,2025-12-22 09:27:00,1,1512,0,0
35,solo_etiqueta,2025-12-22 13:12:00,2025-12-22 13:12:00,1,1511,0,0
35,solo_etiqueta,2025-12-22 14:11:00,2025-12-22 14:11:00,1,1512,0,0
35,solo_etiqueta,2026-01-03 03:51:00,2026-01-03 03:51:00,1,1512,0,0
35,solo_etiqueta,2026-01-04 04:26:00,2026-01-04 04:26:00,1,1512,0,0
35,solo_etiqueta,2026-01-05 17:31:00,2026-01-05 17:31:00,1,1512,0,0
35,solo_etiqueta,2026-01-06 19:30:00,2026-01-06 19:30:00,1,1512,0,0
35,solo_etiqueta,2026-01-07 01:22:00,2026-01-07 01:22:00,1,1511,0,0
35,solo_etiqueta,2026-01-07 09:29:00,2026-01-07 09:29:00,1,1512,0,0
35,solo_etiqueta,2026-01-12 02:36:00,2026-01-12 02:36:00,1,1511,0,0
35,solo_etiqueta,2026-01-15 17:35:00,2026-01-15 17:35:00,1,1512,0,0
35,solo_etiqueta,2026-01-21 09:45:00,2026-01-21 09:45:00,1,1512,0,0
35,solo_etiqueta,2026-01-27 02:21:00,2026-01-27 02:21:00,1,1512,0,0
35,solo_etiqueta,2026-01-30 03:30:00,2026-01-30 03:30:00,1,1512,0,0
35,solo_etiqueta,2026-01-30 03:45:00,2026-01-30 03:45:00,1,1511,0,0
35,solo_etiqueta,2026-01-31 08:51:00,2026-01-31 08:51:00,1,1512,0,0
35,solo_etiqueta,2026-02-01 19:45:00,2026-02-01 19:45:00,1,1512,0,0
35,solo_etiqueta,2026-02-01 21:27:00,2026-02-01 21:27:00,1,1512,0,0
35,solo_etiqueta,2026-02-02 01:30:00,2026-02-02 01:30:00,1,1511,0,0
35,solo_etiqueta,2026-02-02 01:49:00,2026-02-02 01:49:00,1,1512,0,0
35,solo_etiqueta,2026-02-02 02:12:00,2026-02-02 02:12:00,1,1511,0,0
35,solo_etiqueta,2026-02-02 03:23:00,2026-02-02 03:23:00,1,1512,0,0
35,solo_etiqueta,2026-02-02 15:49:00,2026-02-02 15:49:00,1,1512,0,0
35,solo_etiqueta,2026-02-03 04:21:00,2026-02-03 04:21:00,1,1511,0,0
35,solo_etiqueta,2026-02-03 05:26:00,2026-02-03 05:26:00,1,1512,0,0
35,solo_etiqueta,2026-02-06 06:07:00,2026-02-06 06:07:00,1,1511,0,0
35,solo_etiqueta,2026-02-13 17:21:00,2026-02-13 17:21:00,1,1512,0,0
35,solo_etiqueta,2026-02-16 19:13:00,2026-02-16 19:13:00,1,1512,0,0
35,solo_etiqueta,2026-02-17 05:16:00,2026-02-17 05:16:00,1,1511,0,0
35,solo_etiqueta,2026-02-18 00:53:00,2026-02-18 00:53:00,1,1512,0,0
35,solo_etiqueta,2026-02-20 23:05:00,2026-02-20 23:05:00,1,1511,0,0
35,solo_etiqueta,2026-02-23 23:52:00,2026-02-23 23:52:00,1,1511,0,0
35,solo_etiqueta,2026-03-04 07:51:00,2026-03-04 07:51:00,1,1511,0,0
35,solo_etiqueta,2026-03-05 21:38:00,2026-03-05 21:38:00,1,1511,0,0
35,solo_etiqueta,2026-03-06 05:42:00,2026-03-06 05:42:00,1,1512,0,0
35,solo_etiqueta,2026-03-09 23:33:00,2026-03-09 23:33:00,1,1512,0,0
35,solo_etiqueta,2026-03-11 05:20:00,2026-03-11 05:20:00,1,1511,0,0
35,solo_etiqueta,2026-03-12 22:36:00,2026-03-12 22:36:00,1,1511,0,0
35,solo_etiqueta,2026-03-12 23:52:00,2026-03-12 23:52:00,1,1512,0,0
35,solo_etiqueta,2026-03-17 21:38:00,2026-03-17 21:38:00,1,1512,0,0
35,solo_etiqueta,2026-03-23 01:45:00,2026-03-23 01:45:00,1,1511,0,0
35,solo_etiqueta,2026-03-24 12:14:00,2026-03-24 12:14:00,1,1511,0,0
35,solo_etiqueta,2026-03-24 20:53:00,2026-03-24 20:53:00,1,1512,0,0
35,solo_etiqueta,2026-03-28 05:05:00,2026-03-28 05:05:00,1,1511,0,0
35,solo_etiqueta,2026-03-29 08:45:00,2026-03-29 08:45:00,1,1511,0,0
35,solo_etiqueta,2026-03-30 10:41:00,2026-03-30 10:41:00,1,1512,0,0
35,solo_etiqueta,2026-03-30 23:36:00,2026-03-30 23:36:00,1,1511,0,0
35,solo_etiqueta,2026-03-31 07:52:00,2026-03-31 07:52:00,1,1512,0,0
35,solo_etiqueta,2026-04-01 22:26:00,2026-04-01 22:26:00,1,1512,0,0
35,solo_etiqueta,2026-04-05 00:32:00,2026-04-05 00:32:00,1,1511,0,0
35,solo_etiqueta,2026-04-11 04:33:00,2026-04-11 04:33:00,1,1511,0,0
35,solo_etiqueta,2026-04-11 09:15:00,2026-04-11 09:15:00,1,1512,0,0
35,solo_etiqueta,2026-04-13 15:22:00,2026-04-13 15:22:00,1,1511,0,0
35,solo_etiqueta,2026-04-16 03:46:00,2026-04-16 03:46:00,1,1512,0,0
35,solo_etiqueta,2026-04-16 10:07:00,2026-04-16 10:07:00,1,1511,0,0
35,solo_etiqueta,2026-04-17 01:27:00,2026-04-17 01:27:00,1,1512,0,0
35,solo_etiqueta,2026-04-17 05:57:00,2026-04-17 05:57:00,1,1511,0,0
35,solo_etiqueta,2026-04-22 00:18:00,2026-04-22 00:18:00,1,1512,0,0
35,solo_etiqueta,2026-04-26 06:21:00,2026-04-26 06:21:00,1,1512,0,0
35,solo_etiqueta,2026-04-26 17:36:00,2026-04-26 17:36:00,1,1511,0,0
35,solo_etiqueta,2026-04-27 08:12:00,2026-04-27 08:12:00,1,1512,0,0
35,solo_etiqueta,2026-04-27 16:26:00,2026-04-27 16:26:00,1,1512,0,0
35,solo_etiqueta,2026-04-27 17:12:00,2026-04-27 17:12:00,1,1511,0,0
35,solo_etiqueta,2026-04-28 01:13:00,2026-04-28 01:13:00,1,1512,0,0
35,solo_etiqueta,2026-04-28 04:44:00,2026-04-28 04:44:00,1,1511,0,0
35,solo_etiqueta,2026-04-29 11:57:00,2026-04-29 11:57:00,1,1512,0,0
35,solo_reglas,2025-12-01 00:18:00,2025-12-01 03:13:00,176,1,93,0
35,solo_reglas,2026-02-25 01:09:00,2026-02-25 02:04:00,56,1,26,0
35,solo_reglas,2025-12-01 16:49:00,2025-12-01 17:43:00,55,1,10,0
35,solo_reglas,2026-01-13 08:49:00,2026-01-13 09:32:00,44,1,11,0
35,solo_reglas,2025-12-01 15:24:00,2025-12-01 15:59:00,36,1,12,0
35,solo_reglas,2026-01-13 23:02:00,2026-01-13 23:36:00,35,1,8,0
35,solo_reglas,2025-12-05 04:53:00,2025-12-05 05:24:00,32,1,9,2
35,solo_reglas,2026-04-25 23:00:00,2026-04-25 23:27:00,28,1,5,0
35,solo_reglas,2026-02-25 00:05:00,2026-02-25 00:31:00,27,1,10,0
35,solo_reglas,2026-01-13 07:21:00,2026-01-13 07:36:00,16,1,3,0
35,solo_reglas,2026-03-05 15:17:00,2026-03-05 15:30:00,14,"1,1511,1512",4,2
35,solo_reglas,2025-12-05 09:29:00,2025-12-05 09:38:00,10,1,2,0
35,solo_reglas,2026-01-16 11:11:00,2026-01-16 11:19:00,9,"1,1512",9,1
35,solo_reglas,2026-02-18 12:29:00,2026-02-18 12:37:00,9,1,9,0
35,solo_reglas,2025-12-16 10:53:00,2025-12-16 11:00:00,8,1,8,0
35,solo_reglas,2025-12-01 00:00:00,2025-12-01 00:06:00,7,1,7,1
35,solo_reglas,2026-04-25 17:54:00,2026-04-25 18:00:00,7,1,4,0
35,solo_reglas,2025-12-05 06:30:00,2025-12-05 06:35:00,6,1,2,0
35,solo_reglas,2026-01-13 03:43:00,2026-01-13 03:48:00,6,1,2,0
35,solo_reglas,2026-02-25 00:44:00,2026-02-25 00:49:00,6,1,2,0
35,solo_reglas,2025-12-05 07:53:00,2025-12-05 07:57:00,5,1,2,0
35,solo_reglas,2026-04-22 10:45:00,2026-04-22 10:48:00,4,1,4,0
35,solo_reglas,2025-12-05 06:53:00,2025-12-05 06:55:00,3,1,3,1
35,solo_reglas,2026-01-13 03:04:00,2026-01-13 03:05:00,2,1,2,0
35,solo_reglas,2026-02-25 02:19:00,2026-02-25 02:20:00,2,1,2,0
35,solo_reglas,2025-12-01 03:33:00,2025-12-01 03:33:00,1,1,1,0
35,solo_reglas,2025-12-01 16:15:00,2025-12-01 16:15:00,1,1,1,0
35,solo_reglas,2025-12-01 16:35:00,2025-12-01 16:35:00,1,1,1,0
35,solo_reglas,2025-12-05 03:21:00,2025-12-05 03:21:00,1,1,1,0
35,solo_reglas,2025-12-05 04:01:00,2025-12-05 04:01:00,1,1,1,0
35,solo_reglas,2025-12-05 05:53:00,2025-12-05 05:53:00,1,1,1,0
35,solo_reglas,2025-12-05 07:08:00,2025-12-05 07:08:00,1,1,1,0
35,solo_reglas,2026-01-06 22:40:00,2026-01-06 22:40:00,1,1,1,0
35,solo_reglas,2026-01-13 02:18:00,2026-01-13 02:18:00,1,1,1,0
35,solo_reglas,2026-01-13 02:32:00,2026-01-13 02:32:00,1,1,1,0
35,solo_reglas,2026-01-13 04:04:00,2026-01-13 04:04:00,1,1,1,0
35,solo_reglas,2026-01-13 08:36:00,2026-01-13 08:36:00,1,1,1,0
35,solo_reglas,2026-01-13 09:44:00,2026-01-13 09:44:00,1,1,1,0
35,solo_reglas,2026-01-13 09:59:00,2026-01-13 09:59:00,1,1,1,0
35,solo_reglas,2026-01-16 03:09:00,2026-01-16 03:09:00,1,1,1,0
35,solo_reglas,2026-01-16 03:39:00,2026-01-16 03:39:00,1,1,1,0
35,solo_reglas,2026-02-14 16:19:00,2026-02-14 16:19:00,1,1,1,0
35,solo_reglas,2026-02-18 12:14:00,2026-02-18 12:14:00,1,1,1,0
35,solo_reglas,2026-02-22 15:22:00,2026-02-22 15:22:00,1,1,1,0
367,reglas_y_estadistico_sin_etiqueta,2026-04-03 16:00:00,2026-04-03 17:06:00,67,1,67,66
367,reglas_y_estadistico_sin_etiqueta,2026-01-19 13:59:00,2026-01-19 14:59:00,61,1,61,55
367,reglas_y_estadistico_sin_etiqueta,2025-12-21 16:41:00,2025-12-21 17:36:00,56,1,56,55
367,reglas_y_estadistico_sin_etiqueta,2026-03-29 13:55:00,2026-03-29 14:50:00,56,1,55,56
367,reglas_y_estadistico_sin_etiqueta,2026-02-05 16:07:00,2026-02-05 16:59:00,53,1,53,49
367,reglas_y_estadistico_sin_etiqueta,2025-12-18 15:09:00,2025-12-18 15:59:00,51,1,51,51
367,reglas_y_estadistico_sin_etiqueta,2026-04-22 14:09:00,2026-04-22 14:52:00,44,1,44,43
367,reglas_y_estadistico_sin_etiqueta,2026-04-27 14:41:00,2026-04-27 15:24:00,44,"1,1567",31,36
367,reglas_y_estadistico_sin_etiqueta,2026-03-05 14:00:00,2026-03-05 14:42:00,43,1,43,43
367,reglas_y_estadistico_sin_etiqueta,2025-12-04 09:10:00,2025-12-04 09:50:00,41,1,41,28
367,reglas_y_estadistico_sin_etiqueta,2026-01-05 13:09:00,2026-01-05 13:47:00,39,1,39,24
367,reglas_y_estadistico_sin_etiqueta,2026-03-17 17:17:00,2026-03-17 17:52:00,36,1,36,34
367,reglas_y_estadistico_sin_etiqueta,2026-02-11 14:27:00,2026-02-11 14:58:00,32,1,32,23
367,reglas_y_estadistico_sin_etiqueta,2026-03-09 15:17:00,2026-03-09 15:46:00,30,1,30,25
367,reglas_y_estadistico_sin_etiqueta,2026-01-26 15:36:00,2026-01-26 16:04:00,29,1,10,26
367,reglas_y_estadistico_sin_etiqueta,2026-01-20 15:09:00,2026-01-20 15:35:00,27,1,27,27
367,reglas_y_estadistico_sin_etiqueta,2026-04-21 15:24:00,2026-04-21 15:50:00,27,1,27,18
367,reglas_y_estadistico_sin_etiqueta,2026-03-17 16:36:00,2026-03-17 16:59:00,24,1,24,16
367,reglas_y_estadistico_sin_etiqueta,2026-04-01 16:13:00,2026-04-01 16:34:00,22,1,22,22
367,reglas_y_estadistico_sin_etiqueta,2026-01-28 15:05:00,2026-01-28 15:24:00,20,1,20,18
367,reglas_y_estadistico_sin_etiqueta,2025-12-07 15:01:00,2025-12-07 15:18:00,18,1,18,10
367,reglas_y_estadistico_sin_etiqueta,2026-02-22 15:00:00,2026-02-22 15:16:00,17,1,17,9
367,reglas_y_estadistico_sin_etiqueta,2026-04-24 16:08:00,2026-04-24 16:22:00,15,1,15,15
367,reglas_y_estadistico_sin_etiqueta,2025-12-15 13:18:00,2025-12-15 13:31:00,14,1,10,5
367,reglas_y_estadistico_sin_etiqueta,2025-12-16 15:17:00,2025-12-16 15:27:00,11,1,11,11
367,reglas_y_estadistico_sin_etiqueta,2026-02-05 15:20:00,2026-02-05 15:30:00,11,1,11,10
367,reglas_y_estadistico_sin_etiqueta,2026-03-05 14:56:00,2026-03-05 15:06:00,11,1,5,11
367,reglas_y_estadistico_sin_etiqueta,2026-03-24 14:07:00,2026-03-24 14:17:00,11,1,11,11
367,reglas_y_estadistico_sin_etiqueta,2026-04-20 16:26:00,2026-04-20 16:36:00,11,1,11,5
367,reglas_y_estadistico_sin_etiqueta,2026-03-10 16:45:00,2026-03-10 16:54:00,10,1,10,10
367,reglas_y_estadistico_sin_etiqueta,2026-04-02 15:46:00,2026-04-02 15:55:00,10,1,10,10
367,reglas_y_estadistico_sin_etiqueta,2026-01-09 14:03:00,2026-01-09 14:11:00,9,1,9,8
367,reglas_y_estadistico_sin_etiqueta,2026-03-03 16:23:00,2026-03-03 16:31:00,9,1,9,9
367,reglas_y_estadistico_sin_etiqueta,2026-03-03 17:51:00,2026-03-03 17:59:00,9,1,9,7
367,reglas_y_estadistico_sin_etiqueta,2026-03-17 16:11:00,2026-03-17 16:19:00,9,1,9,7
367,reglas_y_estadistico_sin_etiqueta,2026-04-12 14:28:00,2026-04-12 14:36:00,9,1,9,9
367,reglas_y_estadistico_sin_etiqueta,2026-04-14 14:11:00,2026-04-14 14:19:00,9,1,9,8
367,reglas_y_estadistico_sin_etiqueta,2026-03-26 16:35:00,2026-03-26 16:41:00,7,1,7,6
367,reglas_y_estadistico_sin_etiqueta,2026-01-20 12:54:00,2026-01-20 12:59:00,6,1,6,6
367,reglas_y_estadistico_sin_etiqueta,2026-02-07 16:06:00,2026-02-07 16:10:00,5,1,5,5
367,reglas_y_estadistico_sin_etiqueta,2026-03-03 17:00:00,2026-03-03 17:04:00,5,1,5,4
367,reglas_y_estadistico_sin_etiqueta,2026-04-27 14:23:00,2026-04-27 14:27:00,5,1,2,5
367,reglas_y_estadistico_sin_etiqueta,2026-02-22 15:56:00,2026-02-22 15:59:00,4,1,4,4
367,reglas_y_estadistico_sin_etiqueta,2026-02-14 15:57:00,2026-02-14 15:59:00,3,1,3,3
367,reglas_y_estadistico_sin_etiqueta,2026-03-28 16:37:00,2026-03-28 16:39:00,3,1,3,3
367,reglas_y_estadistico_sin_etiqueta,2026-04-27 15:48:00,2026-04-27 15:50:00,3,1,3,2
367,reglas_y_estadistico_sin_etiqueta,2026-01-27 00:01:00,2026-01-27 00:02:00,2,1,2,2
367,reglas_y_estadistico_sin_etiqueta,2026-03-03 16:47:00,2026-03-03 16:48:00,2,1,2,2
367,reglas_y_estadistico_sin_etiqueta,2026-03-04 13:00:00,2026-03-04 13:01:00,2,1,2,2
367,reglas_y_estadistico_sin_etiqueta,2025-12-07 15:35:00,2025-12-07 15:35:00,1,1,1,1
367,reglas_y_estadistico_sin_etiqueta,2025-12-29 18:36:00,2025-12-29 18:36:00,1,1,1,1
367,reglas_y_estadistico_sin_etiqueta,2026-01-20 11:33:00,2026-01-20 11:33:00,1,1,1,1
367,reglas_y_estadistico_sin_etiqueta,2026-02-22 11:22:00,2026-02-22 11:22:00,1,1,1,1
367,reglas_y_estadistico_sin_etiqueta,2026-03-08 12:11:00,2026-03-08 12:11:00,1,1,1,1
367,reglas_y_estadistico_sin_etiqueta,2026-03-28 16:23:00,2026-03-28 16:23:00,1,1,1,1
367,reglas_y_estadistico_sin_etiqueta,2026-03-28 16:54:00,2026-03-28 16:54:00,1,1,1,1
367,reglas_y_estadistico_sin_etiqueta,2026-04-21 16:11:00,2026-04-21 16:11:00,1,1,1,1
367,reglas_y_estadistico_sin_etiqueta,2026-04-26 15:27:00,2026-04-26 15:27:00,1,1,1,1
367,reglas_y_estadistico_sin_etiqueta,2026-04-28 14:03:00,2026-04-28 14:03:00,1,1,1,1
367,reglas_y_estadistico_sin_etiqueta,2026-04-28 15:32:00,2026-04-28 15:32:00,1,1,1,1
367,solo_estadistico,2026-01-01 10:30:00,2026-01-01 11:58:00,89,"1,1511",1,28
367,solo_estadistico,2026-02-05 17:00:00,2026-02-05 18:00:00,61,1,0,51
367,solo_estadistico,2026-03-08 03:30:00,2026-03-08 04:30:00,61,1,0,61
367,solo_estadistico,2026-01-07 20:24:00,2026-01-07 21:23:00,60,1,0,50
367,solo_estadistico,2026-01-25 01:29:00,2026-01-25 02:24:00,56,1,0,45
367,solo_estadistico,2026-03-30 11:54:00,2026-03-30 12:45:00,52,1,0,50
367,solo_estadistico,2026-04-01 19:35:00,2026-04-01 20:25:00,51,1,0,36
367,solo_estadistico,2025-12-03 10:53:00,2025-12-03 11:42:00,50,1,0,21
367,solo_estadistico,2026-03-31 13:52:00,2026-03-31 14:40:00,49,1,0,29
367,solo_estadistico,2026-03-01 23:34:00,2026-03-02 00:20:00,47,1,0,47
367,solo_estadistico,2026-02-12 15:36:00,2026-02-12 16:21:00,46,1,0,35
367,solo_estadistico,2026-03-18 08:31:00,2026-03-18 09:16:00,46,1,0,12
367,solo_estadistico,2026-04-14 16:36:00,2026-04-14 17:21:00,46,1,0,46
367,solo_estadistico,2026-03-08 09:06:00,2026-03-08 09:50:00,45,1,0,31
367,solo_estadistico,2026-03-24 16:59:00,2026-03-24 17:43:00,45,1,0,31
367,solo_estadistico,2026-04-15 16:47:00,2026-04-15 17:31:00,45,1,0,45
367,solo_estadistico,2025-12-12 09:08:00,2025-12-12 09:51:00,44,1,0,37
367,solo_estadistico,2026-03-29 13:13:00,2026-03-29 13:56:00,44,1,1,43
367,solo_estadistico,2026-03-27 10:02:00,2026-03-27 10:43:00,42,"1,1567",0,41
367,solo_estadistico,2026-03-04 14:08:00,2026-03-04 14:48:00,41,"1,1567",0,30
367,solo_estadistico,2025-12-12 00:38:00,2025-12-12 01:16:00,39,1,0,33
367,solo_estadistico,2025-12-31 16:59:00,2025-12-31 17:37:00,39,1,0,39
367,solo_estadistico,2026-01-05 20:39:00,2026-01-05 21:16:00,38,1,0,23
367,solo_estadistico,2026-02-01 21:50:00,2026-02-01 22:27:00,38,"1,1511",0,36
367,solo_estadistico,2026-03-25 16:33:00,2026-03-25 17:10:00,38,1,0,14
367,solo_estadistico,2026-04-27 14:22:00,2026-04-27 14:59:00,38,1,8,33
367,solo_estadistico,2026-01-17 13:12:00,2026-01-17 13:48:00,37,1,0,14
367,solo_estadistico,2026-03-05 13:23:00,2026-03-05 13:59:00,37,1,4,27
367,solo_estadistico,2026-04-08 07:02:00,2026-04-08 07:38:00,37,"1,1511",0,37
367,solo_estadistico,2025-12-03 09:57:00,2025-12-03 10:31:00,35,1,0,35
367,solo_estadistico,2026-03-20 16:30:00,2026-03-20 17:04:00,35,1,0,33
367,solo_estadistico,2026-04-21 19:54:00,2026-04-21 20:28:00,35,1,0,21
367,solo_estadistico,2026-02-02 16:10:00,2026-02-02 16:43:00,34,1,0,32
367,solo_estadistico,2026-02-21 16:35:00,2026-02-21 17:08:00,34,1,0,33
367,solo_estadistico,2026-04-07 16:05:00,2026-04-07 16:38:00,34,1,0,26
367,solo_estadistico,2026-04-09 02:19:00,2026-04-09 02:52:00,34,1,0,32
367,solo_estadistico,2026-01-03 15:50:00,2026-01-03 16:22:00,33,1,0,33
367,solo_estadistico,2026-03-19 19:18:00,2026-03-19 19:50:00,33,1,0,21
367,solo_estadistico,2025-12-04 10:17:00,2025-12-04 10:47:00,31,1,0,30
367,solo_estadistico,2025-12-05 10:34:00,2025-12-05 11:04:00,31,1,0,24
367,solo_estadistico,2026-02-19 10:55:00,2026-02-19 11:25:00,31,1,0,31
367,solo_estadistico,2026-04-09 11:12:00,2026-04-09 11:42:00,31,1,0,7
367,solo_estadistico,2026-03-02 03:02:00,2026-03-02 03:31:00,30,1,0,30
367,solo_estadistico,2026-02-01 20:44:00,2026-02-01 21:12:00,29,"1,1511",0,28
367,solo_estadistico,2026-01-05 23:30:00,2026-01-05 23:57:00,28,1,0,23
367,solo_estadistico,2026-01-26 15:31:00,2026-01-26 15:58:00,28,1,5,28
367,solo_estadistico,2026-04-10 03:08:00,2026-04-10 03:35:00,28,1,0,26
367,solo_estadistico,2026-04-17 16:17:00,2026-04-17 16:44:00,28,1,0,28
367,solo_estadistico,2026-01-19 13:32:00,2026-01-19 13:58:00,27,1,0,27
367,solo_estadistico,2026-01-25 16:00:00,2026-01-25 16:26:00,27,1,0,18
367,solo_estadistico,2026-03-04 16:46:00,2026-03-04 17:11:00,26,1,0,25
367,solo_estadistico,2026-04-01 21:18:00,2026-04-01 21:43:00,26,1,0,19
367,solo_estadistico,2026-01-14 17:34:00,2026-01-14 17:58:00,25,1,0,25
367,solo_estadistico,2026-04-17 21:22:00,2026-04-17 21:46:00,25,1,0,14
367,solo_estadistico,2026-04-15 16:00:00,2026-04-15 16:23:00,24,1,0,24
367,solo_estadistico,2026-04-28 15:57:00,2026-04-28 16:20:00,24,1,0,24
367,solo_estadistico,2026-02-22 11:08:00,2026-02-22 11:30:00,23,1,1,13
367,solo_estadistico,2026-02-27 00:34:00,2026-02-27 00:56:00,23,1,0,17
367,solo_estadistico,2026-04-04 19:08:00,2026-04-04 19:30:00,23,1,0,12
367,solo_estadistico,2026-04-21 02:09:00,2026-04-21 02:31:00,23,1,0,22
367,solo_estadistico,2026-04-25 15:55:00,2026-04-25 16:17:00,23,1,0,19
367,solo_estadistico,2025-12-15 16:13:00,2025-12-15 16:34:00,22,1,0,18
367,solo_estadistico,2026-02-14 16:00:00,2026-02-14 16:21:00,22,1,0,18
367,solo_estadistico,2026-04-07 17:28:00,2026-04-07 17:49:00,22,1,0,22
367,solo_estadistico,2026-04-07 18:22:00,2026-04-07 18:43:00,22,1,0,10
367,solo_estadistico,2026-04-21 16:00:00,2026-04-21 16:21:00,22,1,1,22
367,solo_estadistico,2026-04-30 22:38:00,2026-04-30 22:59:00,22,1,0,22
367,solo_estadistico,2026-03-15 03:41:00,2026-03-15 04:01:00,21,1,0,19
367,solo_estadistico,2025-12-30 14:17:00,2025-12-30 14:36:00,20,1,0,5
367,solo_estadistico,2026-01-20 11:53:00,2026-01-20 12:12:00,20,1,0,10
367,solo_estadistico,2026-04-15 14:10:00,2026-04-15 14:29:00,20,1,0,20
367,solo_estadistico,2026-02-26 14:33:00,2026-02-26 14:51:00,19,1,0,4
367,solo_estadistico,2026-03-16 03:27:00,2026-03-16 03:45:00,19,1,0,17
367,solo_estadistico,2025-12-09 22:16:00,2025-12-09 22:33:00,18,1,0,18
367,solo_estadistico,2025-12-20 16:24:00,2025-12-20 16:41:00,18,1,0,18
367,solo_estadistico,2026-03-01 16:27:00,2026-03-01 16:44:00,18,1,0,14
367,solo_estadistico,2026-03-11 05:32:00,2026-03-11 05:49:00,18,1,0,18
367,solo_estadistico,2026-03-27 12:23:00,2026-03-27 12:40:00,18,1,0,18
367,solo_estadistico,2026-04-10 10:30:00,2026-04-10 10:47:00,18,1,0,13
367,solo_estadistico,2026-02-14 18:34:00,2026-02-14 18:50:00,17,1,0,14
367,solo_estadistico,2026-02-15 20:59:00,2026-02-15 21:15:00,17,1,0,17
367,solo_estadistico,2026-02-21 02:07:00,2026-02-21 02:23:00,17,1,0,17
367,solo_estadistico,2026-02-22 16:00:00,2026-02-22 16:16:00,17,1,0,17
367,solo_estadistico,2026-02-23 20:26:00,2026-02-23 20:42:00,17,1,0,17
367,solo_estadistico,2025-12-09 23:15:00,2025-12-09 23:30:00,16,1,0,16
367,solo_estadistico,2026-01-09 17:04:00,2026-01-09 17:19:00,16,1,0,16
367,solo_estadistico,2026-01-13 16:00:00,2026-01-13 16:15:00,16,1,0,16
367,solo_estadistico,2026-02-06 02:05:00,2026-02-06 02:20:00,16,1,0,14
367,solo_estadistico,2026-02-20 22:36:00,2026-02-20 22:51:00,16,"1,1511",0,16
367,solo_estadistico,2026-03-02 05:19:00,2026-03-02 05:34:00,16,1,0,15
367,solo_estadistico,2026-04-01 23:40:00,2026-04-01 23:55:00,16,1,0,13
367,solo_estadistico,2026-04-28 15:29:00,2026-04-28 15:44:00,16,1,2,12
367,solo_estadistico,2025-12-09 16:17:00,2025-12-09 16:31:00,15,1,0,15
367,solo_estadistico,2026-01-01 13:17:00,2026-01-01 13:31:00,15,1,0,5
367,solo_estadistico,2026-02-23 16:00:00,2026-02-23 16:14:00,15,1,0,15
367,solo_estadistico,2025-12-04 22:36:00,2025-12-04 22:49:00,14,1,0,14
367,solo_estadistico,2025-12-18 16:00:00,2025-12-18 16:13:00,14,1,0,14
367,solo_estadistico,2026-01-05 21:39:00,2026-01-05 21:52:00,14,1,0,4
367,solo_estadistico,2026-01-09 13:22:00,2026-01-09 13:35:00,14,1,0,11
367,solo_estadistico,2026-01-17 14:14:00,2026-01-17 14:27:00,14,1,0,7
367,solo_estadistico,2026-01-17 14:45:00,2026-01-17 14:58:00,14,1,0,5
367,solo_estadistico,2026-01-26 23:39:00,2026-01-26 23:52:00,14,1,0,9
367,solo_estadistico,2026-03-04 12:46:00,2026-03-04 12:59:00,14,1,0,12
367,solo_estadistico,2026-03-08 12:12:00,2026-03-08 12:25:00,14,1,0,12
367,solo_estadistico,2026-03-12 19:24:00,2026-03-12 19:37:00,14,1,0,14
367,solo_estadistico,2026-04-01 22:46:00,2026-04-01 22:59:00,14,1,0,6
367,solo_estadistico,2026-04-28 14:06:00,2026-04-28 14:19:00,14,1,0,14
367,solo_estadistico,2025-12-01 00:00:00,2025-12-01 00:12:00,13,1,0,13
367,solo_estadistico,2025-12-01 12:48:00,2025-12-01 13:00:00,13,1,0,13
367,solo_estadistico,2025-12-04 21:52:00,2025-12-04 22:04:00,13,1,0,11
367,solo_estadistico,2026-02-17 21:41:00,2026-02-17 21:53:00,13,1,0,13
367,solo_estadistico,2025-12-14 02:04:00,2025-12-14 02:15:00,12,1,0,12
367,solo_estadistico,2026-01-07 23:09:00,2026-01-07 23:20:00,12,1,0,12
367,solo_estadistico,2026-01-17 16:40:00,2026-01-17 16:51:00,12,1,0,6
367,solo_estadistico,2026-02-10 16:18:00,2026-02-10 16:29:00,12,1,0,12
367,solo_estadistico,2026-02-12 06:18:00,2026-02-12 06:29:00,12,1,0,12
367,solo_estadistico,2026-02-19 11:48:00,2026-02-19 11:59:00,12,1,0,12
367,solo_estadistico,2026-03-19 09:55:00,2026-03-19 10:06:00,12,"1,1511",1,3
367,solo_estadistico,2026-03-19 12:42:00,2026-03-19 12:53:00,12,1,0,3
367,solo_estadistico,2026-04-03 15:48:00,2026-04-03 15:59:00,12,1,0,4
367,solo_estadistico,2026-04-22 16:00:00,2026-04-22 16:11:00,12,1,0,12
367,solo_estadistico,2026-04-29 18:13:00,2026-04-29 18:24:00,12,1,0,8
367,solo_estadistico,2025-12-19 23:47:00,2025-12-19 23:57:00,11,1,0,9
367,solo_estadistico,2025-12-20 03:03:00,2025-12-20 03:13:00,11,1,0,6
367,solo_estadistico,2026-01-23 23:30:00,2026-01-23 23:40:00,11,1,0,11
367,solo_estadistico,2026-02-26 13:42:00,2026-02-26 13:52:00,11,1,0,2
367,solo_estadistico,2026-03-09 16:00:00,2026-03-09 16:10:00,11,1,0,7
367,solo_estadistico,2026-03-30 09:55:00,2026-03-30 10:05:00,11,1,0,5
367,solo_estadistico,2026-04-10 02:00:00,2026-04-10 02:10:00,11,1,0,11
367,solo_estadistico,2026-04-10 15:07:00,2026-04-10 15:17:00,11,1,0,3
367,solo_estadistico,2025-12-12 03:56:00,2025-12-12 04:05:00,10,1,0,9
367,solo_estadistico,2025-12-13 12:59:00,2025-12-13 13:08:00,10,1,0,4
367,solo_estadistico,2026-01-01 00:35:00,2026-01-01 00:44:00,10,1,0,10
367,solo_estadistico,2026-01-10 16:26:00,2026-01-10 16:35:00,10,1,0,10
367,solo_estadistico,2026-01-17 12:37:00,2026-01-17 12:46:00,10,1,0,3
367,solo_estadistico,2026-01-30 11:50:00,2026-01-30 11:59:00,10,1,0,10
367,solo_estadistico,2026-04-10 05:31:00,2026-04-10 05:40:00,10,1,0,8
367,solo_estadistico,2026-04-16 05:33:00,2026-04-16 05:42:00,10,1,0,8
367,solo_estadistico,2025-12-30 16:07:00,2025-12-30 16:15:00,9,1,0,2
367,solo_estadistico,2026-01-04 17:17:00,2026-01-04 17:25:00,9,1,0,9
367,solo_estadistico,2026-01-24 22:51:00,2026-01-24 22:59:00,9,1,0,9
367,solo_estadistico,2026-01-24 23:53:00,2026-01-25 00:01:00,9,1,0,9
367,solo_estadistico,2026-01-27 15:48:00,2026-01-27 15:56:00,9,1,0,9
367,solo_estadistico,2026-02-04 19:20:00,2026-02-04 19:28:00,9,1,0,7
367,solo_estadistico,2026-02-18 06:59:00,2026-02-18 07:07:00,9,1,0,9
367,solo_estadistico,2026-02-18 10:28:00,2026-02-18 10:36:00,9,1,0,9
367,solo_estadistico,2026-04-01 17:24:00,2026-04-01 17:32:00,9,1,0,5
367,solo_estadistico,2026-04-04 20:06:00,2026-04-04 20:14:00,9,1,0,9
367,solo_estadistico,2025-12-07 16:03:00,2025-12-07 16:10:00,8,1,0,8
367,solo_estadistico,2025-12-31 08:34:00,2025-12-31 08:41:00,8,1,0,8
367,solo_estadistico,2025-12-31 11:16:00,2025-12-31 11:23:00,8,1,0,8
367,solo_estadistico,2026-01-05 19:11:00,2026-01-05 19:18:00,8,1,0,8
367,solo_estadistico,2026-01-15 03:52:00,2026-01-15 03:59:00,8,1,0,8
367,solo_estadistico,2026-01-28 20:06:00,2026-01-28 20:13:00,8,1,0,8
367,solo_estadistico,2026-02-14 19:06:00,2026-02-14 19:13:00,8,1,0,8
367,solo_estadistico,2026-02-15 17:29:00,2026-02-15 17:36:00,8,1,0,8
367,solo_estadistico,2026-02-16 15:07:00,2026-02-16 15:14:00,8,1,0,5
367,solo_estadistico,2026-03-01 22:12:00,2026-03-01 22:19:00,8,1,0,8
367,solo_estadistico,2026-03-09 14:47:00,2026-03-09 14:54:00,8,1,0,5
367,solo_estadistico,2026-03-09 16:22:00,2026-03-09 16:29:00,8,1,0,8
367,solo_estadistico,2026-04-01 14:05:00,2026-04-01 14:12:00,8,1,0,2
367,solo_estadistico,2026-04-25 10:54:00,2026-04-25 11:01:00,8,1,0,7
367,solo_estadistico,2025-12-15 13:11:00,2025-12-15 13:17:00,7,1,0,7
367,solo_estadistico,2025-12-15 13:30:00,2025-12-15 13:36:00,7,1,1,5
367,solo_estadistico,2025-12-30 12:25:00,2025-12-30 12:31:00,7,1,0,5
367,solo_estadistico,2025-12-30 18:45:00,2025-12-30 18:51:00,7,1,0,2
367,solo_estadistico,2026-01-08 11:28:00,2026-01-08 11:34:00,7,1,0,7
367,solo_estadistico,2026-01-12 09:28:00,2026-01-12 09:34:00,7,1,0,7
367,solo_estadistico,2026-01-20 11:32:00,2026-01-20 11:38:00,7,1,1,5
367,solo_estadistico,2026-01-30 10:42:00,2026-01-30 10:48:00,7,1,0,7
367,solo_estadistico,2026-02-20 21:11:00,2026-02-20 21:17:00,7,1,0,4
367,solo_estadistico,2026-03-01 02:19:00,2026-03-01 02:25:00,7,1,0,5
367,solo_estadistico,2026-03-07 14:14:00,2026-03-07 14:20:00,7,1,0,4
367,solo_estadistico,2026-04-12 03:43:00,2026-04-12 03:49:00,7,1,0,7
367,solo_estadistico,2026-04-29 19:21:00,2026-04-29 19:27:00,7,1,0,7
367,solo_estadistico,2025-12-11 11:54:00,2025-12-11 11:59:00,6,1,0,5
367,solo_estadistico,2025-12-13 12:39:00,2025-12-13 12:44:00,6,1,0,6
367,solo_estadistico,2025-12-19 10:52:00,2025-12-19 10:57:00,6,1,0,4
367,solo_estadistico,2026-01-01 05:51:00,2026-01-01 05:56:00,6,1,0,6
367,solo_estadistico,2026-01-01 19:07:00,2026-01-01 19:12:00,6,1,0,5
367,solo_estadistico,2026-01-04 11:48:00,2026-01-04 11:53:00,6,1,0,6
367,solo_estadistico,2026-01-06 17:38:00,2026-01-06 17:43:00,6,1,0,6
367,solo_estadistico,2026-01-11 14:11:00,2026-01-11 14:16:00,6,1,0,6
367,solo_estadistico,2026-01-17 20:41:00,2026-01-17 20:46:00,6,1,0,3
367,solo_estadistico,2026-01-22 12:25:00,2026-01-22 12:30:00,6,1,0,5
367,solo_estadistico,2026-01-27 01:48:00,2026-01-27 01:53:00,6,1,0,2
367,solo_estadistico,2026-02-09 13:34:00,2026-02-09 13:39:00,6,1,0,2
367,solo_estadistico,2026-02-22 14:54:00,2026-02-22 14:59:00,6,1,0,6
367,solo_estadistico,2026-02-24 21:54:00,2026-02-24 21:59:00,6,1,0,6
367,solo_estadistico,2026-03-01 00:01:00,2026-03-01 00:06:00,6,1,0,6
367,solo_estadistico,2026-03-05 15:00:00,2026-03-05 15:05:00,6,1,0,6
367,solo_estadistico,2026-03-07 19:42:00,2026-03-07 19:47:00,6,1,0,3
367,solo_estadistico,2026-03-25 03:35:00,2026-03-25 03:40:00,6,1,0,6
367,solo_estadistico,2026-04-01 11:35:00,2026-04-01 11:40:00,6,1,0,4
367,solo_estadistico,2026-04-09 10:54:00,2026-04-09 10:59:00,6,1,0,6
367,solo_estadistico,2026-04-11 01:25:00,2026-04-11 01:30:00,6,1,0,6
367,solo_estadistico,2026-04-24 15:54:00,2026-04-24 15:59:00,6,1,0,2
367,solo_estadistico,2025-12-05 09:46:00,2025-12-05 09:50:00,5,1,0,5
367,solo_estadistico,2025-12-10 16:21:00,2025-12-10 16:25:00,5,1,0,5
367,solo_estadistico,2025-12-12 04:26:00,2025-12-12 04:30:00,5,1,0,5
367,solo_estadistico,2025-12-16 13:21:00,2025-12-16 13:25:00,5,1,0,5
367,solo_estadistico,2025-12-18 12:04:00,2025-12-18 12:08:00,5,1,0,2
367,solo_estadistico,2025-12-20 15:34:00,2025-12-20 15:38:00,5,1,0,2
367,solo_estadistico,2025-12-30 13:47:00,2025-12-30 13:51:00,5,1,0,3
367,solo_estadistico,2025-12-30 15:25:00,2025-12-30 15:29:00,5,1,0,2
367,solo_estadistico,2025-12-31 01:46:00,2025-12-31 01:50:00,5,1,0,5
367,solo_estadistico,2026-01-05 16:35:00,2026-01-05 16:39:00,5,1,0,5
367,solo_estadistico,2026-01-09 11:17:00,2026-01-09 11:21:00,5,1,0,5
367,solo_estadistico,2026-01-12 15:54:00,2026-01-12 15:58:00,5,1,0,5
367,solo_estadistico,2026-01-17 16:05:00,2026-01-17 16:09:00,5,1,0,2
367,solo_estadistico,2026-01-18 19:16:00,2026-01-18 19:20:00,5,1,0,4
367,solo_estadistico,2026-01-25 07:01:00,2026-01-25 07:05:00,5,1,0,5
367,solo_estadistico,2026-01-26 22:08:00,2026-01-26 22:12:00,5,1,0,2
367,solo_estadistico,2026-02-05 14:38:00,2026-02-05 14:42:00,5,1,0,3
367,solo_estadistico,2026-02-16 16:08:00,2026-02-16 16:12:00,5,1,0,5
367,solo_estadistico,2026-02-24 16:19:00,2026-02-24 16:23:00,5,1,0,5
367,solo_estadistico,2026-03-08 13:06:00,2026-03-08 13:10:00,5,1,0,2
367,solo_estadistico,2026-03-15 07:06:00,2026-03-15 07:10:00,5,1,0,5
367,solo_estadistico,2026-03-27 19:13:00,2026-03-27 19:17:00,5,1,0,3
367,solo_estadistico,2026-03-31 11:58:00,2026-03-31 12:02:00,5,1,0,3
367,solo_estadistico,2026-04-14 11:49:00,2026-04-14 11:53:00,5,1,0,4
367,solo_estadistico,2026-04-15 13:00:00,2026-04-15 13:04:00,5,1,0,2
367,solo_estadistico,2026-04-26 00:21:00,2026-04-26 00:25:00,5,1,0,5
367,solo_estadistico,2025-12-01 02:40:00,2025-12-01 02:43:00,4,1,0,4
367,solo_estadistico,2025-12-25 04:32:00,2025-12-25 04:35:00,4,1,0,4
367,solo_estadistico,2025-12-31 09:04:00,2025-12-31 09:07:00,4,1,0,4
367,solo_estadistico,2026-01-28 17:00:00,2026-01-28 17:03:00,4,1,0,3
367,solo_estadistico,2026-01-29 16:02:00,2026-01-29 16:05:00,4,1,0,4
367,solo_estadistico,2026-01-30 16:00:00,2026-01-30 16:03:00,4,1,0,2
367,solo_estadistico,2026-02-03 16:27:00,2026-02-03 16:30:00,4,1,0,4
367,solo_estadistico,2026-02-11 02:18:00,2026-02-11 02:21:00,4,1,0,4
367,solo_estadistico,2026-02-23 13:30:00,2026-02-23 13:33:00,4,1,0,4
367,solo_estadistico,2026-02-24 11:56:00,2026-02-24 11:59:00,4,1,0,2
367,solo_estadistico,2026-03-01 05:11:00,2026-03-01 05:14:00,4,1,0,4
367,solo_estadistico,2026-03-07 22:25:00,2026-03-07 22:28:00,4,1,0,4
367,solo_estadistico,2026-03-21 13:46:00,2026-03-21 13:49:00,4,1,0,2
367,solo_estadistico,2026-04-03 17:46:00,2026-04-03 17:49:00,4,1,0,4
367,solo_estadistico,2026-04-09 00:59:00,2026-04-09 01:02:00,4,1,0,2
367,solo_estadistico,2026-04-10 18:47:00,2026-04-10 18:50:00,4,1,0,3
367,solo_estadistico,2026-04-11 15:40:00,2026-04-11 15:43:00,4,1,0,2
367,solo_estadistico,2026-04-13 14:23:00,2026-04-13 14:26:00,4,1,0,4
367,solo_estadistico,2026-04-22 13:53:00,2026-04-22 13:56:00,4,1,0,2
367,solo_estadistico,2026-04-22 18:01:00,2026-04-22 18:04:00,4,1,0,3
367,solo_estadistico,2025-12-08 14:45:00,2025-12-08 14:47:00,3,1,0,3
367,solo_estadistico,2025-12-17 10:04:00,2025-12-17 10:06:00,3,1,0,3
367,solo_estadistico,2025-12-22 05:46:00,2025-12-22 05:48:00,3,1,0,3
367,solo_estadistico,2025-12-31 04:09:00,2025-12-31 04:11:00,3,1,0,3
367,solo_estadistico,2026-01-05 18:29:00,2026-01-05 18:31:00,3,1,0,3
367,solo_estadistico,2026-01-08 11:48:00,2026-01-08 11:50:00,3,1,0,3
367,solo_estadistico,2026-01-12 20:50:00,2026-01-12 20:52:00,3,1,0,3
367,solo_estadistico,2026-01-17 12:58:00,2026-01-17 13:00:00,3,1,0,2
367,solo_estadistico,2026-01-25 06:38:00,2026-01-25 06:40:00,3,1,0,2
367,solo_estadistico,2026-01-26 00:55:00,2026-01-26 00:57:00,3,1,0,3
367,solo_estadistico,2026-01-30 12:48:00,2026-01-30 12:50:00,3,1,0,3
367,solo_estadistico,2026-02-13 04:50:00,2026-02-13 04:52:00,3,1,0,3
367,solo_estadistico,2026-02-19 19:48:00,2026-02-19 19:50:00,3,1,0,3
367,solo_estadistico,2026-02-22 20:30:00,2026-02-22 20:32:00,3,1,0,3
367,solo_estadistico,2026-02-28 03:09:00,2026-02-28 03:11:00,3,1,0,3
367,solo_estadistico,2026-03-05 18:34:00,2026-03-05 18:36:00,3,1,0,3
367,solo_estadistico,2026-03-08 12:45:00,2026-03-08 12:47:00,3,1,0,3
367,solo_estadistico,2026-03-11 12:45:00,2026-03-11 12:47:00,3,1,0,2
367,solo_estadistico,2026-03-31 20:43:00,2026-03-31 20:45:00,3,1,0,3
367,solo_estadistico,2026-04-12 12:01:00,2026-04-12 12:03:00,3,1,0,3
367,solo_estadistico,2026-04-19 15:36:00,2026-04-19 15:38:00,3,1,0,3
367,solo_estadistico,2026-04-26 17:17:00,2026-04-26 17:19:00,3,1,0,3
367,solo_estadistico,2026-04-27 20:48:00,2026-04-27 20:50:00,3,1,0,3
367,solo_estadistico,2026-04-29 18:52:00,2026-04-29 18:54:00,3,1,0,3
367,solo_estadistico,2026-04-30 12:59:00,2026-04-30 13:01:00,3,1,0,3
367,solo_estadistico,2025-12-04 06:44:00,2025-12-04 06:45:00,2,1,0,2
367,solo_estadistico,2025-12-09 09:12:00,2025-12-09 09:13:00,2,1,0,2
367,solo_estadistico,2025-12-10 04:09:00,2025-12-10 04:10:00,2,1,0,2
367,solo_estadistico,2025-12-13 21:14:00,2025-12-13 21:15:00,2,1,0,2
367,solo_estadistico,2025-12-19 16:32:00,2025-12-19 16:33:00,2,1,0,2
367,solo_estadistico,2025-12-20 13:46:00,2025-12-20 13:47:00,2,1,0,2
367,solo_estadistico,2025-12-20 20:15:00,2025-12-20 20:16:00,2,1,0,2
367,solo_estadistico,2025-12-25 01:17:00,2025-12-25 01:18:00,2,1,0,2
367,solo_estadistico,2025-12-25 12:09:00,2025-12-25 12:10:00,2,1,0,2
367,solo_estadistico,2026-01-02 12:56:00,2026-01-02 12:57:00,2,1,0,2
367,solo_estadistico,2026-01-07 14:31:00,2026-01-07 14:32:00,2,1,0,2
367,solo_estadistico,2026-01-16 10:50:00,2026-01-16 10:51:00,2,1,0,2
367,solo_estadistico,2026-01-20 21:24:00,2026-01-20 21:25:00,2,1,0,2
367,solo_estadistico,2026-02-06 01:05:00,2026-02-06 01:06:00,2,1,0,2
367,solo_estadistico,2026-02-11 21:22:00,2026-02-11 21:23:00,2,1,0,2
367,solo_estadistico,2026-02-12 19:17:00,2026-02-12 19:18:00,2,1,0,2
367,solo_estadistico,2026-02-14 17:51:00,2026-02-14 17:52:00,2,1,0,2
367,solo_estadistico,2026-02-18 18:11:00,2026-02-18 18:12:00,2,1,0,2
367,solo_estadistico,2026-02-28 02:07:00,2026-02-28 02:08:00,2,1,0,2
367,solo_estadistico,2026-03-01 11:11:00,2026-03-01 11:12:00,2,1,0,2
367,solo_estadistico,2026-03-01 19:43:00,2026-03-01 19:44:00,2,1,0,2
367,solo_estadistico,2026-03-01 22:54:00,2026-03-01 22:55:00,2,1,0,2
367,solo_estadistico,2026-03-03 18:00:00,2026-03-03 18:01:00,2,1,0,2
367,solo_estadistico,2026-03-04 19:21:00,2026-03-04 19:22:00,2,1,0,2
367,solo_estadistico,2026-03-07 14:33:00,2026-03-07 14:34:00,2,1,0,2
367,solo_estadistico,2026-03-07 16:03:00,2026-03-07 16:04:00,2,1,0,2
367,solo_estadistico,2026-03-11 16:04:00,2026-03-11 16:05:00,2,1,0,2
367,solo_estadistico,2026-03-18 12:32:00,2026-03-18 12:33:00,2,1,0,2
367,solo_estadistico,2026-03-23 19:56:00,2026-03-23 19:57:00,2,1,0,2
367,solo_estadistico,2026-03-26 20:58:00,2026-03-26 20:59:00,2,1,0,2
367,solo_estadistico,2026-03-30 00:12:00,2026-03-30 00:13:00,2,1,0,2
367,solo_estadistico,2026-03-30 11:00:00,2026-03-30 11:01:00,2,1,0,2
367,solo_estadistico,2026-04-02 14:18:00,2026-04-02 14:19:00,2,1,0,2
367,solo_estadistico,2026-04-02 14:32:00,2026-04-02 14:33:00,2,1,0,2
367,solo_estadistico,2026-04-04 19:45:00,2026-04-04 19:46:00,2,1,0,2
367,solo_estadistico,2026-04-06 18:32:00,2026-04-06 18:33:00,2,1,0,2
367,solo_estadistico,2026-04-08 06:11:00,2026-04-08 06:12:00,2,1,0,2
367,solo_estadistico,2026-04-10 13:31:00,2026-04-10 13:32:00,2,1,0,2
367,solo_estadistico,2026-04-11 14:30:00,2026-04-11 14:31:00,2,1,0,2
367,solo_estadistico,2026-04-11 15:05:00,2026-04-11 15:06:00,2,1,0,2
367,solo_estadistico,2026-04-21 17:12:00,2026-04-21 17:13:00,2,1,0,2
367,solo_estadistico,2026-04-23 13:20:00,2026-04-23 13:21:00,2,1,0,2
367,solo_estadistico,2026-04-25 17:43:00,2026-04-25 17:44:00,2,1,0,2
367,solo_estadistico,2025-12-01 12:16:00,2025-12-01 12:16:00,1,1,0,1
367,solo_estadistico,2025-12-03 11:58:00,2025-12-03 11:58:00,1,1,0,1
367,solo_estadistico,2025-12-04 15:56:00,2025-12-04 15:56:00,1,1,0,1
367,solo_estadistico,2025-12-04 22:18:00,2025-12-04 22:18:00,1,1,0,1
367,solo_estadistico,2025-12-06 10:58:00,2025-12-06 10:58:00,1,1,0,1
367,solo_estadistico,2025-12-06 11:16:00,2025-12-06 11:16:00,1,1,0,1
367,solo_estadistico,2025-12-08 17:04:00,2025-12-08 17:04:00,1,1,0,1
367,solo_estadistico,2025-12-08 18:49:00,2025-12-08 18:49:00,1,1,0,1
367,solo_estadistico,2025-12-10 15:54:00,2025-12-10 15:54:00,1,1,0,1
367,solo_estadistico,2025-12-10 20:23:00,2025-12-10 20:23:00,1,1,0,1
367,solo_estadistico,2025-12-11 19:44:00,2025-12-11 19:44:00,1,1,0,1
367,solo_estadistico,2025-12-13 14:28:00,2025-12-13 14:28:00,1,1,0,1
367,solo_estadistico,2025-12-19 21:11:00,2025-12-19 21:11:00,1,1,0,1
367,solo_estadistico,2025-12-23 17:50:00,2025-12-23 17:50:00,1,1,0,1
367,solo_estadistico,2025-12-23 18:08:00,2025-12-23 18:08:00,1,1,0,1
367,solo_estadistico,2025-12-24 12:12:00,2025-12-24 12:12:00,1,1,0,1
367,solo_estadistico,2025-12-24 17:21:00,2025-12-24 17:21:00,1,1,0,1
367,solo_estadistico,2025-12-25 02:26:00,2025-12-25 02:26:00,1,1,0,1
367,solo_estadistico,2025-12-25 09:33:00,2025-12-25 09:33:00,1,1,0,1
367,solo_estadistico,2025-12-27 18:26:00,2025-12-27 18:26:00,1,1,0,1
367,solo_estadistico,2025-12-27 18:59:00,2025-12-27 18:59:00,1,1,0,1
367,solo_estadistico,2025-12-27 19:19:00,2025-12-27 19:19:00,1,1,0,1
367,solo_estadistico,2025-12-28 12:05:00,2025-12-28 12:05:00,1,1,0,1
367,solo_estadistico,2025-12-28 18:30:00,2025-12-28 18:30:00,1,1,0,1
367,solo_estadistico,2025-12-29 11:52:00,2025-12-29 11:52:00,1,1,0,1
367,solo_estadistico,2025-12-29 13:13:00,2025-12-29 13:13:00,1,1,0,1
367,solo_estadistico,2025-12-29 13:57:00,2025-12-29 13:57:00,1,1,0,1
367,solo_estadistico,2025-12-29 14:43:00,2025-12-29 14:43:00,1,1,0,1
367,solo_estadistico,2025-12-29 15:41:00,2025-12-29 15:41:00,1,1,0,1
367,solo_estadistico,2025-12-29 16:10:00,2025-12-29 16:10:00,1,1,0,1
367,solo_estadistico,2025-12-29 16:42:00,2025-12-29 16:42:00,1,1,0,1
367,solo_estadistico,2025-12-30 13:03:00,2025-12-30 13:03:00,1,1,0,1
367,solo_estadistico,2025-12-30 13:16:00,2025-12-30 13:16:00,1,1,0,1
367,solo_estadistico,2025-12-31 19:04:00,2025-12-31 19:04:00,1,1,0,1
367,solo_estadistico,2025-12-31 20:26:00,2025-12-31 20:26:00,1,1,0,1
367,solo_estadistico,2026-01-01 09:55:00,2026-01-01 09:55:00,1,1,0,1
367,solo_estadistico,2026-01-01 12:14:00,2026-01-01 12:14:00,1,1,0,1
367,solo_estadistico,2026-01-01 12:38:00,2026-01-01 12:38:00,1,1,0,1
367,solo_estadistico,2026-01-01 12:56:00,2026-01-01 12:56:00,1,1,0,1
367,solo_estadistico,2026-01-01 13:45:00,2026-01-01 13:45:00,1,1,0,1
367,solo_estadistico,2026-01-02 13:22:00,2026-01-02 13:22:00,1,1,0,1
367,solo_estadistico,2026-01-03 08:30:00,2026-01-03 08:30:00,1,1,0,1
367,solo_estadistico,2026-01-05 11:47:00,2026-01-05 11:47:00,1,1,0,1
367,solo_estadistico,2026-01-05 12:22:00,2026-01-05 12:22:00,1,1,0,1
367,solo_estadistico,2026-01-14 11:29:00,2026-01-14 11:29:00,1,1,0,1
367,solo_estadistico,2026-01-15 18:58:00,2026-01-15 18:58:00,1,1,0,1
367,solo_estadistico,2026-01-17 15:15:00,2026-01-17 15:15:00,1,1,0,1
367,solo_estadistico,2026-01-17 16:28:00,2026-01-17 16:28:00,1,1,0,1
367,solo_estadistico,2026-01-17 19:37:00,2026-01-17 19:37:00,1,1,0,1
367,solo_estadistico,2026-01-18 16:27:00,2026-01-18 16:27:00,1,1,0,1
367,solo_estadistico,2026-01-18 18:54:00,2026-01-18 18:54:00,1,1,0,1
367,solo_estadistico,2026-01-19 15:31:00,2026-01-19 15:31:00,1,1,0,1
367,solo_estadistico,2026-01-21 18:31:00,2026-01-21 18:31:00,1,1,0,1
367,solo_estadistico,2026-01-23 19:28:00,2026-01-23 19:28:00,1,1,0,1
367,solo_estadistico,2026-01-24 09:02:00,2026-01-24 09:02:00,1,1,0,1
367,solo_estadistico,2026-01-24 15:46:00,2026-01-24 15:46:00,1,1,0,1
367,solo_estadistico,2026-01-24 21:39:00,2026-01-24 21:39:00,1,1,0,1
367,solo_estadistico,2026-01-25 18:08:00,2026-01-25 18:08:00,1,1,0,1
367,solo_estadistico,2026-01-25 21:20:00,2026-01-25 21:20:00,1,1,0,1
367,solo_estadistico,2026-01-26 14:51:00,2026-01-26 14:51:00,1,1,0,1
367,solo_estadistico,2026-01-29 21:26:00,2026-01-29 21:26:00,1,1,0,1
367,solo_estadistico,2026-02-04 14:35:00,2026-02-04 14:35:00,1,1,0,1
367,solo_estadistico,2026-02-04 18:05:00,2026-02-04 18:05:00,1,1,0,1
367,solo_estadistico,2026-02-04 19:47:00,2026-02-04 19:47:00,1,1,0,1
367,solo_estadistico,2026-02-05 23:56:00,2026-02-05 23:56:00,1,1,0,1
367,solo_estadistico,2026-02-06 17:00:00,2026-02-06 17:00:00,1,1,0,1
367,solo_estadistico,2026-02-07 13:28:00,2026-02-07 13:28:00,1,1,0,1
367,solo_estadistico,2026-02-09 14:37:00,2026-02-09 14:37:00,1,1,0,1
367,solo_estadistico,2026-02-11 11:27:00,2026-02-11 11:27:00,1,1,0,1
367,solo_estadistico,2026-02-13 13:41:00,2026-02-13 13:41:00,1,1,0,1
367,solo_estadistico,2026-02-16 18:09:00,2026-02-16 18:09:00,1,1,0,1
367,solo_estadistico,2026-02-17 15:25:00,2026-02-17 15:25:00,1,1,0,1
367,solo_estadistico,2026-02-19 17:23:00,2026-02-19 17:23:00,1,1,0,1
367,solo_estadistico,2026-02-20 13:48:00,2026-02-20 13:48:00,1,1,0,1
367,solo_estadistico,2026-02-20 17:51:00,2026-02-20 17:51:00,1,1,0,1
367,solo_estadistico,2026-02-21 20:00:00,2026-02-21 20:00:00,1,1,0,1
367,solo_estadistico,2026-02-22 18:38:00,2026-02-22 18:38:00,1,1,0,1
367,solo_estadistico,2026-02-26 15:55:00,2026-02-26 15:55:00,1,1,0,1
367,solo_estadistico,2026-02-27 14:33:00,2026-02-27 14:33:00,1,1,0,1
367,solo_estadistico,2026-02-27 15:25:00,2026-02-27 15:25:00,1,1,0,1
367,solo_estadistico,2026-02-28 02:30:00,2026-02-28 02:30:00,1,1,0,1
367,solo_estadistico,2026-03-02 02:29:00,2026-03-02 02:29:00,1,1,0,1
367,solo_estadistico,2026-03-02 03:56:00,2026-03-02 03:56:00,1,1,0,1
367,solo_estadistico,2026-03-02 10:51:00,2026-03-02 10:51:00,1,1,0,1
367,solo_estadistico,2026-03-02 13:08:00,2026-03-02 13:08:00,1,1,0,1
367,solo_estadistico,2026-03-05 15:25:00,2026-03-05 15:25:00,1,1,0,1
367,solo_estadistico,2026-03-07 12:40:00,2026-03-07 12:40:00,1,1,0,1
367,solo_estadistico,2026-03-07 18:01:00,2026-03-07 18:01:00,1,1,0,1
367,solo_estadistico,2026-03-08 11:48:00,2026-03-08 11:48:00,1,1,0,1
367,solo_estadistico,2026-03-09 10:48:00,2026-03-09 10:48:00,1,1,0,1
367,solo_estadistico,2026-03-09 12:04:00,2026-03-09 12:04:00,1,1,0,1
367,solo_estadistico,2026-03-11 03:55:00,2026-03-11 03:55:00,1,1,0,1
367,solo_estadistico,2026-03-11 15:15:00,2026-03-11 15:15:00,1,1,0,1
367,solo_estadistico,2026-03-12 16:02:00,2026-03-12 16:02:00,1,1,0,1
367,solo_estadistico,2026-03-12 17:18:00,2026-03-12 17:18:00,1,1,0,1
367,solo_estadistico,2026-03-12 22:35:00,2026-03-12 22:35:00,1,1,0,1
367,solo_estadistico,2026-03-13 19:23:00,2026-03-13 19:23:00,1,1,0,1
367,solo_estadistico,2026-03-15 19:02:00,2026-03-15 19:02:00,1,1,0,1
367,solo_estadistico,2026-03-16 18:18:00,2026-03-16 18:18:00,1,1,0,1
367,solo_estadistico,2026-03-16 19:04:00,2026-03-16 19:04:00,1,1,0,1
367,solo_estadistico,2026-03-16 19:20:00,2026-03-16 19:20:00,1,1,0,1
367,solo_estadistico,2026-03-17 12:26:00,2026-03-17 12:26:00,1,1,0,1
367,solo_estadistico,2026-03-19 10:42:00,2026-03-19 10:42:00,1,1,0,1
367,solo_estadistico,2026-03-19 12:17:00,2026-03-19 12:17:00,1,1,0,1
367,solo_estadistico,2026-03-19 19:06:00,2026-03-19 19:06:00,1,1,0,1
367,solo_estadistico,2026-03-20 12:16:00,2026-03-20 12:16:00,1,1,0,1
367,solo_estadistico,2026-03-20 12:44:00,2026-03-20 12:44:00,1,1,0,1
367,solo_estadistico,2026-03-20 18:35:00,2026-03-20 18:35:00,1,1,0,1
367,solo_estadistico,2026-03-20 20:28:00,2026-03-20 20:28:00,1,1,0,1
367,solo_estadistico,2026-03-22 13:22:00,2026-03-22 13:22:00,1,1,0,1
367,solo_estadistico,2026-03-22 18:34:00,2026-03-22 18:34:00,1,1,0,1
367,solo_estadistico,2026-03-22 18:53:00,2026-03-22 18:53:00,1,1,0,1
367,solo_estadistico,2026-03-26 18:49:00,2026-03-26 18:49:00,1,1,0,1
367,solo_estadistico,2026-03-27 10:58:00,2026-03-27 10:58:00,1,1,0,1
367,solo_estadistico,2026-03-28 13:40:00,2026-03-28 13:40:00,1,1,0,1
367,solo_estadistico,2026-03-31 21:43:00,2026-03-31 21:43:00,1,1,0,1
367,solo_estadistico,2026-04-01 10:40:00,2026-04-01 10:40:00,1,1,0,1
367,solo_estadistico,2026-04-01 13:05:00,2026-04-01 13:05:00,1,1,0,1
367,solo_estadistico,2026-04-04 18:10:00,2026-04-04 18:10:00,1,1,0,1
367,solo_estadistico,2026-04-04 20:53:00,2026-04-04 20:53:00,1,1,0,1
367,solo_estadistico,2026-04-07 14:41:00,2026-04-07 14:41:00,1,1,0,1
367,solo_estadistico,2026-04-08 06:34:00,2026-04-08 06:34:00,1,1,0,1
367,solo_estadistico,2026-04-09 12:54:00,2026-04-09 12:54:00,1,1,0,1
367,solo_estadistico,2026-04-09 14:00:00,2026-04-09 14:00:00,1,1,0,1
367,solo_estadistico,2026-04-09 14:20:00,2026-04-09 14:20:00,1,1,0,1
367,solo_estadistico,2026-04-09 20:47:00,2026-04-09 20:47:00,1,1,0,1
367,solo_estadistico,2026-04-10 03:54:00,2026-04-10 03:54:00,1,1,0,1
367,solo_estadistico,2026-04-10 13:54:00,2026-04-10 13:54:00,1,1,0,1
367,solo_estadistico,2026-04-10 15:56:00,2026-04-10 15:56:00,1,1,0,1
367,solo_estadistico,2026-04-10 16:15:00,2026-04-10 16:15:00,1,1,0,1
367,solo_estadistico,2026-04-11 13:07:00,2026-04-11 13:07:00,1,1,0,1
367,solo_estadistico,2026-04-11 13:59:00,2026-04-11 13:59:00,1,1,0,1
367,solo_estadistico,2026-04-12 03:25:00,2026-04-12 03:25:00,1,1,0,1
367,solo_estadistico,2026-04-12 09:51:00,2026-04-12 09:51:00,1,1,0,1
367,solo_estadistico,2026-04-12 13:37:00,2026-04-12 13:37:00,1,1,0,1
367,solo_estadistico,2026-04-13 00:54:00,2026-04-13 00:54:00,1,1,0,1
367,solo_estadistico,2026-04-14 11:09:00,2026-04-14 11:09:00,1,1,0,1
367,solo_estadistico,2026-04-16 05:19:00,2026-04-16 05:19:00,1,1,0,1
367,solo_estadistico,2026-04-16 06:08:00,2026-04-16 06:08:00,1,1,0,1
367,solo_estadistico,2026-04-18 13:50:00,2026-04-18 13:50:00,1,1,0,1
367,solo_estadistico,2026-04-19 15:54:00,2026-04-19 15:54:00,1,1,0,1
367,solo_estadistico,2026-04-20 10:46:00,2026-04-20 10:46:00,1,1,0,1
367,solo_estadistico,2026-04-20 13:39:00,2026-04-20 13:39:00,1,1,0,1
367,solo_estadistico,2026-04-22 12:17:00,2026-04-22 12:17:00,1,1,0,1
367,solo_estadistico,2026-04-22 12:41:00,2026-04-22 12:41:00,1,1,0,1
367,solo_estadistico,2026-04-22 13:38:00,2026-04-22 13:38:00,1,1,0,1
367,solo_estadistico,2026-04-23 13:55:00,2026-04-23 13:55:00,1,1,0,1
367,solo_estadistico,2026-04-23 14:10:00,2026-04-23 14:10:00,1,1,0,1
367,solo_estadistico,2026-04-23 15:18:00,2026-04-23 15:18:00,1,1,0,1
367,solo_estadistico,2026-04-23 15:46:00,2026-04-23 15:46:00,1,1,0,1
367,solo_estadistico,2026-04-24 15:37:00,2026-04-24 15:37:00,1,1,0,1
367,solo_estadistico,2026-04-24 17:24:00,2026-04-24 17:24:00,1,1,0,1
367,solo_estadistico,2026-04-30 12:29:00,2026-04-30 12:29:00,1,1,0,1
367,solo_estadistico,2026-04-30 12:47:00,2026-04-30 12:47:00,1,1,0,1
367,solo_etiqueta,2026-02-02 00:34:00,2026-02-02 02:11:00,98,"1,1511",0,0
367,solo_etiqueta,2026-02-02 02:25:00,2026-02-02 03:23:00,59,"1,1511",0,0
367,solo_etiqueta,2026-01-02 07:28:00,2026-01-02 08:25:00,58,"1,1511",0,0
367,solo_etiqueta,2026-02-17 04:44:00,2026-02-17 05:41:00,58,"1,1511",0,0
367,solo_etiqueta,2026-04-09 03:05:00,2026-04-09 04:00:00,56,"1,1511",0,0
367,solo_etiqueta,2026-02-01 06:06:00,2026-02-01 06:41:00,36,"1,1511",0,0
367,solo_etiqueta,2026-03-05 21:18:00,2026-03-05 21:53:00,36,"1,1511",0,0
367,solo_etiqueta,2026-02-06 16:53:00,2026-02-06 17:24:00,32,"1,1511",0,1
367,solo_etiqueta,2026-02-01 21:16:00,2026-02-01 21:45:00,30,"1,1511",0,0
367,solo_etiqueta,2026-01-18 05:27:00,2026-01-18 05:55:00,29,"1,1511",0,0
367,solo_etiqueta,2026-02-10 14:45:00,2026-02-10 15:11:00,27,"1,1511",0,0
367,solo_etiqueta,2026-02-20 21:23:00,2026-02-20 21:49:00,27,"1,1511",0,0
367,solo_etiqueta,2026-03-05 16:46:00,2026-03-05 17:12:00,27,1567,0,7
367,solo_etiqueta,2026-02-21 08:15:00,2026-02-21 08:40:00,26,"1,1511",0,0
367,solo_etiqueta,2026-03-21 09:03:00,2026-03-21 09:28:00,26,"1,1511",0,0
367,solo_etiqueta,2026-02-12 19:33:00,2026-02-12 19:57:00,25,"1,1511",0,0
367,solo_etiqueta,2026-01-09 22:06:00,2026-01-09 22:29:00,24,"1,1511",0,0
367,solo_etiqueta,2026-04-08 06:38:00,2026-04-08 07:01:00,24,"1,1511",0,0
367,solo_etiqueta,2026-01-08 04:05:00,2026-01-08 04:27:00,23,"1,1511",0,0
367,solo_etiqueta,2026-02-20 22:12:00,2026-02-20 22:34:00,23,"1,1511",0,0
367,solo_etiqueta,2026-02-01 07:25:00,2026-02-01 07:46:00,22,"1,1511",0,0
367,solo_etiqueta,2026-01-09 22:42:00,2026-01-09 23:02:00,21,"1,1511",0,0
367,solo_etiqueta,2026-02-01 12:13:00,2026-02-01 12:33:00,21,"1,1511",0,0
367,solo_etiqueta,2026-03-17 09:35:00,2026-03-17 09:55:00,21,"1,1511",0,0
367,solo_etiqueta,2026-03-17 10:47:00,2026-03-17 11:07:00,21,"1,1511",0,0
367,solo_etiqueta,2026-03-16 08:59:00,2026-03-16 09:17:00,19,"1,1511",0,0
367,solo_etiqueta,2026-02-20 22:55:00,2026-02-20 23:12:00,18,"1,1511",0,0
367,solo_etiqueta,2026-03-05 20:44:00,2026-03-05 21:01:00,18,"1,1511",0,0
367,solo_etiqueta,2026-01-10 12:02:00,2026-01-10 12:18:00,17,"1,1511",0,0
367,solo_etiqueta,2026-02-01 20:25:00,2026-02-01 20:41:00,17,"1,1511",0,0
367,solo_etiqueta,2026-03-04 14:20:00,2026-03-04 14:35:00,16,"1,1567",0,10
367,solo_etiqueta,2026-02-03 04:02:00,2026-02-03 04:16:00,15,"1,1511",0,0
367,solo_etiqueta,2026-02-01 05:38:00,2026-02-01 05:50:00,13,"1,1511",0,0
367,solo_etiqueta,2026-02-01 08:04:00,2026-02-01 08:16:00,13,"1,1511",0,0
367,solo_etiqueta,2026-01-08 05:52:00,2026-01-08 06:03:00,12,"1,1511",0,0
367,solo_etiqueta,2026-01-08 12:18:00,2026-01-08 12:29:00,12,"1,1511",0,0
367,solo_etiqueta,2026-03-16 09:31:00,2026-03-16 09:42:00,12,"1,1511",0,0
367,solo_etiqueta,2026-04-15 01:19:00,2026-04-15 01:30:00,12,"1,1511",0,0
367,solo_etiqueta,2026-04-29 08:31:00,2026-04-29 08:42:00,12,"1,1511",0,0
367,solo_etiqueta,2026-02-01 09:04:00,2026-02-01 09:14:00,11,"1,1511",0,0
367,solo_etiqueta,2026-02-01 10:16:00,2026-02-01 10:26:00,11,"1,1511",0,0
367,solo_etiqueta,2026-02-14 02:31:00,2026-02-14 02:41:00,11,"1,1511",0,0
367,solo_etiqueta,2026-02-01 09:26:00,2026-02-01 09:35:00,10,"1,1511",0,0
367,solo_etiqueta,2026-02-21 09:00:00,2026-02-21 09:09:00,10,"1,1511",0,0
367,solo_etiqueta,2026-03-04 22:39:00,2026-03-04 22:47:00,9,"1,1511",0,0
367,solo_etiqueta,2026-01-08 13:05:00,2026-01-08 13:12:00,8,"1,1511",0,0
367,solo_etiqueta,2026-02-10 17:38:00,2026-02-10 17:45:00,8,"1,1511",0,0
367,solo_etiqueta,2026-04-08 09:34:00,2026-04-08 09:41:00,8,"1,1511",0,0
367,solo_etiqueta,2026-01-08 13:30:00,2026-01-08 13:36:00,7,"1,1511",0,0
367,solo_etiqueta,2026-02-08 10:29:00,2026-02-08 10:35:00,7,"1,1511",0,0
367,solo_etiqueta,2026-02-16 03:43:00,2026-02-16 03:49:00,7,"1,1511",0,0
367,solo_etiqueta,2026-03-20 08:53:00,2026-03-20 08:59:00,7,"1,1511",0,0
367,solo_etiqueta,2026-01-08 12:41:00,2026-01-08 12:46:00,6,"1,1511",0,0
367,solo_etiqueta,2026-03-19 09:06:00,2026-03-19 09:11:00,6,"1,1511",0,0
367,solo_etiqueta,2026-04-08 10:51:00,2026-04-08 10:56:00,6,"1,1511",0,0
367,solo_etiqueta,2026-02-01 15:32:00,2026-02-01 15:33:00,2,1511,0,0
367,solo_etiqueta,2026-03-05 18:20:00,2026-03-05 18:21:00,2,1567,0,0
367,solo_etiqueta,2026-01-02 08:40:00,2026-01-02 08:40:00,1,1511,0,0
367,solo_etiqueta,2026-01-08 18:40:00,2026-01-08 18:40:00,1,1511,0,0
367,solo_etiqueta,2026-01-18 05:10:00,2026-01-18 05:10:00,1,1511,0,0
367,solo_etiqueta,2026-01-18 06:09:00,2026-01-18 06:09:00,1,1511,0,0
367,solo_etiqueta,2026-01-22 10:08:00,2026-01-22 10:08:00,1,1511,0,0
367,solo_etiqueta,2026-01-27 11:21:00,2026-01-27 11:21:00,1,1511,0,0
367,solo_etiqueta,2026-01-29 11:17:00,2026-01-29 11:17:00,1,1511,0,0
367,solo_etiqueta,2026-02-01 03:51:00,2026-02-01 03:51:00,1,1511,0,0
367,solo_etiqueta,2026-02-01 08:39:00,2026-02-01 08:39:00,1,1511,0,0
367,solo_etiqueta,2026-02-01 09:59:00,2026-02-01 09:59:00,1,1511,0,0
367,solo_etiqueta,2026-02-08 11:06:00,2026-02-08 11:06:00,1,1511,0,0
367,solo_etiqueta,2026-02-08 23:07:00,2026-02-08 23:07:00,1,1511,0,0
367,solo_etiqueta,2026-02-14 03:00:00,2026-02-14 03:00:00,1,1511,0,0
367,solo_etiqueta,2026-02-14 10:20:00,2026-02-14 10:20:00,1,1511,0,0
367,solo_etiqueta,2026-02-14 14:38:00,2026-02-14 14:38:00,1,1511,0,0
367,solo_etiqueta,2026-02-16 04:41:00,2026-02-16 04:41:00,1,1511,0,0
367,solo_etiqueta,2026-02-16 09:54:00,2026-02-16 09:54:00,1,1511,0,0
367,solo_etiqueta,2026-02-17 18:30:00,2026-02-17 18:30:00,1,1511,0,0
367,solo_etiqueta,2026-02-21 09:23:00,2026-02-21 09:23:00,1,1511,0,0
367,solo_etiqueta,2026-02-21 10:32:00,2026-02-21 10:32:00,1,1511,0,0
367,solo_etiqueta,2026-03-01 09:04:00,2026-03-01 09:04:00,1,1511,0,0
367,solo_etiqueta,2026-03-03 01:59:00,2026-03-03 01:59:00,1,1511,0,0
367,solo_etiqueta,2026-03-03 02:17:00,2026-03-03 02:17:00,1,1511,0,0
367,solo_etiqueta,2026-03-03 08:56:00,2026-03-03 08:56:00,1,1511,0,0
367,solo_etiqueta,2026-03-04 21:13:00,2026-03-04 21:13:00,1,1511,0,0
367,solo_etiqueta,2026-03-04 22:11:00,2026-03-04 22:11:00,1,1511,0,0
367,solo_etiqueta,2026-03-05 22:16:00,2026-03-05 22:16:00,1,1511,0,0
367,solo_etiqueta,2026-03-06 09:31:00,2026-03-06 09:31:00,1,1511,0,0
367,solo_etiqueta,2026-03-06 11:05:00,2026-03-06 11:05:00,1,1511,0,0
367,solo_etiqueta,2026-03-06 11:48:00,2026-03-06 11:48:00,1,1511,0,0
367,solo_etiqueta,2026-03-11 11:07:00,2026-03-11 11:07:00,1,1511,0,0
367,solo_etiqueta,2026-03-11 12:01:00,2026-03-11 12:01:00,1,1511,0,0
367,solo_etiqueta,2026-03-12 10:04:00,2026-03-12 10:04:00,1,1511,0,0
367,solo_etiqueta,2026-03-13 09:26:00,2026-03-13 09:26:00,1,1511,0,0
367,solo_etiqueta,2026-03-13 09:39:00,2026-03-13 09:39:00,1,1511,0,0
367,solo_etiqueta,2026-03-13 10:18:00,2026-03-13 10:18:00,1,1511,0,0
367,solo_etiqueta,2026-03-13 10:40:00,2026-03-13 10:40:00,1,1511,0,0
367,solo_etiqueta,2026-03-15 09:29:00,2026-03-15 09:29:00,1,1511,0,0
367,solo_etiqueta,2026-03-17 08:33:00,2026-03-17 08:33:00,1,1511,0,0
367,solo_etiqueta,2026-03-17 08:57:00,2026-03-17 08:57:00,1,1511,0,0
367,solo_etiqueta,2026-03-17 09:12:00,2026-03-17 09:12:00,1,1511,0,0
367,solo_etiqueta,2026-03-17 10:08:00,2026-03-17 10:08:00,1,1511,0,0
367,solo_etiqueta,2026-03-19 08:45:00,2026-03-19 08:45:00,1,1511,0,0
367,solo_etiqueta,2026-03-21 09:47:00,2026-03-21 09:47:00,1,1511,0,0
367,solo_etiqueta,2026-03-21 10:15:00,2026-03-21 10:15:00,1,1511,0,0
367,solo_etiqueta,2026-03-21 11:15:00,2026-03-21 11:15:00,1,1511,0,0
367,solo_etiqueta,2026-03-25 08:43:00,2026-03-25 08:43:00,1,1511,0,0
367,solo_etiqueta,2026-03-25 09:01:00,2026-03-25 09:01:00,1,1511,0,0
367,solo_etiqueta,2026-03-25 09:20:00,2026-03-25 09:20:00,1,1511,0,0
367,solo_etiqueta,2026-03-26 09:31:00,2026-03-26 09:31:00,1,1511,0,0
367,solo_etiqueta,2026-04-05 10:39:00,2026-04-05 10:39:00,1,1511,0,0
367,solo_etiqueta,2026-04-06 10:58:00,2026-04-06 10:58:00,1,1511,0,0
367,solo_etiqueta,2026-04-08 10:32:00,2026-04-08 10:32:00,1,1511,0,0
367,solo_etiqueta,2026-04-09 08:35:00,2026-04-09 08:35:00,1,1511,0,0
367,solo_etiqueta,2026-04-11 10:03:00,2026-04-11 10:03:00,1,1511,0,0
367,solo_etiqueta,2026-04-12 08:52:00,2026-04-12 08:52:00,1,1511,0,0
367,solo_etiqueta,2026-04-13 08:17:00,2026-04-13 08:17:00,1,1511,0,0
367,solo_etiqueta,2026-04-14 09:13:00,2026-04-14 09:13:00,1,1511,0,0
367,solo_etiqueta,2026-04-14 09:43:00,2026-04-14 09:43:00,1,1511,0,0
367,solo_etiqueta,2026-04-15 09:42:00,2026-04-15 09:42:00,1,1511,0,0
367,solo_etiqueta,2026-04-18 10:46:00,2026-04-18 10:46:00,1,1511,0,0
367,solo_etiqueta,2026-04-19 09:08:00,2026-04-19 09:08:00,1,1511,0,0
367,solo_etiqueta,2026-04-20 09:46:00,2026-04-20 09:46:00,1,1511,0,0
367,solo_etiqueta,2026-04-24 09:20:00,2026-04-24 09:20:00,1,1511,0,0
367,solo_etiqueta,2026-04-29 09:10:00,2026-04-29 09:10:00,1,1511,0,0
367,solo_reglas,2026-02-25 00:22:00,2026-02-25 04:13:00,232,1,228,0
367,solo_reglas,2026-03-28 15:50:00,2026-03-28 17:59:00,130,1,121,5
367,solo_reglas,2026-03-10 16:00:00,2026-03-10 17:59:00,120,1,120,10
367,solo_reglas,2026-03-26 16:00:00,2026-03-26 17:59:00,120,1,120,6
367,solo_reglas,2026-04-02 15:00:00,2026-04-02 16:59:00,120,1,120,10
367,solo_reglas,2026-04-12 14:00:00,2026-04-12 15:59:00,120,"1,1511",120,9
367,solo_reglas,2026-03-03 16:00:00,2026-03-03 17:57:00,118,1,118,20
367,solo_reglas,2025-12-07 14:23:00,2025-12-07 15:59:00,97,1,72,11
367,solo_reglas,2026-03-17 15:49:00,2026-03-17 17:20:00,92,1,83,25
367,solo_reglas,2026-02-15 01:23:00,2026-02-15 02:52:00,90,1,90,0
367,solo_reglas,2026-02-05 14:52:00,2026-02-05 16:13:00,82,1,80,13
367,solo_reglas,2026-02-07 00:21:00,2026-02-07 01:40:00,80,1,80,0
367,solo_reglas,2026-02-13 14:40:00,2026-02-13 15:59:00,80,1,69,0
367,solo_reglas,2026-02-01 02:33:00,2026-02-01 03:50:00,78,"1,1511",78,0
367,solo_reglas,2025-12-16 14:00:00,2025-12-16 15:16:00,77,1,77,0
367,solo_reglas,2026-02-24 03:07:00,2026-02-24 04:22:00,76,1,76,0
367,solo_reglas,2026-04-14 13:44:00,2026-04-14 14:59:00,76,1,63,8
367,solo_reglas,2026-01-09 13:45:00,2026-01-09 14:59:00,75,1,74,8
367,solo_reglas,2026-03-24 06:00:00,2026-03-24 07:14:00,75,1,75,0
367,solo_reglas,2026-04-26 14:45:00,2026-04-26 15:59:00,75,1,66,1
367,solo_reglas,2026-01-26 23:53:00,2026-01-27 01:06:00,74,1,74,2
367,solo_reglas,2026-01-14 14:48:00,2026-01-14 15:59:00,72,1,62,0
367,solo_reglas,2026-02-01 18:28:00,2026-02-01 19:39:00,72,1,72,0
367,solo_reglas,2026-02-24 00:04:00,2026-02-24 01:14:00,71,1,71,0
367,solo_reglas,2025-12-05 04:23:00,2025-12-05 05:32:00,70,1,70,0
367,solo_reglas,2026-02-01 23:19:00,2026-02-02 00:27:00,69,"1,1511",69,0
367,solo_reglas,2026-03-24 01:37:00,2026-03-24 02:44:00,68,1,68,0
367,solo_reglas,2025-12-08 14:53:00,2025-12-08 15:59:00,67,1,62,0
367,solo_reglas,2026-04-15 03:05:00,2026-04-15 04:10:00,66,1,66,0
367,solo_reglas,2026-02-07 15:56:00,2026-02-07 16:59:00,64,1,61,5
367,solo_reglas,2025-12-30 04:57:00,2025-12-30 05:57:00,61,1,61,0
367,solo_reglas,2026-02-17 00:14:00,2026-02-17 01:14:00,61,1,61,0
367,solo_reglas,2026-04-05 14:59:00,2026-04-05 15:59:00,61,"1,1511",61,0
367,solo_reglas,2025-12-01 15:00:00,2025-12-01 15:59:00,60,1,60,0
367,solo_reglas,2025-12-08 08:00:00,2025-12-08 08:59:00,60,1,60,0
367,solo_reglas,2025-12-19 15:00:00,2025-12-19 15:59:00,60,1,60,0
367,solo_reglas,2025-12-20 09:00:00,2025-12-20 09:59:00,60,1,60,0
367,solo_reglas,2025-12-27 09:00:00,2025-12-27 09:59:00,60,1,60,0
367,solo_reglas,2025-12-29 18:00:00,2025-12-29 18:59:00,60,1,60,1
367,solo_reglas,2026-01-14 10:00:00,2026-01-14 10:59:00,60,1,60,0
367,solo_reglas,2026-01-17 08:00:00,2026-01-17 08:59:00,60,1,60,0
367,solo_reglas,2026-01-17 18:00:00,2026-01-17 18:59:00,60,1,60,0
367,solo_reglas,2026-01-27 16:00:00,2026-01-27 16:59:00,60,1,60,0
367,solo_reglas,2026-02-11 09:00:00,2026-02-11 09:59:00,60,1,60,0
367,solo_reglas,2026-02-11 14:00:00,2026-02-11 14:59:00,60,1,60,23
367,solo_reglas,2026-02-23 14:00:00,2026-02-23 14:59:00,60,1,60,0
367,solo_reglas,2026-02-26 09:00:00,2026-02-26 09:59:00,60,1,60,0
367,solo_reglas,2026-03-31 15:00:00,2026-03-31 15:59:00,60,"1,1511",60,0
367,solo_reglas,2026-04-13 15:00:00,2026-04-13 15:59:00,60,1,60,0
367,solo_reglas,2026-04-15 15:00:00,2026-04-15 15:59:00,60,1,60,0
367,solo_reglas,2026-04-19 04:49:00,2026-04-19 05:48:00,60,1,60,0
367,solo_reglas,2026-04-20 16:00:00,2026-04-20 16:59:00,60,1,60,5
367,solo_reglas,2026-04-21 15:00:00,2026-04-21 15:59:00,60,1,60,18
367,solo_reglas,2026-01-26 16:02:00,2026-01-26 16:59:00,58,1,58,1
367,solo_reglas,2026-03-04 13:02:00,2026-03-04 13:59:00,58,1,58,0
367,solo_reglas,2026-02-14 15:00:00,2026-02-14 15:56:00,57,1,57,0
367,solo_reglas,2026-02-22 15:01:00,2026-02-22 15:55:00,55,1,55,8
367,solo_reglas,2026-01-05 12:45:00,2026-01-05 13:33:00,49,1,37,10
367,solo_reglas,2025-12-21 16:00:00,2025-12-21 16:42:00,43,1,43,1
367,solo_reglas,2026-03-24 14:18:00,2026-03-24 14:59:00,42,1,42,0
367,solo_reglas,2026-04-03 17:00:00,2026-04-03 17:41:00,42,1,42,6
367,solo_reglas,2026-01-02 14:28:00,2026-01-02 15:06:00,39,1,10,0
367,solo_reglas,2026-01-28 15:21:00,2026-01-28 15:59:00,39,1,39,2
367,solo_reglas,2026-04-24 16:23:00,2026-04-24 16:59:00,37,1,37,0
367,solo_reglas,2026-04-27 15:25:00,2026-04-27 15:59:00,35,1,35,2
367,solo_reglas,2025-12-16 15:28:00,2025-12-16 15:59:00,32,1,32,0
367,solo_reglas,2026-01-23 13:57:00,2026-01-23 14:27:00,31,1,6,0
367,solo_reglas,2025-12-18 13:45:00,2025-12-18 14:13:00,29,1,20,0
367,solo_reglas,2025-12-04 09:32:00,2025-12-04 09:59:00,28,1,28,8
367,solo_reglas,2026-04-01 15:47:00,2026-04-01 16:12:00,26,1,15,0
367,solo_reglas,2026-04-01 16:35:00,2026-04-01 16:59:00,25,1,25,0
367,solo_reglas,2026-01-20 15:36:00,2026-01-20 15:59:00,24,1,24,0
367,solo_reglas,2025-12-21 17:37:00,2025-12-21 17:59:00,23,1,23,0
367,solo_reglas,2026-03-18 10:55:00,2026-03-18 11:17:00,23,1,4,0
367,solo_reglas,2026-03-09 15:39:00,2026-03-09 15:59:00,21,1,21,3
367,solo_reglas,2026-01-28 14:45:00,2026-01-28 15:04:00,20,1,13,0
367,solo_reglas,2026-03-25 15:54:00,2026-03-25 16:13:00,20,1,10,0
367,solo_reglas,2026-01-20 14:51:00,2026-01-20 15:08:00,18,1,15,0
367,solo_reglas,2026-03-09 15:00:00,2026-03-09 15:16:00,17,1,17,0
367,solo_reglas,2026-03-24 12:05:00,2026-03-24 12:21:00,17,1,5,0
367,solo_reglas,2026-04-28 15:17:00,2026-04-28 15:33:00,17,1,9,4
367,solo_reglas,2026-03-23 14:29:00,2026-03-23 14:42:00,14,1,7,0
367,solo_reglas,2025-12-04 09:00:00,2025-12-04 09:12:00,13,1,13,1
367,solo_reglas,2026-02-18 14:42:00,2026-02-18 14:54:00,13,1,8,0
367,solo_reglas,2026-03-05 14:43:00,2026-03-05 14:55:00,13,"1,1567",13,0
367,solo_reglas,2025-12-08 14:23:00,2025-12-08 14:34:00,12,1,2,0
367,solo_reglas,2025-12-18 14:57:00,2025-12-18 15:08:00,12,1,10,0
367,solo_reglas,2026-01-05 13:48:00,2026-01-05 13:59:00,12,1,12,0
367,solo_reglas,2026-02-03 14:57:00,2026-02-03 15:08:00,12,1,12,0
367,solo_reglas,2026-02-18 16:05:00,2026-02-18 16:15:00,11,1,2,0
367,solo_reglas,2026-03-04 12:34:00,2026-03-04 12:44:00,11,1,5,0
367,solo_reglas,2026-04-21 16:32:00,2026-04-21 16:42:00,11,1,6,0
367,solo_reglas,2026-04-22 14:00:00,2026-04-22 14:10:00,11,1,11,1
367,solo_reglas,2026-04-27 14:09:00,2026-04-27 14:19:00,11,1,9,0
367,solo_reglas,2026-04-28 13:52:00,2026-04-28 14:02:00,11,1,11,0
367,solo_reglas,2026-01-20 13:00:00,2026-01-20 13:09:00,10,1,7,0
367,solo_reglas,2026-04-17 13:41:00,2026-04-17 13:50:00,10,1,2,0
367,solo_reglas,2025-12-04 15:39:00,2025-12-04 15:47:00,9,1,2,0
367,solo_reglas,2025-12-06 16:18:00,2025-12-06 16:26:00,9,1,4,0
367,solo_reglas,2026-03-03 14:31:00,2026-03-03 14:39:00,9,1,3,0
367,solo_reglas,2026-03-29 14:51:00,2026-03-29 14:59:00,9,1,9,0
367,solo_reglas,2025-12-15 13:21:00,2025-12-15 13:28:00,8,1,7,1
367,solo_reglas,2026-04-24 16:00:00,2026-04-24 16:07:00,8,1,8,0
367,solo_reglas,2026-01-15 13:35:00,2026-01-15 13:41:00,7,1,2,0
367,solo_reglas,2026-01-19 14:52:00,2026-01-19 14:58:00,7,1,7,1
367,solo_reglas,2026-01-23 15:05:00,2026-01-23 15:11:00,7,1,5,0
367,solo_reglas,2026-03-17 17:53:00,2026-03-17 17:59:00,7,1,7,0
367,solo_reglas,2026-03-24 14:00:00,2026-03-24 14:06:00,7,1,7,0
367,solo_reglas,2026-04-22 14:53:00,2026-04-22 14:59:00,7,1,7,0
367,solo_reglas,2026-02-07 14:23:00,2026-02-07 14:28:00,6,1,2,0
367,solo_reglas,2026-03-28 15:27:00,2026-03-28 15:32:00,6,1,3,0
367,solo_reglas,2026-04-04 16:58:00,2026-04-04 17:03:00,6,1,2,0
367,solo_reglas,2026-01-06 14:31:00,2026-01-06 14:35:00,5,1,2,0
367,solo_reglas,2026-01-20 12:42:00,2026-01-20 12:46:00,5,1,2,0
367,solo_reglas,2026-03-05 13:52:00,2026-03-05 13:56:00,5,1,4,0
367,solo_reglas,2026-03-26 15:41:00,2026-03-26 15:44:00,4,1,2,0
367,solo_reglas,2026-04-25 13:45:00,2026-04-25 13:48:00,4,1,2,0
367,solo_reglas,2026-01-27 15:45:00,2026-01-27 15:47:00,3,1,3,0
367,solo_reglas,2026-03-10 15:39:00,2026-03-10 15:41:00,3,1,2,0
367,solo_reglas,2026-04-27 14:45:00,2026-04-27 14:47:00,3,1,3,0
367,solo_reglas,2026-04-22 10:34:00,2026-04-22 10:35:00,2,1,2,0
367,solo_reglas,2025-12-01 18:37:00,2025-12-01 18:37:00,1,1,1,0
367,solo_reglas,2025-12-03 13:13:00,2025-12-03 13:13:00,1,1,1,0
367,solo_reglas,2025-12-03 14:24:00,2025-12-03 14:24:00,1,1,1,0
367,solo_reglas,2025-12-04 11:57:00,2025-12-04 11:57:00,1,1,1,0
367,solo_reglas,2025-12-06 23:56:00,2025-12-06 23:56:00,1,1,1,0
367,solo_reglas,2025-12-07 12:16:00,2025-12-07 12:16:00,1,1,1,0
367,solo_reglas,2025-12-08 11:20:00,2025-12-08 11:20:00,1,1,1,0
367,solo_reglas,2025-12-10 12:57:00,2025-12-10 12:57:00,1,1,1,0
367,solo_reglas,2025-12-11 14:33:00,2025-12-11 14:33:00,1,1,1,0
367,solo_reglas,2025-12-12 00:32:00,2025-12-12 00:32:00,1,1,1,0
367,solo_reglas,2025-12-13 12:49:00,2025-12-13 12:49:00,1,1,1,0
367,solo_reglas,2025-12-14 00:41:00,2025-12-14 00:41:00,1,1,1,0
367,solo_reglas,2025-12-16 13:45:00,2025-12-16 13:45:00,1,1,1,0
367,solo_reglas,2025-12-17 11:14:00,2025-12-17 11:14:00,1,1,1,0
367,solo_reglas,2025-12-20 16:50:00,2025-12-20 16:50:00,1,1,1,0
367,solo_reglas,2025-12-29 10:45:00,2025-12-29 10:45:00,1,1,1,0
367,solo_reglas,2025-12-31 17:54:00,2025-12-31 17:54:00,1,1,1,0
367,solo_reglas,2026-01-06 07:27:00,2026-01-06 07:27:00,1,1,1,0
367,solo_reglas,2026-01-06 13:44:00,2026-01-06 13:44:00,1,1,1,0
367,solo_reglas,2026-01-13 06:50:00,2026-01-13 06:50:00,1,1,1,0
367,solo_reglas,2026-01-19 12:28:00,2026-01-19 12:28:00,1,1,1,0
367,solo_reglas,2026-01-20 10:44:00,2026-01-20 10:44:00,1,1,1,0
367,solo_reglas,2026-01-23 00:28:00,2026-01-23 00:28:00,1,1,1,0
367,solo_reglas,2026-01-23 11:19:00,2026-01-23 11:19:00,1,1,1,0
367,solo_reglas,2026-02-03 14:34:00,2026-02-03 14:34:00,1,1,1,0
367,solo_reglas,2026-02-07 15:29:00,2026-02-07 15:29:00,1,1,1,0
367,solo_reglas,2026-02-15 20:33:00,2026-02-15 20:33:00,1,1,1,0
367,solo_reglas,2026-02-16 04:43:00,2026-02-16 04:43:00,1,1,1,0
367,solo_reglas,2026-02-17 04:30:00,2026-02-17 04:30:00,1,1,1,0
367,solo_reglas,2026-02-18 15:42:00,2026-02-18 15:42:00,1,1,1,0
367,solo_reglas,2026-02-20 00:59:00,2026-02-20 00:59:00,1,1,1,0
367,solo_reglas,2026-02-27 01:21:00,2026-02-27 01:21:00,1,1,1,0
367,solo_reglas,2026-02-27 06:15:00,2026-02-27 06:15:00,1,1,1,0
367,solo_reglas,2026-02-28 18:22:00,2026-02-28 18:22:00,1,1,1,0
367,solo_reglas,2026-03-03 11:03:00,2026-03-03 11:03:00,1,1,1,0
367,solo_reglas,2026-03-06 01:32:00,2026-03-06 01:32:00,1,1,1,0
367,solo_reglas,2026-03-18 11:29:00,2026-03-18 11:29:00,1,1,1,0
367,solo_reglas,2026-03-18 14:10:00,2026-03-18 14:10:00,1,1,1,0
367,solo_reglas,2026-03-18 15:46:00,2026-03-18 15:46:00,1,1,1,0
367,solo_reglas,2026-03-21 16:53:00,2026-03-21 16:53:00,1,1,1,0
367,solo_reglas,2026-03-22 11:59:00,2026-03-22 11:59:00,1,1,1,0
367,solo_reglas,2026-03-23 11:37:00,2026-03-23 11:37:00,1,1,1,0
367,solo_reglas,2026-03-23 12:06:00,2026-03-23 12:06:00,1,1,1,0
367,solo_reglas,2026-03-23 13:42:00,2026-03-23 13:42:00,1,1,1,0
367,solo_reglas,2026-03-25 13:39:00,2026-03-25 13:39:00,1,1,1,0
367,solo_reglas,2026-03-26 09:47:00,2026-03-26 09:47:00,1,1,1,0
367,solo_reglas,2026-03-28 01:15:00,2026-03-28 01:15:00,1,1,1,0
367,solo_reglas,2026-03-28 03:46:00,2026-03-28 03:46:00,1,1,1,0
367,solo_reglas,2026-03-28 10:40:00,2026-03-28 10:40:00,1,1,1,0
367,solo_reglas,2026-03-29 12:54:00,2026-03-29 12:54:00,1,1,1,0
367,solo_reglas,2026-03-30 13:15:00,2026-03-30 13:15:00,1,1,1,0
367,solo_reglas,2026-03-31 04:45:00,2026-03-31 04:45:00,1,1,1,0
367,solo_reglas,2026-04-02 11:17:00,2026-04-02 11:17:00,1,1,1,0
367,solo_reglas,2026-04-04 11:25:00,2026-04-04 11:25:00,1,1,1,0
367,solo_reglas,2026-04-07 03:06:00,2026-04-07 03:06:00,1,1,1,0
367,solo_reglas,2026-04-15 14:34:00,2026-04-15 14:34:00,1,1,1,0
367,solo_reglas,2026-04-17 14:44:00,2026-04-17 14:44:00,1,1,1,0
367,solo_reglas,2026-04-24 18:09:00,2026-04-24 18:09:00,1,1,1,0
367,solo_reglas,2026-04-25 14:07:00,2026-04-25 14:07:00,1,1,1,0
6004,reglas_y_estadistico_sin_etiqueta,2026-01-12 22:17:00,2026-01-12 22:27:00,11,1,11,11
6004,reglas_y_estadistico_sin_etiqueta,2026-02-19 17:11:00,2026-02-19 17:21:00,11,1,3,7
6004,reglas_y_estadistico_sin_etiqueta,2025-12-28 22:34:00,2025-12-28 22:34:00,1,1,1,1
6004,reglas_y_estadistico_sin_etiqueta,2025-12-31 16:59:00,2025-12-31 16:59:00,1,1,1,1
6004,reglas_y_estadistico_sin_etiqueta,2025-12-31 17:23:00,2025-12-31 17:23:00,1,1,1,1
6004,reglas_y_estadistico_sin_etiqueta,2026-01-16 16:56:00,2026-01-16 16:56:00,1,1,1,1
6004,reglas_y_estadistico_sin_etiqueta,2026-02-04 16:45:00,2026-02-04 16:45:00,1,1,1,1
6004,reglas_y_estadistico_sin_etiqueta,2026-02-19 16:37:00,2026-02-19 16:37:00,1,1,1,1
6004,reglas_y_estadistico_sin_etiqueta,2026-04-10 16:06:00,2026-04-10 16:06:00,1,1,1,1
6004,reglas_y_estadistico_sin_etiqueta,2026-04-10 17:28:00,2026-04-10 17:28:00,1,1,1,1
6004,reglas_y_estadistico_sin_etiqueta,2026-04-10 18:00:00,2026-04-10 18:00:00,1,1,1,1
6004,reglas_y_estadistico_sin_etiqueta,2026-04-11 18:01:00,2026-04-11 18:01:00,1,1,1,1
6004,reglas_y_estadistico_sin_etiqueta,2026-04-12 16:11:00,2026-04-12 16:11:00,1,1,1,1
6004,reglas_y_estadistico_sin_etiqueta,2026-04-12 16:35:00,2026-04-12 16:35:00,1,1,1,1
6004,reglas_y_estadistico_sin_etiqueta,2026-04-12 16:58:00,2026-04-12 16:58:00,1,1,1,1
6004,solo_estadistico,2026-01-31 21:05:00,2026-01-31 22:30:00,86,1,0,73
6004,solo_estadistico,2026-01-30 21:10:00,2026-01-30 22:30:00,81,1,0,72
6004,solo_estadistico,2026-01-01 16:04:00,2026-01-01 17:13:00,70,"1,1583",0,26
6004,solo_estadistico,2025-12-05 12:30:00,2025-12-05 13:30:00,61,1,0,61
6004,solo_estadistico,2025-12-06 00:30:00,2025-12-06 01:30:00,61,1,0,60
6004,solo_estadistico,2025-12-12 09:30:00,2025-12-12 10:30:00,61,1,0,61
6004,solo_estadistico,2025-12-12 21:30:00,2025-12-12 22:30:00,61,1,0,61
6004,solo_estadistico,2026-01-02 09:30:00,2026-01-02 10:30:00,61,1,0,61
6004,solo_estadistico,2026-01-02 21:30:00,2026-01-02 22:30:00,61,1,0,61
6004,solo_estadistico,2026-01-08 09:30:00,2026-01-08 10:30:00,61,1,0,61
6004,solo_estadistico,2026-01-08 21:30:00,2026-01-08 22:30:00,61,1,0,61
6004,solo_estadistico,2026-01-09 10:30:00,2026-01-09 11:30:00,61,1,0,61
6004,solo_estadistico,2026-01-09 22:30:00,2026-01-09 23:30:00,61,"1,1583",0,61
6004,solo_estadistico,2026-01-11 09:30:00,2026-01-11 10:30:00,61,1,0,61
6004,solo_estadistico,2026-01-11 21:30:00,2026-01-11 22:30:00,61,1,0,59
6004,solo_estadistico,2026-01-12 09:30:00,2026-01-12 10:30:00,61,1,0,61
6004,solo_estadistico,2026-01-23 10:30:00,2026-01-23 11:30:00,61,1,0,61
6004,solo_estadistico,2026-01-23 22:30:00,2026-01-23 23:30:00,61,"1,1582,1583",1,61
6004,solo_estadistico,2026-01-30 09:30:00,2026-01-30 10:30:00,61,1,0,61
6004,solo_estadistico,2026-01-31 09:30:00,2026-01-31 10:30:00,61,1,0,61
6004,solo_estadistico,2026-02-01 09:30:00,2026-02-01 10:30:00,61,1,0,61
6004,solo_estadistico,2026-02-01 21:30:00,2026-02-01 22:30:00,61,1,0,61
6004,solo_estadistico,2026-02-02 09:30:00,2026-02-02 10:30:00,61,1,0,61
6004,solo_estadistico,2026-02-02 21:30:00,2026-02-02 22:30:00,61,1,0,61
6004,solo_estadistico,2026-02-06 09:30:00,2026-02-06 10:30:00,61,1,0,61
6004,solo_estadistico,2026-02-06 21:30:00,2026-02-06 22:30:00,61,1,0,61
6004,solo_estadistico,2026-02-22 10:30:00,2026-02-22 11:30:00,61,1,0,61
6004,solo_estadistico,2026-02-22 22:30:00,2026-02-22 23:30:00,61,"1,1582,1583",0,61
6004,solo_estadistico,2026-02-28 10:30:00,2026-02-28 11:30:00,61,1,0,61
6004,solo_estadistico,2026-02-28 22:30:00,2026-02-28 23:30:00,61,"1,1582,1583",0,61
6004,solo_estadistico,2026-03-06 09:30:00,2026-03-06 10:30:00,61,1,0,61
6004,solo_estadistico,2026-03-06 21:30:00,2026-03-06 22:30:00,61,1,0,61
6004,solo_estadistico,2026-03-08 09:30:00,2026-03-08 10:30:00,61,1,0,61
6004,solo_estadistico,2026-03-08 21:30:00,2026-03-08 22:30:00,61,1,0,61
6004,solo_estadistico,2026-03-09 09:30:00,2026-03-09 10:30:00,61,1,0,61
6004,solo_estadistico,2026-03-09 21:30:00,2026-03-09 22:30:00,61,1,0,61
6004,solo_estadistico,2026-03-13 10:30:00,2026-03-13 11:30:00,61,1,0,61
6004,solo_estadistico,2026-03-14 10:30:00,2026-03-14 11:30:00,61,1,0,61
6004,solo_estadistico,2026-03-16 11:30:00,2026-03-16 12:30:00,61,1,0,61
6004,solo_estadistico,2026-03-16 23:30:00,2026-03-17 00:30:00,61,1,0,61
6004,solo_estadistico,2026-03-18 09:30:00,2026-03-18 10:30:00,61,1,0,61
6004,solo_estadistico,2026-03-18 21:30:00,2026-03-18 22:30:00,61,1,0,61
6004,solo_estadistico,2026-03-20 10:30:00,2026-03-20 11:30:00,61,1,0,61
6004,solo_estadistico,2026-03-20 22:30:00,2026-03-20 23:30:00,61,"1,1582",0,61
6004,solo_estadistico,2026-03-22 11:30:00,2026-03-22 12:30:00,61,1,0,61
6004,solo_estadistico,2026-03-22 23:30:00,2026-03-23 00:30:00,61,1,0,61
6004,solo_estadistico,2026-03-25 10:30:00,2026-03-25 11:30:00,61,1,0,61
6004,solo_estadistico,2026-03-27 10:30:00,2026-03-27 11:30:00,61,1,0,61
6004,solo_estadistico,2026-03-27 22:30:00,2026-03-27 23:30:00,61,"1,1582",0,61
6004,solo_estadistico,2026-03-29 09:30:00,2026-03-29 10:30:00,61,1,0,61
6004,solo_estadistico,2026-03-29 21:30:00,2026-03-29 22:30:00,61,1,0,61
6004,solo_estadistico,2026-04-04 11:30:00,2026-04-04 12:30:00,61,1,0,61
6004,solo_estadistico,2026-04-04 23:30:00,2026-04-05 00:30:00,61,1,0,61
6004,solo_estadistico,2026-04-12 09:30:00,2026-04-12 10:30:00,61,1,0,61
6004,solo_estadistico,2026-04-12 21:30:00,2026-04-12 22:30:00,61,1,0,61
6004,solo_estadistico,2026-04-18 09:30:00,2026-04-18 10:30:00,61,1,0,61
6004,solo_estadistico,2026-04-18 21:30:00,2026-04-18 22:30:00,61,1,0,61
6004,solo_estadistico,2026-04-23 09:30:00,2026-04-23 10:30:00,61,1,0,61
6004,solo_estadistico,2026-04-23 21:30:00,2026-04-23 22:30:00,61,1,0,61
6004,solo_estadistico,2026-02-23 15:54:00,2026-02-23 16:42:00,49,1,0,49
6004,solo_estadistico,2026-01-12 21:30:00,2026-01-12 22:16:00,47,1,0,47
6004,solo_estadistico,2026-01-14 19:00:00,2026-01-14 19:43:00,44,1,0,25
6004,solo_estadistico,2026-01-13 19:52:00,2026-01-13 20:33:00,42,"1,1583",0,38
6004,solo_estadistico,2026-03-21 13:24:00,2026-03-21 14:05:00,42,1,0,29
6004,solo_estadistico,2026-01-31 17:27:00,2026-01-31 18:06:00,40,1,0,28
6004,solo_estadistico,2025-12-30 14:11:00,2025-12-30 14:48:00,38,1,0,20
6004,solo_estadistico,2026-04-22 19:28:00,2026-04-22 20:05:00,38,1,0,29
6004,solo_estadistico,2025-12-15 13:26:00,2025-12-15 14:02:00,37,1,0,19
6004,solo_estadistico,2026-01-18 16:52:00,2026-01-18 17:28:00,37,1,0,16
6004,solo_estadistico,2026-04-06 14:48:00,2026-04-06 15:24:00,37,1,0,17
6004,solo_estadistico,2026-04-26 18:10:00,2026-04-26 18:46:00,37,1,0,37
6004,solo_estadistico,2026-01-18 14:49:00,2026-01-18 15:24:00,36,1,0,16
6004,solo_estadistico,2026-01-25 20:38:00,2026-01-25 21:13:00,36,"1,1583",0,29
6004,solo_estadistico,2026-04-26 19:06:00,2026-04-26 19:41:00,36,1,0,34
6004,solo_estadistico,2026-04-06 20:23:00,2026-04-06 20:57:00,35,1,0,34
6004,solo_estadistico,2026-03-04 15:40:00,2026-03-04 16:13:00,34,1,0,13
6004,solo_estadistico,2026-04-21 19:26:00,2026-04-21 19:59:00,34,"1,1583",0,19
6004,solo_estadistico,2026-01-10 15:01:00,2026-01-10 15:33:00,33,1,0,26
6004,solo_estadistico,2026-02-16 12:40:00,2026-02-16 13:12:00,33,1,0,18
6004,solo_estadistico,2026-02-23 16:54:00,2026-02-23 17:26:00,33,1,0,27
6004,solo_estadistico,2026-01-16 18:06:00,2026-01-16 18:37:00,32,"1,1583",0,21
6004,solo_estadistico,2026-02-16 15:34:00,2026-02-16 16:05:00,32,1,0,19
6004,solo_estadistico,2025-12-30 15:39:00,2025-12-30 16:09:00,31,1,0,13
6004,solo_estadistico,2025-12-30 19:12:00,2025-12-30 19:42:00,31,1,0,12
6004,solo_estadistico,2026-01-06 15:42:00,2026-01-06 16:11:00,30,1,0,23
6004,solo_estadistico,2026-02-24 21:05:00,2026-02-24 21:34:00,30,"1,1583",0,26
6004,solo_estadistico,2026-03-13 22:30:00,2026-03-13 22:59:00,30,"1,1583",0,30
6004,solo_estadistico,2026-03-14 22:30:00,2026-03-14 22:59:00,30,"1,1583",0,30
6004,solo_estadistico,2026-03-21 17:47:00,2026-03-21 18:16:00,30,"1,1583",0,30
6004,solo_estadistico,2026-01-18 13:44:00,2026-01-18 14:12:00,29,1,0,13
6004,solo_estadistico,2026-02-22 14:03:00,2026-02-22 14:31:00,29,1,0,22
6004,solo_estadistico,2026-04-14 14:15:00,2026-04-14 14:43:00,29,1,0,23
6004,solo_estadistico,2025-12-30 21:11:00,2025-12-30 21:38:00,28,1,0,8
6004,solo_estadistico,2025-12-31 18:43:00,2025-12-31 19:09:00,27,1,0,20
6004,solo_estadistico,2026-04-14 15:23:00,2026-04-14 15:49:00,27,1,0,11
6004,solo_estadistico,2025-12-10 17:56:00,2025-12-10 18:21:00,26,1,0,12
6004,solo_estadistico,2026-02-04 12:55:00,2026-02-04 13:20:00,26,1,0,26
6004,solo_estadistico,2026-02-09 13:59:00,2026-02-09 14:24:00,26,1,0,23
6004,solo_estadistico,2026-03-25 22:30:00,2026-03-25 22:55:00,26,1,0,26
6004,solo_estadistico,2025-12-09 22:03:00,2025-12-09 22:27:00,25,1,0,25
6004,solo_estadistico,2025-12-31 16:39:00,2025-12-31 17:03:00,25,1,1,7
6004,solo_estadistico,2026-04-27 19:15:00,2026-04-27 19:39:00,25,1,0,20
6004,solo_estadistico,2025-12-28 22:10:00,2025-12-28 22:33:00,24,1,0,24
6004,solo_estadistico,2026-01-31 15:27:00,2026-01-31 15:50:00,24,1,0,12
6004,solo_estadistico,2026-04-14 16:27:00,2026-04-14 16:49:00,23,"1,1583",0,23
6004,solo_estadistico,2025-12-03 16:43:00,2025-12-03 17:04:00,22,1,0,16
6004,solo_estadistico,2025-12-04 20:33:00,2025-12-04 20:54:00,22,1,0,14
6004,solo_estadistico,2025-12-23 22:12:00,2025-12-23 22:33:00,22,1,0,18
6004,solo_estadistico,2026-01-18 17:40:00,2026-01-18 18:01:00,22,1,0,9
6004,solo_estadistico,2026-01-19 13:06:00,2026-01-19 13:27:00,22,1,0,10
6004,solo_estadistico,2026-03-22 21:56:00,2026-03-22 22:17:00,22,1,0,22
6004,solo_estadistico,2026-03-29 13:46:00,2026-03-29 14:07:00,22,1,0,15
6004,solo_estadistico,2025-12-15 17:07:00,2025-12-15 17:27:00,21,1,0,18
6004,solo_estadistico,2025-12-29 16:56:00,2025-12-29 17:16:00,21,1,0,8
6004,solo_estadistico,2026-01-31 16:09:00,2026-01-31 16:29:00,21,1,0,6
6004,solo_estadistico,2026-02-03 16:25:00,2026-02-03 16:45:00,21,"1,1583",0,11
6004,solo_estadistico,2026-02-05 14:50:00,2026-02-05 15:10:00,21,1,0,16
6004,solo_estadistico,2026-02-19 18:10:00,2026-02-19 18:30:00,21,1,0,12
6004,solo_estadistico,2026-03-05 19:19:00,2026-03-05 19:39:00,21,"1,1583",0,19
6004,solo_estadistico,2026-03-16 20:00:00,2026-03-16 20:20:00,21,1,0,11
6004,solo_estadistico,2026-04-10 17:04:00,2026-04-10 17:24:00,21,1,0,9
6004,solo_estadistico,2026-04-19 19:15:00,2026-04-19 19:35:00,21,1,0,17
6004,solo_estadistico,2025-12-10 18:47:00,2025-12-10 19:06:00,20,1,0,9
6004,solo_estadistico,2026-01-20 14:58:00,2026-01-20 15:17:00,20,1,0,10
6004,solo_estadistico,2026-01-30 13:04:00,2026-01-30 13:23:00,20,1,0,17
6004,solo_estadistico,2026-02-02 20:12:00,2026-02-02 20:31:00,20,"1,1583",0,15
6004,solo_estadistico,2026-03-13 23:11:00,2026-03-13 23:30:00,20,1,0,20
6004,solo_estadistico,2026-04-01 17:21:00,2026-04-01 17:40:00,20,1,0,15
6004,solo_estadistico,2026-04-22 18:20:00,2026-04-22 18:39:00,20,1,0,20
6004,solo_estadistico,2026-01-04 14:35:00,2026-01-04 14:53:00,19,1,0,14
6004,solo_estadistico,2026-01-06 14:41:00,2026-01-06 14:59:00,19,1,0,19
6004,solo_estadistico,2026-01-29 13:39:00,2026-01-29 13:57:00,19,"1,1583",0,9
6004,solo_estadistico,2026-02-03 14:41:00,2026-02-03 14:59:00,19,"1,1583",0,14
6004,solo_estadistico,2026-02-16 21:16:00,2026-02-16 21:34:00,19,1,0,9
6004,solo_estadistico,2025-12-02 16:05:00,2025-12-02 16:22:00,18,"1,1583",0,10
6004,solo_estadistico,2025-12-31 17:47:00,2025-12-31 18:04:00,18,1,0,6
6004,solo_estadistico,2026-01-20 20:02:00,2026-01-20 20:19:00,18,1,0,7
6004,solo_estadistico,2025-12-28 15:53:00,2025-12-28 16:09:00,17,1,0,4
6004,solo_estadistico,2026-02-04 15:37:00,2026-02-04 15:53:00,17,1,0,16
6004,solo_estadistico,2026-02-10 21:22:00,2026-02-10 21:38:00,17,1,0,8
6004,solo_estadistico,2026-04-23 12:56:00,2026-04-23 13:12:00,17,1,0,7
6004,solo_estadistico,2026-01-01 19:03:00,2026-01-01 19:18:00,16,1,0,6
6004,solo_estadistico,2026-01-09 13:04:00,2026-01-09 13:19:00,16,1,0,15
6004,solo_estadistico,2026-01-10 14:18:00,2026-01-10 14:33:00,16,"1,1583",0,15
6004,solo_estadistico,2026-01-18 18:13:00,2026-01-18 18:28:00,16,1,0,11
6004,solo_estadistico,2026-01-27 21:25:00,2026-01-27 21:40:00,16,1,0,16
6004,solo_estadistico,2026-02-17 17:54:00,2026-02-17 18:09:00,16,"1,1583",0,14
6004,solo_estadistico,2026-02-28 14:15:00,2026-02-28 14:30:00,16,1,0,3
6004,solo_estadistico,2026-03-05 18:09:00,2026-03-05 18:24:00,16,1,0,9
6004,solo_estadistico,2026-03-14 23:15:00,2026-03-14 23:30:00,16,1,0,16
6004,solo_estadistico,2026-03-20 19:53:00,2026-03-20 20:08:00,16,1,0,6
6004,solo_estadistico,2026-03-30 14:43:00,2026-03-30 14:58:00,16,1,0,10
6004,solo_estadistico,2025-12-10 15:21:00,2025-12-10 15:35:00,15,1,0,5
6004,solo_estadistico,2025-12-11 18:59:00,2025-12-11 19:13:00,15,1,0,8
6004,solo_estadistico,2026-01-04 16:30:00,2026-01-04 16:44:00,15,1,0,3
6004,solo_estadistico,2026-01-14 18:01:00,2026-01-14 18:15:00,15,1,0,8
6004,solo_estadistico,2026-01-17 22:25:00,2026-01-17 22:39:00,15,1,0,15
6004,solo_estadistico,2026-02-02 19:09:00,2026-02-02 19:23:00,15,"1,1583",0,15
6004,solo_estadistico,2026-02-14 19:29:00,2026-02-14 19:43:00,15,"1,1583",0,8
6004,solo_estadistico,2026-02-21 15:54:00,2026-02-21 16:08:00,15,1,0,6
6004,solo_estadistico,2026-04-03 16:01:00,2026-04-03 16:15:00,15,1,0,12
6004,solo_estadistico,2026-04-14 19:16:00,2026-04-14 19:30:00,15,1,0,4
6004,solo_estadistico,2025-12-28 12:59:00,2025-12-28 13:12:00,14,1,0,7
6004,solo_estadistico,2025-12-30 12:49:00,2025-12-30 13:02:00,14,1,0,9
6004,solo_estadistico,2026-01-07 14:25:00,2026-01-07 14:38:00,14,1,0,8
6004,solo_estadistico,2026-01-07 14:57:00,2026-01-07 15:10:00,14,1,0,7
6004,solo_estadistico,2026-01-31 14:50:00,2026-01-31 15:03:00,14,1,0,12
6004,solo_estadistico,2026-02-04 16:47:00,2026-02-04 17:00:00,14,1,0,10
6004,solo_estadistico,2026-02-09 16:22:00,2026-02-09 16:35:00,14,"1,1583",0,9
6004,solo_estadistico,2026-02-17 15:11:00,2026-02-17 15:24:00,14,1,0,11
6004,solo_estadistico,2026-02-20 19:56:00,2026-02-20 20:09:00,14,"1,1583",0,4
6004,solo_estadistico,2026-02-20 20:21:00,2026-02-20 20:34:00,14,"1,1583",0,12
6004,solo_estadistico,2026-03-04 19:10:00,2026-03-04 19:23:00,14,1,0,14
6004,solo_estadistico,2026-03-29 18:18:00,2026-03-29 18:31:00,14,1,0,6
6004,solo_estadistico,2026-04-11 18:41:00,2026-04-11 18:54:00,14,1,0,8
6004,solo_estadistico,2026-04-14 13:02:00,2026-04-14 13:15:00,14,1,0,12
6004,solo_estadistico,2026-04-16 20:19:00,2026-04-16 20:32:00,14,"1,1583",0,9
6004,solo_estadistico,2025-12-29 14:42:00,2025-12-29 14:54:00,13,1,0,3
6004,solo_estadistico,2026-02-02 18:44:00,2026-02-02 18:56:00,13,1,0,7
6004,solo_estadistico,2026-02-13 20:04:00,2026-02-13 20:16:00,13,1,0,8
6004,solo_estadistico,2026-02-19 17:08:00,2026-02-19 17:20:00,13,1,2,7
6004,solo_estadistico,2026-02-22 18:42:00,2026-02-22 18:54:00,13,"1,1583",0,13
6004,solo_estadistico,2026-02-23 18:43:00,2026-02-23 18:55:00,13,1,0,13
6004,solo_estadistico,2026-02-25 14:21:00,2026-02-25 14:33:00,13,1,0,5
6004,solo_estadistico,2026-04-09 16:17:00,2026-04-09 16:29:00,13,1,0,9
6004,solo_estadistico,2026-04-19 15:55:00,2026-04-19 16:07:00,13,1,0,11
6004,solo_estadistico,2026-04-24 20:56:00,2026-04-24 21:08:00,13,1,0,10
6004,solo_estadistico,2025-12-15 15:45:00,2025-12-15 15:56:00,12,1,0,10
6004,solo_estadistico,2025-12-30 17:14:00,2025-12-30 17:25:00,12,1,0,4
6004,solo_estadistico,2026-01-16 22:27:00,2026-01-16 22:38:00,12,1,0,12
6004,solo_estadistico,2026-02-09 14:36:00,2026-02-09 14:47:00,12,1,0,5
6004,solo_estadistico,2026-04-04 14:44:00,2026-04-04 14:55:00,12,1,0,10
6004,solo_estadistico,2026-04-12 12:38:00,2026-04-12 12:49:00,12,1,0,3
6004,solo_estadistico,2026-04-15 18:06:00,2026-04-15 18:17:00,12,1,0,12
6004,solo_estadistico,2026-04-17 20:55:00,2026-04-17 21:06:00,12,"1,1583",0,9
6004,solo_estadistico,2026-04-19 17:09:00,2026-04-19 17:20:00,12,1,0,8
6004,solo_estadistico,2026-04-20 20:47:00,2026-04-20 20:58:00,12,1,0,11
6004,solo_estadistico,2026-04-20 21:31:00,2026-04-20 21:42:00,12,1,0,6
6004,solo_estadistico,2025-12-25 12:05:00,2025-12-25 12:15:00,11,1,0,4
6004,solo_estadistico,2025-12-28 17:05:00,2025-12-28 17:15:00,11,1,0,5
6004,solo_estadistico,2025-12-29 17:44:00,2025-12-29 17:54:00,11,1,0,6
6004,solo_estadistico,2026-01-09 16:07:00,2026-01-09 16:17:00,11,1,0,6
6004,solo_estadistico,2026-02-12 13:19:00,2026-02-12 13:29:00,11,1,0,7
6004,solo_estadistico,2026-02-14 17:57:00,2026-02-14 18:07:00,11,1,0,11
6004,solo_estadistico,2026-04-19 16:33:00,2026-04-19 16:43:00,11,1,0,7
6004,solo_estadistico,2025-12-10 15:00:00,2025-12-10 15:09:00,10,"1,1583",0,4
6004,solo_estadistico,2025-12-30 16:50:00,2025-12-30 16:59:00,10,1,0,8
6004,solo_estadistico,2026-01-01 17:27:00,2026-01-01 17:36:00,10,1,0,10
6004,solo_estadistico,2026-01-14 17:17:00,2026-01-14 17:26:00,10,1,0,9
6004,solo_estadistico,2026-01-17 15:21:00,2026-01-17 15:30:00,10,1,0,7
6004,solo_estadistico,2026-01-28 19:38:00,2026-01-28 19:47:00,10,1,0,6
6004,solo_estadistico,2026-02-22 14:49:00,2026-02-22 14:58:00,10,1,0,2
6004,solo_estadistico,2026-03-25 23:21:00,2026-03-25 23:30:00,10,1,0,10
6004,solo_estadistico,2026-04-10 12:18:00,2026-04-10 12:27:00,10,1,0,2
6004,solo_estadistico,2026-04-12 14:51:00,2026-04-12 15:00:00,10,1,0,8
6004,solo_estadistico,2026-04-17 12:55:00,2026-04-17 13:04:00,10,1,0,2
6004,solo_estadistico,2026-04-19 20:40:00,2026-04-19 20:49:00,10,"1,1583",0,10
6004,solo_estadistico,2026-04-25 17:41:00,2026-04-25 17:50:00,10,1,0,10
6004,solo_estadistico,2026-04-25 20:14:00,2026-04-25 20:23:00,10,1,0,10
6004,solo_estadistico,2025-12-11 18:29:00,2025-12-11 18:37:00,9,1,0,9
6004,solo_estadistico,2026-01-01 15:00:00,2026-01-01 15:08:00,9,1,0,2
6004,solo_estadistico,2026-01-14 21:10:00,2026-01-14 21:18:00,9,1,0,8
6004,solo_estadistico,2026-02-17 14:42:00,2026-02-17 14:50:00,9,1,0,9
6004,solo_estadistico,2026-02-19 13:16:00,2026-02-19 13:24:00,9,1,0,9
6004,solo_estadistico,2026-03-07 18:42:00,2026-03-07 18:50:00,9,1,0,8
6004,solo_estadistico,2026-03-21 12:49:00,2026-03-21 12:57:00,9,1,0,6
6004,solo_estadistico,2026-04-15 18:47:00,2026-04-15 18:55:00,9,1,0,7
6004,solo_estadistico,2026-04-17 14:05:00,2026-04-17 14:13:00,9,1,0,3
6004,solo_estadistico,2026-04-23 19:34:00,2026-04-23 19:42:00,9,1,0,9
6004,solo_estadistico,2026-04-25 16:46:00,2026-04-25 16:54:00,9,1,0,9
6004,solo_estadistico,2025-12-13 13:25:00,2025-12-13 13:32:00,8,1,0,7
6004,solo_estadistico,2025-12-14 16:31:00,2025-12-14 16:38:00,8,1,0,4
6004,solo_estadistico,2025-12-25 12:27:00,2025-12-25 12:34:00,8,1,0,2
6004,solo_estadistico,2025-12-28 13:41:00,2025-12-28 13:48:00,8,1,0,5
6004,solo_estadistico,2025-12-28 17:33:00,2025-12-28 17:40:00,8,1,0,4
6004,solo_estadistico,2025-12-29 16:20:00,2025-12-29 16:27:00,8,1,0,4
6004,solo_estadistico,2026-02-23 18:21:00,2026-02-23 18:28:00,8,"1,1583",0,7
6004,solo_estadistico,2026-03-01 18:12:00,2026-03-01 18:19:00,8,1,0,6
6004,solo_estadistico,2026-03-03 14:29:00,2026-03-03 14:36:00,8,1,0,2
6004,solo_estadistico,2026-03-09 19:57:00,2026-03-09 20:04:00,8,1,0,3
6004,solo_estadistico,2026-03-15 21:49:00,2026-03-15 21:56:00,8,1,0,8
6004,solo_estadistico,2026-03-20 15:30:00,2026-03-20 15:37:00,8,1,0,2
6004,solo_estadistico,2026-03-24 21:28:00,2026-03-24 21:35:00,8,1,0,4
6004,solo_estadistico,2026-04-03 12:27:00,2026-04-03 12:34:00,8,1,0,8
6004,solo_estadistico,2026-04-12 15:14:00,2026-04-12 15:21:00,8,1,0,5
6004,solo_estadistico,2026-04-23 20:18:00,2026-04-23 20:25:00,8,1,0,7
6004,solo_estadistico,2026-04-24 20:03:00,2026-04-24 20:10:00,8,1,0,8
6004,solo_estadistico,2025-12-06 19:15:00,2025-12-06 19:21:00,7,1,0,7
6004,solo_estadistico,2025-12-09 19:33:00,2025-12-09 19:39:00,7,1,0,6
6004,solo_estadistico,2025-12-13 14:34:00,2025-12-13 14:40:00,7,1,0,3
6004,solo_estadistico,2025-12-29 12:42:00,2025-12-29 12:48:00,7,1,0,7
6004,solo_estadistico,2026-01-04 17:26:00,2026-01-04 17:32:00,7,"1,1583",0,6
6004,solo_estadistico,2026-01-05 16:50:00,2026-01-05 16:56:00,7,"1,1583",0,7
6004,solo_estadistico,2026-01-09 18:16:00,2026-01-09 18:22:00,7,1,0,7
6004,solo_estadistico,2026-01-15 16:22:00,2026-01-15 16:28:00,7,1,0,2
6004,solo_estadistico,2026-01-18 12:06:00,2026-01-18 12:12:00,7,1,0,3
6004,solo_estadistico,2026-01-28 19:18:00,2026-01-28 19:24:00,7,1,0,6
6004,solo_estadistico,2026-01-29 15:43:00,2026-01-29 15:49:00,7,1,0,3
6004,solo_estadistico,2026-01-30 20:35:00,2026-01-30 20:41:00,7,1,0,7
6004,solo_estadistico,2026-01-31 20:19:00,2026-01-31 20:25:00,7,1,0,3
6004,solo_estadistico,2026-02-17 15:38:00,2026-02-17 15:44:00,7,1,0,7
6004,solo_estadistico,2026-03-03 13:53:00,2026-03-03 13:59:00,7,1,0,4
6004,solo_estadistico,2026-04-04 15:54:00,2026-04-04 16:00:00,7,1,0,7
6004,solo_estadistico,2026-04-10 14:39:00,2026-04-10 14:45:00,7,1,0,3
6004,solo_estadistico,2026-04-10 18:01:00,2026-04-10 18:07:00,7,1,0,4
6004,solo_estadistico,2025-12-11 14:58:00,2025-12-11 15:03:00,6,1,0,2
6004,solo_estadistico,2025-12-13 14:09:00,2025-12-13 14:14:00,6,1,0,2
6004,solo_estadistico,2025-12-13 18:45:00,2025-12-13 18:50:00,6,1,0,6
6004,solo_estadistico,2025-12-31 16:18:00,2025-12-31 16:23:00,6,1,0,6
6004,solo_estadistico,2026-01-07 21:31:00,2026-01-07 21:36:00,6,1,0,4
6004,solo_estadistico,2026-01-09 16:48:00,2026-01-09 16:53:00,6,1,0,4
6004,solo_estadistico,2026-01-09 17:45:00,2026-01-09 17:50:00,6,1,0,6
6004,solo_estadistico,2026-01-15 17:24:00,2026-01-15 17:29:00,6,"1,1583",0,4
6004,solo_estadistico,2026-02-16 14:57:00,2026-02-16 15:02:00,6,"1,1583",0,6
6004,solo_estadistico,2026-02-20 15:11:00,2026-02-20 15:16:00,6,1,0,6
6004,solo_estadistico,2026-02-28 18:16:00,2026-02-28 18:21:00,6,1,0,6
6004,solo_estadistico,2026-03-04 20:09:00,2026-03-04 20:14:00,6,1,0,6
6004,solo_estadistico,2026-03-21 15:17:00,2026-03-21 15:22:00,6,1,0,5
6004,solo_estadistico,2026-03-23 13:38:00,2026-03-23 13:43:00,6,1,0,6
6004,solo_estadistico,2026-04-11 18:02:00,2026-04-11 18:07:00,6,1,0,6
6004,solo_estadistico,2026-04-19 18:07:00,2026-04-19 18:12:00,6,1,0,6
6004,solo_estadistico,2025-12-03 12:45:00,2025-12-03 12:49:00,5,1,0,5
6004,solo_estadistico,2025-12-10 16:31:00,2025-12-10 16:35:00,5,1,0,4
6004,solo_estadistico,2025-12-14 15:23:00,2025-12-14 15:27:00,5,1,0,5
6004,solo_estadistico,2025-12-26 20:31:00,2025-12-26 20:35:00,5,1,0,5
6004,solo_estadistico,2026-01-07 17:31:00,2026-01-07 17:35:00,5,"1,1583",0,5
6004,solo_estadistico,2026-01-07 18:31:00,2026-01-07 18:35:00,5,1,0,5
6004,solo_estadistico,2026-01-07 21:10:00,2026-01-07 21:14:00,5,1,0,5
6004,solo_estadistico,2026-01-15 13:38:00,2026-01-15 13:42:00,5,1,0,4
6004,solo_estadistico,2026-01-18 12:38:00,2026-01-18 12:42:00,5,1,0,2
6004,solo_estadistico,2026-01-27 17:40:00,2026-01-27 17:44:00,5,"1,1583",0,5
6004,solo_estadistico,2026-01-28 14:20:00,2026-01-28 14:24:00,5,1,0,5
6004,solo_estadistico,2026-02-17 16:13:00,2026-02-17 16:17:00,5,1,0,4
6004,solo_estadistico,2026-02-19 15:45:00,2026-02-19 15:49:00,5,"1,1583",0,3
6004,solo_estadistico,2026-02-20 18:48:00,2026-02-20 18:52:00,5,1,0,3
6004,solo_estadistico,2026-02-24 16:59:00,2026-02-24 17:03:00,5,1,0,3
6004,solo_estadistico,2026-03-03 18:15:00,2026-03-03 18:19:00,5,1,0,5
6004,solo_estadistico,2026-03-03 18:46:00,2026-03-03 18:50:00,5,1,0,5
6004,solo_estadistico,2026-03-04 17:39:00,2026-03-04 17:43:00,5,1,0,3
6004,solo_estadistico,2026-03-07 15:47:00,2026-03-07 15:51:00,5,1,0,5
6004,solo_estadistico,2026-03-10 13:41:00,2026-03-10 13:45:00,5,1,0,5
6004,solo_estadistico,2026-03-16 19:20:00,2026-03-16 19:24:00,5,1,0,5
6004,solo_estadistico,2026-04-04 15:07:00,2026-04-04 15:11:00,5,1,0,2
6004,solo_estadistico,2026-04-12 15:34:00,2026-04-12 15:38:00,5,1,0,3
6004,solo_estadistico,2026-04-14 21:33:00,2026-04-14 21:37:00,5,1,0,5
6004,solo_estadistico,2026-04-21 18:00:00,2026-04-21 18:04:00,5,"1,1583",1,5
6004,solo_estadistico,2025-12-02 14:46:00,2025-12-02 14:49:00,4,1,0,4
6004,solo_estadistico,2025-12-10 22:06:00,2025-12-10 22:09:00,4,1,0,4
6004,solo_estadistico,2025-12-15 16:26:00,2025-12-15 16:29:00,4,1,0,4
6004,solo_estadistico,2025-12-18 16:26:00,2025-12-18 16:29:00,4,1,0,2
6004,solo_estadistico,2025-12-26 20:48:00,2025-12-26 20:51:00,4,1,0,3
6004,solo_estadistico,2025-12-29 18:20:00,2025-12-29 18:23:00,4,1,0,3
6004,solo_estadistico,2025-12-31 20:08:00,2025-12-31 20:11:00,4,1,0,4
6004,solo_estadistico,2026-01-09 17:10:00,2026-01-09 17:13:00,4,1,0,4
6004,solo_estadistico,2026-01-13 16:09:00,2026-01-13 16:12:00,4,1,0,4
6004,solo_estadistico,2026-01-19 14:39:00,2026-01-19 14:42:00,4,1,0,4
6004,solo_estadistico,2026-01-20 13:13:00,2026-01-20 13:16:00,4,1,0,4
6004,solo_estadistico,2026-01-23 14:49:00,2026-01-23 14:52:00,4,1,0,4
6004,solo_estadistico,2026-01-27 20:00:00,2026-01-27 20:03:00,4,1,0,3
6004,solo_estadistico,2026-01-29 20:16:00,2026-01-29 20:19:00,4,1,0,4
6004,solo_estadistico,2026-01-30 20:14:00,2026-01-30 20:17:00,4,"1,1583",0,4
6004,solo_estadistico,2026-02-04 17:19:00,2026-02-04 17:22:00,4,1,0,2
6004,solo_estadistico,2026-02-17 17:05:00,2026-02-17 17:08:00,4,1,0,3
6004,solo_estadistico,2026-02-19 13:54:00,2026-02-19 13:57:00,4,1,0,4
6004,solo_estadistico,2026-02-20 16:49:00,2026-02-20 16:52:00,4,1,0,4
6004,solo_estadistico,2026-03-02 14:16:00,2026-03-02 14:19:00,4,1,0,4
6004,solo_estadistico,2026-03-23 15:20:00,2026-03-23 15:23:00,4,1,0,2
6004,solo_estadistico,2026-04-01 19:01:00,2026-04-01 19:04:00,4,1,0,2
6004,solo_estadistico,2026-04-15 19:08:00,2026-04-15 19:11:00,4,1,0,3
6004,solo_estadistico,2026-04-22 21:16:00,2026-04-22 21:19:00,4,1,0,4
6004,solo_estadistico,2026-04-25 14:33:00,2026-04-25 14:36:00,4,1,0,4
6004,solo_estadistico,2025-12-02 17:39:00,2025-12-02 17:41:00,3,1,0,2
6004,solo_estadistico,2025-12-03 11:21:00,2025-12-03 11:23:00,3,1,0,3
6004,solo_estadistico,2025-12-03 18:47:00,2025-12-03 18:49:00,3,1,0,3
6004,solo_estadistico,2025-12-04 20:19:00,2025-12-04 20:21:00,3,1,0,2
6004,solo_estadistico,2025-12-07 20:02:00,2025-12-07 20:04:00,3,1,0,3
6004,solo_estadistico,2025-12-17 15:20:00,2025-12-17 15:22:00,3,1,0,3
6004,solo_estadistico,2025-12-19 19:39:00,2025-12-19 19:41:00,3,1,0,3
6004,solo_estadistico,2025-12-27 12:02:00,2025-12-27 12:04:00,3,1,0,3
6004,solo_estadistico,2025-12-27 14:31:00,2025-12-27 14:33:00,3,1,0,3
6004,solo_estadistico,2025-12-27 17:43:00,2025-12-27 17:45:00,3,1,0,3
6004,solo_estadistico,2025-12-28 15:36:00,2025-12-28 15:38:00,3,1,0,2
6004,solo_estadistico,2025-12-29 13:25:00,2025-12-29 13:27:00,3,1,0,3
6004,solo_estadistico,2025-12-30 15:21:00,2025-12-30 15:23:00,3,1,0,3
6004,solo_estadistico,2025-12-31 14:23:00,2025-12-31 14:25:00,3,1,0,2
6004,solo_estadistico,2025-12-31 21:32:00,2025-12-31 21:34:00,3,1,0,3
6004,solo_estadistico,2026-01-01 11:35:00,2026-01-01 11:37:00,3,1,0,3
6004,solo_estadistico,2026-01-01 15:28:00,2026-01-01 15:30:00,3,1,0,3
6004,solo_estadistico,2026-01-01 18:43:00,2026-01-01 18:45:00,3,1,0,3
6004,solo_estadistico,2026-01-07 19:41:00,2026-01-07 19:43:00,3,1,0,3
6004,solo_estadistico,2026-01-09 15:52:00,2026-01-09 15:54:00,3,1,0,3
6004,solo_estadistico,2026-01-12 22:28:00,2026-01-12 22:30:00,3,1,0,3
6004,solo_estadistico,2026-01-18 13:29:00,2026-01-18 13:31:00,3,1,0,2
6004,solo_estadistico,2026-01-21 14:42:00,2026-01-21 14:44:00,3,1,0,3
6004,solo_estadistico,2026-02-02 20:59:00,2026-02-02 21:01:00,3,"1,1583",0,3
6004,solo_estadistico,2026-02-04 15:02:00,2026-02-04 15:04:00,3,1,0,2
6004,solo_estadistico,2026-02-05 19:44:00,2026-02-05 19:46:00,3,1,0,3
6004,solo_estadistico,2026-02-10 20:58:00,2026-02-10 21:00:00,3,1,0,3
6004,solo_estadistico,2026-02-14 18:51:00,2026-02-14 18:53:00,3,1,0,3
6004,solo_estadistico,2026-02-26 16:10:00,2026-02-26 16:12:00,3,1,0,3
6004,solo_estadistico,2026-03-07 15:03:00,2026-03-07 15:05:00,3,1,0,3
6004,solo_estadistico,2026-03-11 22:12:00,2026-03-11 22:14:00,3,1,0,3
6004,solo_estadistico,2026-04-17 19:19:00,2026-04-17 19:21:00,3,1,0,2
6004,solo_estadistico,2026-04-18 11:19:00,2026-04-18 11:21:00,3,1,0,2
6004,solo_estadistico,2026-04-18 17:14:00,2026-04-18 17:16:00,3,1,0,2
6004,solo_estadistico,2026-04-18 20:09:00,2026-04-18 20:11:00,3,1,0,3
6004,solo_estadistico,2025-12-05 18:14:00,2025-12-05 18:15:00,2,1,0,2
6004,solo_estadistico,2025-12-13 15:49:00,2025-12-13 15:50:00,2,1,0,2
6004,solo_estadistico,2025-12-17 13:54:00,2025-12-17 13:55:00,2,1,0,2
6004,solo_estadistico,2025-12-18 13:49:00,2025-12-18 13:50:00,2,1,0,2
6004,solo_estadistico,2025-12-19 18:52:00,2025-12-19 18:53:00,2,1,0,2
6004,solo_estadistico,2025-12-25 14:50:00,2025-12-25 14:51:00,2,1,0,2
6004,solo_estadistico,2025-12-29 13:04:00,2025-12-29 13:05:00,2,1,0,2
6004,solo_estadistico,2025-12-29 14:03:00,2025-12-29 14:04:00,2,1,0,2
6004,solo_estadistico,2025-12-29 18:45:00,2025-12-29 18:46:00,2,1,0,2
6004,solo_estadistico,2025-12-31 14:39:00,2025-12-31 14:40:00,2,1,0,2
6004,solo_estadistico,2026-01-01 12:30:00,2026-01-01 12:31:00,2,1,0,2
6004,solo_estadistico,2026-01-01 12:54:00,2026-01-01 12:55:00,2,1,0,2
6004,solo_estadistico,2026-01-01 14:14:00,2026-01-01 14:15:00,2,1,0,2
6004,solo_estadistico,2026-01-17 15:45:00,2026-01-17 15:46:00,2,1,0,2
6004,solo_estadistico,2026-01-18 18:57:00,2026-01-18 18:58:00,2,1,0,2
6004,solo_estadistico,2026-01-19 15:49:00,2026-01-19 15:50:00,2,1,0,2
6004,solo_estadistico,2026-01-20 17:55:00,2026-01-20 17:56:00,2,1,0,2
6004,solo_estadistico,2026-01-21 14:15:00,2026-01-21 14:16:00,2,1,0,2
6004,solo_estadistico,2026-01-22 16:04:00,2026-01-22 16:05:00,2,1,0,2
6004,solo_estadistico,2026-01-27 14:22:00,2026-01-27 14:23:00,2,1,0,2
6004,solo_estadistico,2026-01-29 13:05:00,2026-01-29 13:06:00,2,1,0,2
6004,solo_estadistico,2026-02-02 18:12:00,2026-02-02 18:13:00,2,1,0,2
6004,solo_estadistico,2026-02-04 16:28:00,2026-02-04 16:29:00,2,1,0,2
6004,solo_estadistico,2026-02-14 16:54:00,2026-02-14 16:55:00,2,1,0,2
6004,solo_estadistico,2026-02-19 17:53:00,2026-02-19 17:54:00,2,1,0,2
6004,solo_estadistico,2026-02-22 15:45:00,2026-02-22 15:46:00,2,1,0,2
6004,solo_estadistico,2026-02-22 16:34:00,2026-02-22 16:35:00,2,1,0,2
6004,solo_estadistico,2026-03-14 21:09:00,2026-03-14 21:10:00,2,1,0,2
6004,solo_estadistico,2026-03-16 13:28:00,2026-03-16 13:29:00,2,1,0,2
6004,solo_estadistico,2026-03-16 14:06:00,2026-03-16 14:07:00,2,1,0,2
6004,solo_estadistico,2026-03-18 16:20:00,2026-03-18 16:21:00,2,1,0,2
6004,solo_estadistico,2026-03-18 18:06:00,2026-03-18 18:07:00,2,1,0,2
6004,solo_estadistico,2026-03-20 13:51:00,2026-03-20 13:52:00,2,1,0,2
6004,solo_estadistico,2026-03-22 14:35:00,2026-03-22 14:36:00,2,1,0,2
6004,solo_estadistico,2026-03-26 16:25:00,2026-03-26 16:26:00,2,1,0,2
6004,solo_estadistico,2026-04-01 12:53:00,2026-04-01 12:54:00,2,1,0,2
6004,solo_estadistico,2026-04-01 16:13:00,2026-04-01 16:14:00,2,1,0,2
6004,solo_estadistico,2026-04-10 16:07:00,2026-04-10 16:08:00,2,1,0,2
6004,solo_estadistico,2026-04-15 14:23:00,2026-04-15 14:24:00,2,1,0,2
6004,solo_estadistico,2026-04-15 17:52:00,2026-04-15 17:53:00,2,1,0,2
6004,solo_estadistico,2026-04-19 14:58:00,2026-04-19 14:59:00,2,1,0,2
6004,solo_estadistico,2026-04-22 12:12:00,2026-04-22 12:13:00,2,1,0,2
6004,solo_estadistico,2026-04-22 12:53:00,2026-04-22 12:54:00,2,1,0,2
6004,solo_estadistico,2026-04-24 12:14:00,2026-04-24 12:15:00,2,1,0,2
6004,solo_estadistico,2025-12-01 19:31:00,2025-12-01 19:31:00,1,1,0,1
6004,solo_estadistico,2025-12-02 16:35:00,2025-12-02 16:35:00,1,1,0,1
6004,solo_estadistico,2025-12-02 17:57:00,2025-12-02 17:57:00,1,1,0,1
6004,solo_estadistico,2025-12-05 17:42:00,2025-12-05 17:42:00,1,1,0,1
6004,solo_estadistico,2025-12-05 17:55:00,2025-12-05 17:55:00,1,1,0,1
6004,solo_estadistico,2025-12-10 18:35:00,2025-12-10 18:35:00,1,1,0,1
6004,solo_estadistico,2025-12-11 15:33:00,2025-12-11 15:33:00,1,1,0,1
6004,solo_estadistico,2025-12-11 15:53:00,2025-12-11 15:53:00,1,1,0,1
6004,solo_estadistico,2025-12-13 15:27:00,2025-12-13 15:27:00,1,1,0,1
6004,solo_estadistico,2025-12-14 13:34:00,2025-12-14 13:34:00,1,1,0,1
6004,solo_estadistico,2025-12-14 13:51:00,2025-12-14 13:51:00,1,1,0,1
6004,solo_estadistico,2025-12-14 14:14:00,2025-12-14 14:14:00,1,1,0,1
6004,solo_estadistico,2025-12-14 19:10:00,2025-12-14 19:10:00,1,1,0,1
6004,solo_estadistico,2025-12-18 14:04:00,2025-12-18 14:04:00,1,1,0,1
6004,solo_estadistico,2025-12-21 13:21:00,2025-12-21 13:21:00,1,1,0,1
6004,solo_estadistico,2025-12-21 20:28:00,2025-12-21 20:28:00,1,1,0,1
6004,solo_estadistico,2025-12-24 16:26:00,2025-12-24 16:26:00,1,1,0,1
6004,solo_estadistico,2025-12-25 14:24:00,2025-12-25 14:24:00,1,1,0,1
6004,solo_estadistico,2025-12-28 14:07:00,2025-12-28 14:07:00,1,1,0,1
6004,solo_estadistico,2025-12-28 14:37:00,2025-12-28 14:37:00,1,1,0,1
6004,solo_estadistico,2025-12-28 15:24:00,2025-12-28 15:24:00,1,1,0,1
6004,solo_estadistico,2025-12-28 16:35:00,2025-12-28 16:35:00,1,1,0,1
6004,solo_estadistico,2025-12-28 16:51:00,2025-12-28 16:51:00,1,1,0,1
6004,solo_estadistico,2025-12-28 17:58:00,2025-12-28 17:58:00,1,1,0,1
6004,solo_estadistico,2025-12-28 18:11:00,2025-12-28 18:11:00,1,1,0,1
6004,solo_estadistico,2025-12-29 13:49:00,2025-12-29 13:49:00,1,1,0,1
6004,solo_estadistico,2025-12-29 16:06:00,2025-12-29 16:06:00,1,1,0,1
6004,solo_estadistico,2025-12-29 16:42:00,2025-12-29 16:42:00,1,1,0,1
6004,solo_estadistico,2025-12-29 18:08:00,2025-12-29 18:08:00,1,1,0,1
6004,solo_estadistico,2025-12-29 18:58:00,2025-12-29 18:58:00,1,1,0,1
6004,solo_estadistico,2025-12-29 20:41:00,2025-12-29 20:41:00,1,1,0,1
6004,solo_estadistico,2025-12-30 13:29:00,2025-12-30 13:29:00,1,1,0,1
6004,solo_estadistico,2025-12-30 15:04:00,2025-12-30 15:04:00,1,1,0,1
6004,solo_estadistico,2025-12-30 16:31:00,2025-12-30 16:31:00,1,1,0,1
6004,solo_estadistico,2025-12-30 17:43:00,2025-12-30 17:43:00,1,1,0,1
6004,solo_estadistico,2025-12-30 18:11:00,2025-12-30 18:11:00,1,1,0,1
6004,solo_estadistico,2025-12-30 18:45:00,2025-12-30 18:45:00,1,1,0,1
6004,solo_estadistico,2025-12-30 20:03:00,2025-12-30 20:03:00,1,1,0,1
6004,solo_estadistico,2025-12-31 15:30:00,2025-12-31 15:30:00,1,1,0,1
6004,solo_estadistico,2025-12-31 17:33:00,2025-12-31 17:33:00,1,1,0,1
6004,solo_estadistico,2025-12-31 18:31:00,2025-12-31 18:31:00,1,1,0,1
6004,solo_estadistico,2025-12-31 22:19:00,2025-12-31 22:19:00,1,1,0,1
6004,solo_estadistico,2026-01-01 12:01:00,2026-01-01 12:01:00,1,1,0,1
6004,solo_estadistico,2026-01-03 16:57:00,2026-01-03 16:57:00,1,1,0,1
6004,solo_estadistico,2026-01-04 16:58:00,2026-01-04 16:58:00,1,1,0,1
6004,solo_estadistico,2026-01-07 15:35:00,2026-01-07 15:35:00,1,1,0,1
6004,solo_estadistico,2026-01-07 16:07:00,2026-01-07 16:07:00,1,1,0,1
6004,solo_estadistico,2026-01-07 17:54:00,2026-01-07 17:54:00,1,1,0,1
6004,solo_estadistico,2026-01-07 20:37:00,2026-01-07 20:37:00,1,1,0,1
6004,solo_estadistico,2026-01-07 20:58:00,2026-01-07 20:58:00,1,1,0,1
6004,solo_estadistico,2026-01-09 15:00:00,2026-01-09 15:00:00,1,1,0,1
6004,solo_estadistico,2026-01-09 15:28:00,2026-01-09 15:28:00,1,1,0,1
6004,solo_estadistico,2026-01-09 16:32:00,2026-01-09 16:32:00,1,1,0,1
6004,solo_estadistico,2026-01-13 20:52:00,2026-01-13 20:52:00,1,1,0,1
6004,solo_estadistico,2026-01-14 13:36:00,2026-01-14 13:36:00,1,1,0,1
6004,solo_estadistico,2026-01-14 21:45:00,2026-01-14 21:45:00,1,1,0,1
6004,solo_estadistico,2026-01-15 18:20:00,2026-01-15 18:20:00,1,1,0,1
6004,solo_estadistico,2026-01-16 20:26:00,2026-01-16 20:26:00,1,1,0,1
6004,solo_estadistico,2026-01-17 15:06:00,2026-01-17 15:06:00,1,1,0,1
6004,solo_estadistico,2026-01-18 16:32:00,2026-01-18 16:32:00,1,1,0,1
6004,solo_estadistico,2026-01-19 16:33:00,2026-01-19 16:33:00,1,1,0,1
6004,solo_estadistico,2026-01-20 14:36:00,2026-01-20 14:36:00,1,1,0,1
6004,solo_estadistico,2026-01-21 14:57:00,2026-01-21 14:57:00,1,1,0,1
6004,solo_estadistico,2026-01-21 16:39:00,2026-01-21 16:39:00,1,1,0,1
6004,solo_estadistico,2026-01-22 15:24:00,2026-01-22 15:24:00,1,1,0,1
6004,solo_estadistico,2026-01-25 14:29:00,2026-01-25 14:29:00,1,1,0,1
6004,solo_estadistico,2026-01-25 17:25:00,2026-01-25 17:25:00,1,1,0,1
6004,solo_estadistico,2026-01-27 17:21:00,2026-01-27 17:21:00,1,1,0,1
6004,solo_estadistico,2026-01-28 18:07:00,2026-01-28 18:07:00,1,1,0,1
6004,solo_estadistico,2026-01-28 18:27:00,2026-01-28 18:27:00,1,1,0,1
6004,solo_estadistico,2026-01-29 16:01:00,2026-01-29 16:01:00,1,1,0,1
6004,solo_estadistico,2026-01-29 21:43:00,2026-01-29 21:43:00,1,1,0,1
6004,solo_estadistico,2026-01-30 19:23:00,2026-01-30 19:23:00,1,1,0,1
6004,solo_estadistico,2026-01-31 19:06:00,2026-01-31 19:06:00,1,1,0,1
6004,solo_estadistico,2026-02-03 18:47:00,2026-02-03 18:47:00,1,1,0,1
6004,solo_estadistico,2026-02-03 21:18:00,2026-02-03 21:18:00,1,1,0,1
6004,solo_estadistico,2026-02-04 17:52:00,2026-02-04 17:52:00,1,1,0,1
6004,solo_estadistico,2026-02-04 19:27:00,2026-02-04 19:27:00,1,1,0,1
6004,solo_estadistico,2026-02-07 20:40:00,2026-02-07 20:40:00,1,1,0,1
6004,solo_estadistico,2026-02-09 17:48:00,2026-02-09 17:48:00,1,1,0,1
6004,solo_estadistico,2026-02-09 18:18:00,2026-02-09 18:18:00,1,1,0,1
6004,solo_estadistico,2026-02-16 16:38:00,2026-02-16 16:38:00,1,1,0,1
6004,solo_estadistico,2026-02-17 13:45:00,2026-02-17 13:45:00,1,1,0,1
6004,solo_estadistico,2026-02-17 16:53:00,2026-02-17 16:53:00,1,1,0,1
6004,solo_estadistico,2026-02-17 18:26:00,2026-02-17 18:26:00,1,1,0,1
6004,solo_estadistico,2026-02-19 14:54:00,2026-02-19 14:54:00,1,1,0,1
6004,solo_estadistico,2026-02-19 19:04:00,2026-02-19 19:04:00,1,1,0,1
6004,solo_estadistico,2026-02-20 15:50:00,2026-02-20 15:50:00,1,1,0,1
6004,solo_estadistico,2026-02-20 16:05:00,2026-02-20 16:05:00,1,1,0,1
6004,solo_estadistico,2026-02-20 17:52:00,2026-02-20 17:52:00,1,1,0,1
6004,solo_estadistico,2026-02-24 17:54:00,2026-02-24 17:54:00,1,1,0,1
6004,solo_estadistico,2026-02-25 18:07:00,2026-02-25 18:07:00,1,1,0,1
6004,solo_estadistico,2026-02-26 16:25:00,2026-02-26 16:25:00,1,1,0,1
6004,solo_estadistico,2026-03-04 16:25:00,2026-03-04 16:25:00,1,1,0,1
6004,solo_estadistico,2026-03-04 18:11:00,2026-03-04 18:11:00,1,1,0,1
6004,solo_estadistico,2026-03-07 14:37:00,2026-03-07 14:37:00,1,1,0,1
6004,solo_estadistico,2026-03-07 16:26:00,2026-03-07 16:26:00,1,1,0,1
6004,solo_estadistico,2026-03-07 22:39:00,2026-03-07 22:39:00,1,1,0,1
6004,solo_estadistico,2026-03-11 15:20:00,2026-03-11 15:20:00,1,1,0,1
6004,solo_estadistico,2026-03-11 15:50:00,2026-03-11 15:50:00,1,1,0,1
6004,solo_estadistico,2026-03-11 16:24:00,2026-03-11 16:24:00,1,1,0,1
6004,solo_estadistico,2026-03-13 19:08:00,2026-03-13 19:08:00,1,1,0,1
6004,solo_estadistico,2026-03-13 19:56:00,2026-03-13 19:56:00,1,1,0,1
6004,solo_estadistico,2026-03-17 15:06:00,2026-03-17 15:06:00,1,1,0,1
6004,solo_estadistico,2026-03-17 15:51:00,2026-03-17 15:51:00,1,1,0,1
6004,solo_estadistico,2026-03-17 16:06:00,2026-03-17 16:06:00,1,1,0,1
6004,solo_estadistico,2026-03-17 16:23:00,2026-03-17 16:23:00,1,1,0,1
6004,solo_estadistico,2026-03-18 13:26:00,2026-03-18 13:26:00,1,1,0,1
6004,solo_estadistico,2026-03-19 21:01:00,2026-03-19 21:01:00,1,1,0,1
6004,solo_estadistico,2026-03-21 16:06:00,2026-03-21 16:06:00,1,1,0,1
6004,solo_estadistico,2026-03-23 16:47:00,2026-03-23 16:47:00,1,1,0,1
6004,solo_estadistico,2026-03-23 19:12:00,2026-03-23 19:12:00,1,1,0,1
6004,solo_estadistico,2026-03-23 21:06:00,2026-03-23 21:06:00,1,1,0,1
6004,solo_estadistico,2026-03-29 14:27:00,2026-03-29 14:27:00,1,1,0,1
6004,solo_estadistico,2026-04-01 17:09:00,2026-04-01 17:09:00,1,1,0,1
6004,solo_estadistico,2026-04-01 21:03:00,2026-04-01 21:03:00,1,1,0,1
6004,solo_estadistico,2026-04-02 20:30:00,2026-04-02 20:30:00,1,1,0,1
6004,solo_estadistico,2026-04-03 17:20:00,2026-04-03 17:20:00,1,1,0,1
6004,solo_estadistico,2026-04-04 16:33:00,2026-04-04 16:33:00,1,1,0,1
6004,solo_estadistico,2026-04-07 17:32:00,2026-04-07 17:32:00,1,1,0,1
6004,solo_estadistico,2026-04-09 17:27:00,2026-04-09 17:27:00,1,1,0,1
6004,solo_estadistico,2026-04-09 21:37:00,2026-04-09 21:37:00,1,1,0,1
6004,solo_estadistico,2026-04-09 21:57:00,2026-04-09 21:57:00,1,1,0,1
6004,solo_estadistico,2026-04-11 17:18:00,2026-04-11 17:18:00,1,1,0,1
6004,solo_estadistico,2026-04-11 19:09:00,2026-04-11 19:09:00,1,1,0,1
6004,solo_estadistico,2026-04-11 20:09:00,2026-04-11 20:09:00,1,1,0,1
6004,solo_estadistico,2026-04-12 14:09:00,2026-04-12 14:09:00,1,1,0,1
6004,solo_estadistico,2026-04-12 16:10:00,2026-04-12 16:10:00,1,1,0,1
6004,solo_estadistico,2026-04-12 16:36:00,2026-04-12 16:36:00,1,1,0,1
6004,solo_estadistico,2026-04-12 16:57:00,2026-04-12 16:57:00,1,1,0,1
6004,solo_estadistico,2026-04-17 13:38:00,2026-04-17 13:38:00,1,1,0,1
6004,solo_estadistico,2026-04-17 15:29:00,2026-04-17 15:29:00,1,1,0,1
6004,solo_estadistico,2026-04-17 18:23:00,2026-04-17 18:23:00,1,1,0,1
6004,solo_estadistico,2026-04-18 12:27:00,2026-04-18 12:27:00,1,1,0,1
6004,solo_estadistico,2026-04-18 16:59:00,2026-04-18 16:59:00,1,1,0,1
6004,solo_estadistico,2026-04-18 21:07:00,2026-04-18 21:07:00,1,1,0,1
6004,solo_estadistico,2026-04-20 18:32:00,2026-04-20 18:32:00,1,1,0,1
6004,solo_estadistico,2026-04-20 21:56:00,2026-04-20 21:56:00,1,1,0,1
6004,solo_estadistico,2026-04-22 11:10:00,2026-04-22 11:10:00,1,1,0,1
6004,solo_estadistico,2026-04-22 12:38:00,2026-04-22 12:38:00,1,1,0,1
6004,solo_estadistico,2026-04-23 12:18:00,2026-04-23 12:18:00,1,1,0,1
6004,solo_estadistico,2026-04-28 12:56:00,2026-04-28 12:56:00,1,1,0,1
6004,solo_etiqueta,2026-02-26 19:05:00,2026-02-26 19:45:00,41,"1,1583",0,1
6004,solo_etiqueta,2025-12-01 17:59:00,2025-12-01 18:27:00,29,"1,1583",1,4
6004,solo_etiqueta,2026-02-18 22:43:00,2026-02-18 23:10:00,28,"1,1582,1583",0,0
6004,solo_etiqueta,2026-02-08 22:46:00,2026-02-08 23:12:00,27,"1,1582,1583",0,0
6004,solo_etiqueta,2025-12-04 17:39:00,2025-12-04 18:04:00,26,"1,1583",0,1
6004,solo_etiqueta,2026-01-26 22:48:00,2026-01-26 23:13:00,26,"1,1582,1583",1,0
6004,solo_etiqueta,2026-01-24 22:44:00,2026-01-24 23:08:00,25,"1,1582,1583",2,0
6004,solo_etiqueta,2026-04-16 17:31:00,2026-04-16 17:55:00,25,"1,1583",0,1
6004,solo_etiqueta,2026-01-25 22:44:00,2026-01-25 23:05:00,22,"1,1582,1583",0,0
6004,solo_etiqueta,2026-02-16 22:49:00,2026-02-16 23:10:00,22,"1,1582,1583",0,0
6004,solo_etiqueta,2026-02-19 22:49:00,2026-02-19 23:10:00,22,"1,1582,1583",0,0
6004,solo_etiqueta,2026-02-04 22:49:00,2026-02-04 23:09:00,21,"1,1582,1583",0,0
6004,solo_etiqueta,2026-02-21 22:51:00,2026-02-21 23:11:00,21,"1,1582,1583",0,0
6004,solo_etiqueta,2026-02-02 22:51:00,2026-02-02 23:10:00,20,"1,1582,1583",0,0
6004,solo_etiqueta,2026-02-09 22:51:00,2026-02-09 23:10:00,20,"1,1582,1583",0,0
6004,solo_etiqueta,2026-02-10 22:51:00,2026-02-10 23:10:00,20,"1,1582,1583",0,0
6004,solo_etiqueta,2026-02-15 22:52:00,2026-02-15 23:11:00,20,"1,1582,1583",0,0
6004,solo_etiqueta,2026-03-02 22:54:00,2026-03-02 23:13:00,20,"1,1582,1583",0,0
6004,solo_etiqueta,2026-03-23 17:57:00,2026-03-23 18:16:00,20,"1,1583",0,0
6004,solo_etiqueta,2026-01-29 22:50:00,2026-01-29 23:08:00,19,"1,1582,1583",0,0
6004,solo_etiqueta,2026-01-30 22:51:00,2026-01-30 23:09:00,19,"1,1582,1583",0,0
6004,solo_etiqueta,2026-02-17 22:51:00,2026-02-17 23:09:00,19,"1,1582,1583",0,0
6004,solo_etiqueta,2026-02-23 17:50:00,2026-02-23 18:08:00,19,"1,1583",0,1
6004,solo_etiqueta,2026-03-01 22:53:00,2026-03-01 23:11:00,19,"1,1582,1583",0,0
6004,solo_etiqueta,2026-03-11 22:56:00,2026-03-11 23:14:00,19,"1,1582,1583",1,0
6004,solo_etiqueta,2026-04-28 14:52:00,2026-04-28 15:10:00,19,"1,1583",0,0
6004,solo_etiqueta,2025-12-11 10:55:00,2025-12-11 11:12:00,18,"1,1582,1583",1,0
6004,solo_etiqueta,2026-02-23 22:52:00,2026-02-23 23:09:00,18,"1,1582,1583",0,0
6004,solo_etiqueta,2026-03-03 22:53:00,2026-03-03 23:10:00,18,"1,1582,1583",0,0
6004,solo_etiqueta,2025-12-04 16:37:00,2025-12-04 16:53:00,17,"1,1583",0,2
6004,solo_etiqueta,2026-01-14 22:47:00,2026-01-14 23:03:00,17,"1,1582,1583",0,0
6004,solo_etiqueta,2026-03-07 22:56:00,2026-03-07 23:12:00,17,"1,1582,1583",0,0
6004,solo_etiqueta,2026-03-08 22:56:00,2026-03-08 23:12:00,17,"1,1582,1583",0,0
6004,solo_etiqueta,2026-03-15 22:56:00,2026-03-15 23:12:00,17,"1,1582,1583",0,0
6004,solo_etiqueta,2026-01-06 16:25:00,2026-01-06 16:40:00,16,"1,1583",0,1
6004,solo_etiqueta,2026-01-16 22:49:00,2026-01-16 23:04:00,16,"1,1582,1583",0,0
6004,solo_etiqueta,2026-01-17 22:49:00,2026-01-17 23:04:00,16,"1,1582,1583",0,0
6004,solo_etiqueta,2026-01-27 22:51:00,2026-01-27 23:06:00,16,"1,1582,1583",0,0
6004,solo_etiqueta,2026-02-03 22:51:00,2026-02-03 23:06:00,16,"1,1582,1583",0,0
6004,solo_etiqueta,2026-02-05 22:52:00,2026-02-05 23:07:00,16,"1,1582,1583",0,0
6004,solo_etiqueta,2026-02-24 22:52:00,2026-02-24 23:07:00,16,"1,1582,1583",0,0
6004,solo_etiqueta,2026-03-05 22:56:00,2026-03-05 23:11:00,16,"1,1582,1583",0,0
6004,solo_etiqueta,2026-03-29 23:00:00,2026-03-29 23:15:00,16,1582,2,0
6004,solo_etiqueta,2026-03-30 22:59:00,2026-03-30 23:14:00,16,"1582,1583",2,0
6004,solo_etiqueta,2026-03-31 23:00:00,2026-03-31 23:15:00,16,1582,0,0
6004,solo_etiqueta,2025-12-02 10:57:00,2025-12-02 11:11:00,15,"1,1582,1583",0,0
6004,solo_etiqueta,2026-01-13 22:48:00,2026-01-13 23:02:00,15,"1,1582,1583",0,0
6004,solo_etiqueta,2026-01-22 22:49:00,2026-01-22 23:03:00,15,"1,1582,1583",0,0
6004,solo_etiqueta,2026-02-01 22:51:00,2026-02-01 23:05:00,15,"1,1582,1583",0,0
6004,solo_etiqueta,2026-02-25 22:54:00,2026-02-25 23:08:00,15,"1,1582,1583",0,0
6004,solo_etiqueta,2026-02-27 22:54:00,2026-02-27 23:08:00,15,"1,1582,1583",0,0
6004,solo_etiqueta,2026-03-09 22:57:00,2026-03-09 23:11:00,15,"1,1582,1583",0,0
6004,solo_etiqueta,2026-04-30 10:46:00,2026-04-30 11:00:00,15,1582,4,0
6004,solo_etiqueta,2025-12-01 10:58:00,2025-12-01 11:11:00,14,"1,1582,1583",0,0
6004,solo_etiqueta,2025-12-03 10:59:00,2025-12-03 11:12:00,14,"1,1582,1583",1,0
6004,solo_etiqueta,2026-01-15 22:50:00,2026-01-15 23:03:00,14,"1,1582,1583",0,0
6004,solo_etiqueta,2026-01-21 22:49:00,2026-01-21 23:02:00,14,"1,1582,1583",0,0
6004,solo_etiqueta,2026-02-11 22:53:00,2026-02-11 23:06:00,14,"1,1582,1583",0,0
6004,solo_etiqueta,2026-03-04 22:57:00,2026-03-04 23:10:00,14,"1,1582,1583",0,0
6004,solo_etiqueta,2026-03-12 22:57:00,2026-03-12 23:10:00,14,"1,1582,1583",0,0
6004,solo_etiqueta,2026-03-22 22:59:00,2026-03-22 23:12:00,14,"1582,1583",0,0
6004,solo_etiqueta,2026-04-26 10:47:00,2026-04-26 11:00:00,14,1582,0,0
6004,solo_etiqueta,2025-12-07 10:59:00,2025-12-07 11:11:00,13,"1,1582,1583",0,0
6004,solo_etiqueta,2026-01-08 22:48:00,2026-01-08 23:00:00,13,"1,1582,1583",0,0
6004,solo_etiqueta,2026-01-18 22:49:00,2026-01-18 23:01:00,13,"1,1582,1583",0,0
6004,solo_etiqueta,2026-01-20 22:50:00,2026-01-20 23:02:00,13,"1,1582,1583",0,0
6004,solo_etiqueta,2026-02-26 22:55:00,2026-02-26 23:07:00,13,"1,1582,1583",0,0
6004,solo_etiqueta,2025-12-08 11:00:00,2025-12-08 11:11:00,12,"1,1582,1583",1,0
6004,solo_etiqueta,2026-02-12 22:53:00,2026-02-12 23:04:00,12,"1,1582,1583",0,0
6004,solo_etiqueta,2026-03-06 22:56:00,2026-03-06 23:07:00,12,"1,1582,1583",0,0
6004,solo_etiqueta,2026-03-24 22:59:00,2026-03-24 23:10:00,12,"1582,1583",0,0
6004,solo_etiqueta,2026-04-11 23:00:00,2026-04-11 23:11:00,12,1582,1,0
6004,solo_etiqueta,2026-04-19 23:00:00,2026-04-19 23:11:00,12,1582,5,0
6004,solo_etiqueta,2026-04-21 23:00:00,2026-04-21 23:11:00,12,1582,1,0
6004,solo_etiqueta,2026-04-28 10:49:00,2026-04-28 11:00:00,12,1582,0,0
6004,solo_etiqueta,2026-01-06 18:07:00,2026-01-06 18:17:00,11,"1,1583",0,3
6004,solo_etiqueta,2026-02-03 18:15:00,2026-02-03 18:25:00,11,"1,1583",0,1
6004,solo_etiqueta,2026-02-20 22:55:00,2026-02-20 23:05:00,11,"1,1582,1583",0,0
6004,solo_etiqueta,2026-03-18 22:58:00,2026-03-18 23:08:00,11,"1582,1583",0,0
6004,solo_etiqueta,2026-03-26 23:00:00,2026-03-26 23:10:00,11,1582,0,0
6004,solo_etiqueta,2026-04-15 23:00:00,2026-04-15 23:10:00,11,1582,0,0
6004,solo_etiqueta,2026-04-23 23:00:00,2026-04-23 23:10:00,11,"1,1582",0,0
6004,solo_etiqueta,2026-02-19 16:50:00,2026-02-19 16:59:00,10,"1,1583",0,2
6004,solo_etiqueta,2026-04-18 23:00:00,2026-04-18 23:09:00,10,1582,0,0
6004,solo_etiqueta,2026-04-22 10:51:00,2026-04-22 11:00:00,10,1582,0,0
6004,solo_etiqueta,2026-04-24 10:51:00,2026-04-24 11:00:00,10,1582,0,0
6004,solo_etiqueta,2026-02-06 23:00:00,2026-02-06 23:08:00,9,1582,0,0
6004,solo_etiqueta,2026-04-16 23:00:00,2026-04-16 23:08:00,9,1582,0,0
6004,solo_etiqueta,2026-03-11 16:19:00,2026-03-11 16:26:00,8,"1,1583",0,2
6004,solo_etiqueta,2026-03-17 22:59:00,2026-03-17 23:06:00,8,"1582,1583",0,0
6004,solo_etiqueta,2026-03-19 22:59:00,2026-03-19 23:06:00,8,"1582,1583",0,0
6004,solo_etiqueta,2026-03-23 22:59:00,2026-03-23 23:06:00,8,"1582,1583",0,0
6004,solo_etiqueta,2026-03-28 23:00:00,2026-03-28 23:07:00,8,1582,0,0
6004,solo_etiqueta,2026-04-02 23:00:00,2026-04-02 23:07:00,8,1582,0,0
6004,solo_etiqueta,2026-04-16 17:05:00,2026-04-16 17:12:00,8,"1,1583",0,0
6004,solo_etiqueta,2026-04-17 23:00:00,2026-04-17 23:07:00,8,1582,0,0
6004,solo_etiqueta,2025-12-09 14:46:00,2025-12-09 14:52:00,7,"1,1583",0,2
6004,solo_etiqueta,2026-03-16 22:59:00,2026-03-16 23:05:00,7,"1582,1583",0,0
6004,solo_etiqueta,2026-04-03 23:00:00,2026-04-03 23:06:00,7,1582,0,0
6004,solo_etiqueta,2026-04-09 23:00:00,2026-04-09 23:06:00,7,1582,0,0
6004,solo_etiqueta,2026-04-18 10:54:00,2026-04-18 11:00:00,7,1582,0,0
6004,solo_etiqueta,2026-04-23 10:54:00,2026-04-23 11:00:00,7,1582,0,0
6004,solo_etiqueta,2026-04-27 10:54:00,2026-04-27 11:00:00,7,1582,0,0
6004,solo_etiqueta,2025-12-26 17:20:00,2025-12-26 17:25:00,6,"1,1583",0,0
6004,solo_etiqueta,2026-02-03 18:59:00,2026-02-03 19:04:00,6,"1,1583",0,0
6004,solo_etiqueta,2026-02-13 23:00:00,2026-02-13 23:05:00,6,1582,0,0
6004,solo_etiqueta,2026-04-04 23:00:00,2026-04-04 23:05:00,6,1582,0,0
6004,solo_etiqueta,2026-04-05 23:00:00,2026-04-05 23:05:00,6,1582,0,0
6004,solo_etiqueta,2026-04-19 10:55:00,2026-04-19 11:00:00,6,1582,0,0
6004,solo_etiqueta,2026-04-20 10:55:00,2026-04-20 11:00:00,6,1582,0,0
6004,solo_etiqueta,2026-01-28 23:02:00,2026-01-28 23:06:00,5,1582,0,0
6004,solo_etiqueta,2026-02-07 23:00:00,2026-02-07 23:04:00,5,1582,0,0
6004,solo_etiqueta,2026-02-08 16:57:00,2026-02-08 17:01:00,5,"1,1583",0,0
6004,solo_etiqueta,2026-04-13 23:00:00,2026-04-13 23:04:00,5,1582,0,0
6004,solo_etiqueta,2026-04-29 10:56:00,2026-04-29 11:00:00,5,1582,0,0
6004,solo_etiqueta,2026-04-29 23:00:00,2026-04-29 23:04:00,5,1582,0,0
6004,solo_etiqueta,2026-04-30 23:00:00,2026-04-30 23:04:00,5,1582,0,0
6004,solo_etiqueta,2025-12-04 17:11:00,2025-12-04 17:14:00,4,1583,0,0
6004,solo_etiqueta,2026-03-10 18:36:00,2026-03-10 18:39:00,4,1583,0,0
6004,solo_etiqueta,2026-03-23 16:30:00,2026-03-23 16:33:00,4,"1,1583",0,0
6004,solo_etiqueta,2026-04-12 10:57:00,2026-04-12 11:00:00,4,1582,0,0
6004,solo_etiqueta,2026-04-14 10:53:00,2026-04-14 10:56:00,4,1582,0,0
6004,solo_etiqueta,2026-04-15 10:57:00,2026-04-15 11:00:00,4,1582,0,0
6004,solo_etiqueta,2026-04-17 10:57:00,2026-04-17 11:00:00,4,1582,0,0
6004,solo_etiqueta,2026-04-25 10:57:00,2026-04-25 11:00:00,4,1582,0,0
6004,solo_etiqueta,2026-04-25 23:00:00,2026-04-25 23:03:00,4,1582,0,0
6004,solo_etiqueta,2026-04-26 23:00:00,2026-04-26 23:03:00,4,1582,0,0
6004,solo_etiqueta,2026-04-06 23:00:00,2026-04-06 23:02:00,3,1582,0,0
6004,solo_etiqueta,2026-04-10 23:00:00,2026-04-10 23:02:00,3,1582,0,0
6004,solo_etiqueta,2026-04-12 23:00:00,2026-04-12 23:02:00,3,1582,0,0
6004,solo_etiqueta,2026-01-01 22:48:00,2026-01-01 22:49:00,2,1583,0,0
6004,solo_etiqueta,2026-01-03 22:48:00,2026-01-03 22:49:00,2,1583,0,0
6004,solo_etiqueta,2026-01-26 19:34:00,2026-01-26 19:35:00,2,1583,0,0
6004,solo_etiqueta,2026-02-03 20:46:00,2026-02-03 20:47:00,2,1583,0,0
6004,solo_etiqueta,2026-02-26 17:57:00,2026-02-26 17:58:00,2,1583,0,0
6004,solo_etiqueta,2026-03-01 18:37:00,2026-03-01 18:38:00,2,1583,0,0
6004,solo_etiqueta,2026-03-07 17:54:00,2026-03-07 17:55:00,2,1583,0,0
6004,solo_etiqueta,2026-03-11 16:47:00,2026-03-11 16:48:00,2,1583,0,0
6004,solo_etiqueta,2026-03-21 23:00:00,2026-03-21 23:01:00,2,1582,0,0
6004,solo_etiqueta,2026-03-23 19:53:00,2026-03-23 19:54:00,2,1583,0,0
6004,solo_etiqueta,2026-04-16 10:59:00,2026-04-16 11:00:00,2,1582,0,0
6004,solo_etiqueta,2026-04-17 17:26:00,2026-04-17 17:27:00,2,1583,0,0
6004,solo_etiqueta,2026-04-20 23:00:00,2026-04-20 23:01:00,2,1582,0,0
6004,solo_etiqueta,2026-04-23 19:13:00,2026-04-23 19:14:00,2,1583,0,0
6004,solo_etiqueta,2026-04-24 23:00:00,2026-04-24 23:01:00,2,1582,0,0
6004,solo_etiqueta,2026-04-26 14:01:00,2026-04-26 14:02:00,2,1583,0,0
6004,solo_etiqueta,2026-04-28 23:00:00,2026-04-28 23:01:00,2,1582,0,0
6004,solo_etiqueta,2025-12-01 17:47:00,2025-12-01 17:47:00,1,1583,0,0
6004,solo_etiqueta,2025-12-04 16:23:00,2025-12-04 16:23:00,1,1583,0,0
6004,solo_etiqueta,2025-12-05 11:11:00,2025-12-05 11:11:00,1,1583,0,0
6004,solo_etiqueta,2025-12-06 11:11:00,2025-12-06 11:11:00,1,1583,0,0
6004,solo_etiqueta,2025-12-09 11:11:00,2025-12-09 11:11:00,1,1583,0,0
6004,solo_etiqueta,2025-12-12 11:11:00,2025-12-12 11:11:00,1,1583,0,0
6004,solo_etiqueta,2025-12-13 11:11:00,2025-12-13 11:11:00,1,1583,0,0
6004,solo_etiqueta,2025-12-14 11:11:00,2025-12-14 11:11:00,1,1583,0,0
6004,solo_etiqueta,2025-12-15 11:11:00,2025-12-15 11:11:00,1,1583,0,0
6004,solo_etiqueta,2025-12-15 16:47:00,2025-12-15 16:47:00,1,1583,0,0
6004,solo_etiqueta,2025-12-16 11:11:00,2025-12-16 11:11:00,1,1583,0,0
6004,solo_etiqueta,2025-12-17 11:11:00,2025-12-17 11:11:00,1,1583,0,0
6004,solo_etiqueta,2025-12-19 11:11:00,2025-12-19 11:11:00,1,1583,0,0
6004,solo_etiqueta,2025-12-19 19:05:00,2025-12-19 19:05:00,1,1583,0,0
6004,solo_etiqueta,2025-12-20 11:11:00,2025-12-20 11:11:00,1,1583,0,0
6004,solo_etiqueta,2025-12-22 11:11:00,2025-12-22 11:11:00,1,1583,0,0
6004,solo_etiqueta,2025-12-22 22:49:00,2025-12-22 22:49:00,1,1583,0,0
6004,solo_etiqueta,2025-12-23 11:11:00,2025-12-23 11:11:00,1,1583,0,0
6004,solo_etiqueta,2025-12-23 22:49:00,2025-12-23 22:49:00,1,1583,0,0
6004,solo_etiqueta,2025-12-24 11:11:00,2025-12-24 11:11:00,1,1583,0,0
6004,solo_etiqueta,2025-12-25 22:49:00,2025-12-25 22:49:00,1,1583,0,0
6004,solo_etiqueta,2025-12-26 11:11:00,2025-12-26 11:11:00,1,1583,0,0
6004,solo_etiqueta,2025-12-26 22:49:00,2025-12-26 22:49:00,1,1583,0,0
6004,solo_etiqueta,2025-12-27 11:11:00,2025-12-27 11:11:00,1,1583,0,0
6004,solo_etiqueta,2025-12-27 22:49:00,2025-12-27 22:49:00,1,1583,0,0
6004,solo_etiqueta,2025-12-28 22:49:00,2025-12-28 22:49:00,1,1583,0,0
6004,solo_etiqueta,2025-12-29 22:49:00,2025-12-29 22:49:00,1,1583,0,0
6004,solo_etiqueta,2025-12-30 22:49:00,2025-12-30 22:49:00,1,1583,0,0
6004,solo_etiqueta,2025-12-31 22:49:00,2025-12-31 22:49:00,1,1583,0,0
6004,solo_etiqueta,2026-01-01 17:04:00,2026-01-01 17:04:00,1,1583,0,0
6004,solo_etiqueta,2026-01-05 22:49:00,2026-01-05 22:49:00,1,1583,0,0
6004,solo_etiqueta,2026-01-06 15:23:00,2026-01-06 15:23:00,1,1583,0,0
6004,solo_etiqueta,2026-01-06 17:33:00,2026-01-06 17:33:00,1,1583,0,0
6004,solo_etiqueta,2026-01-07 22:49:00,2026-01-07 22:49:00,1,1583,0,0
6004,solo_etiqueta,2026-01-10 22:49:00,2026-01-10 22:49:00,1,1583,0,0
6004,solo_etiqueta,2026-01-11 22:49:00,2026-01-11 22:49:00,1,1583,0,0
6004,solo_etiqueta,2026-01-16 16:43:00,2026-01-16 16:43:00,1,1583,0,0
6004,solo_etiqueta,2026-01-25 15:37:00,2026-01-25 15:37:00,1,1583,0,0
6004,solo_etiqueta,2026-01-25 17:03:00,2026-01-25 17:03:00,1,1583,0,0
6004,solo_etiqueta,2026-02-02 17:54:00,2026-02-02 17:54:00,1,1583,0,0
6004,solo_etiqueta,2026-02-03 16:47:00,2026-02-03 16:47:00,1,1583,0,0
6004,solo_etiqueta,2026-02-03 18:44:00,2026-02-03 18:44:00,1,1583,0,0
6004,solo_etiqueta,2026-02-03 20:20:00,2026-02-03 20:20:00,1,1583,0,0
6004,solo_etiqueta,2026-02-13 16:48:00,2026-02-13 16:48:00,1,1583,0,0
6004,solo_etiqueta,2026-02-14 22:54:00,2026-02-14 22:54:00,1,1583,0,0
6004,solo_etiqueta,2026-02-19 16:35:00,2026-02-19 16:35:00,1,1583,0,0
6004,solo_etiqueta,2026-02-26 18:49:00,2026-02-26 18:49:00,1,1583,0,0
6004,solo_etiqueta,2026-03-23 19:37:00,2026-03-23 19:37:00,1,1583,0,0
6004,solo_etiqueta,2026-04-04 17:06:00,2026-04-04 17:06:00,1,1583,0,0
6004,solo_etiqueta,2026-04-06 11:00:00,2026-04-06 11:00:00,1,1582,0,0
6004,solo_etiqueta,2026-04-10 11:00:00,2026-04-10 11:00:00,1,1582,0,0
6004,solo_etiqueta,2026-04-15 15:09:00,2026-04-15 15:09:00,1,1583,0,0
6004,solo_etiqueta,2026-04-15 18:30:00,2026-04-15 18:30:00,1,1583,0,0
6004,solo_etiqueta,2026-04-19 15:50:00,2026-04-19 15:50:00,1,1583,0,0
6004,solo_etiqueta,2026-04-22 23:00:00,2026-04-22 23:00:00,1,1582,0,0
6004,solo_etiqueta,2026-04-25 16:33:00,2026-04-25 16:33:00,1,1583,0,0
6004,solo_reglas,2026-01-15 21:42:00,2026-01-15 22:44:00,63,1,43,0
6004,solo_reglas,2026-02-14 22:27:00,2026-02-14 22:49:00,23,1,23,0
6004,solo_reglas,2026-04-27 21:47:00,2026-04-27 22:03:00,17,1,17,0
6004,solo_reglas,2025-12-31 11:05:00,2025-12-31 11:19:00,15,"1,1583",15,0
6004,solo_reglas,2026-01-09 20:46:00,2026-01-09 21:00:00,15,1,15,0
6004,solo_reglas,2026-02-19 21:37:00,2026-02-19 21:50:00,14,1,14,0
6004,solo_reglas,2026-02-14 21:41:00,2026-02-14 21:53:00,13,1,13,0
6004,solo_reglas,2026-04-03 22:47:00,2026-04-03 22:59:00,13,1,13,0
6004,solo_reglas,2026-01-08 11:10:00,2026-01-08 11:20:00,11,"1,1583",8,0
6004,solo_reglas,2025-12-05 20:46:00,2025-12-05 20:55:00,10,1,10,0
6004,solo_reglas,2026-02-25 11:57:00,2026-02-25 12:06:00,10,1,10,0
6004,solo_reglas,2025-12-28 22:35:00,2025-12-28 22:43:00,9,1,9,0
6004,solo_reglas,2025-12-01 03:02:00,2025-12-01 03:02:00,1,1,1,0
6004,solo_reglas,2025-12-03 11:04:00,2025-12-03 11:04:00,1,1,1,0
6004,solo_reglas,2025-12-08 11:06:00,2025-12-08 11:06:00,1,1,1,0
6004,solo_reglas,2025-12-11 11:08:00,2025-12-11 11:08:00,1,1,1,0
6004,solo_reglas,2025-12-14 11:09:00,2025-12-14 11:09:00,1,1,1,0
6004,solo_reglas,2025-12-15 03:03:00,2025-12-15 03:03:00,1,1,1,0
6004,solo_reglas,2025-12-16 11:10:00,2025-12-16 11:10:00,1,1,1,0
6004,solo_reglas,2025-12-20 11:12:00,2025-12-20 11:12:00,1,1,1,0
6004,solo_reglas,2025-12-22 03:01:00,2025-12-22 03:01:00,1,1,1,0
6004,solo_reglas,2025-12-25 11:14:00,2025-12-25 11:14:00,1,1,1,0
6004,solo_reglas,2025-12-25 22:52:00,2025-12-25 22:52:00,1,1,1,0
6004,solo_reglas,2025-12-27 11:15:00,2025-12-27 11:15:00,1,1,1,0
6004,solo_reglas,2025-12-31 15:20:00,2025-12-31 15:20:00,1,1,1,0
6004,solo_reglas,2026-01-07 11:19:00,2026-01-07 11:19:00,1,1,1,0
6004,solo_reglas,2026-01-12 03:02:00,2026-01-12 03:02:00,1,1,1,0
6004,solo_reglas,2026-01-17 11:22:00,2026-01-17 11:22:00,1,1,1,0
6004,solo_reglas,2026-01-19 03:01:00,2026-01-19 03:01:00,1,1,1,0
6004,solo_reglas,2026-01-21 11:23:00,2026-01-21 11:23:00,1,1,1,0
6004,solo_reglas,2026-01-31 11:24:00,2026-01-31 11:24:00,1,1,1,0
6004,solo_reglas,2026-02-04 11:24:00,2026-02-04 11:24:00,1,1,1,0
6004,solo_reglas,2026-02-05 11:24:00,2026-02-05 11:24:00,1,1,1,0
6004,solo_reglas,2026-02-08 11:24:00,2026-02-08 11:24:00,1,1,1,0
6004,solo_reglas,2026-02-09 03:01:00,2026-02-09 03:01:00,1,1,1,0
6004,solo_reglas,2026-02-19 11:22:00,2026-02-19 11:22:00,1,1,1,0
6004,solo_reglas,2026-02-20 11:22:00,2026-02-20 11:22:00,1,1,1,0
6004,solo_reglas,2026-02-27 11:20:00,2026-02-27 11:20:00,1,1,1,0
6004,solo_reglas,2026-03-01 11:19:00,2026-03-01 11:19:00,1,1,1,0
6004,solo_reglas,2026-03-04 11:18:00,2026-03-04 11:18:00,1,1,1,0
6004,solo_reglas,2026-03-07 11:17:00,2026-03-07 11:17:00,1,1,1,0
6004,solo_reglas,2026-03-09 03:02:00,2026-03-09 03:02:00,1,1,1,0
6004,solo_reglas,2026-03-09 11:16:00,2026-03-09 11:16:00,1,1,1,0
6004,solo_reglas,2026-03-12 11:15:00,2026-03-12 11:15:00,1,1,1,0
6004,solo_reglas,2026-03-16 03:01:00,2026-03-16 03:01:00,1,1,1,0
6004,solo_reglas,2026-03-22 11:10:00,2026-03-22 11:10:00,1,1,1,0
6004,solo_reglas,2026-03-28 11:07:00,2026-03-28 11:07:00,1,1,1,0
6004,solo_reglas,2026-03-30 03:02:00,2026-03-30 03:02:00,1,1,1,0
6004,solo_reglas,2026-04-06 03:01:00,2026-04-06 03:01:00,1,1,1,0
6004,solo_reglas,2026-04-09 15:53:00,2026-04-09 15:53:00,1,1,1,0
6004,solo_reglas,2026-04-13 03:02:00,2026-04-13 03:02:00,1,1,1,0
6004,solo_reglas,2026-04-20 03:01:00,2026-04-20 03:01:00,1,1,1,0
803,reglas_y_estadistico_sin_etiqueta,2026-02-14 19:37:00,2026-02-14 20:22:00,46,1,13,46
803,reglas_y_estadistico_sin_etiqueta,2026-01-26 05:43:00,2026-01-26 06:06:00,24,1,23,23
803,reglas_y_estadistico_sin_etiqueta,2026-01-07 06:42:00,2026-01-07 07:02:00,21,1,14,19
803,reglas_y_estadistico_sin_etiqueta,2026-02-05 00:49:00,2026-02-05 00:58:00,10,1,10,10
803,reglas_y_estadistico_sin_etiqueta,2026-02-10 04:09:00,2026-02-10 04:18:00,10,1,6,8
803,reglas_y_estadistico_sin_etiqueta,2026-01-02 09:30:00,2026-01-02 09:36:00,7,1,2,7
803,reglas_y_estadistico_sin_etiqueta,2026-01-07 00:59:00,2026-01-07 01:03:00,5,1,5,5
803,reglas_y_estadistico_sin_etiqueta,2026-02-05 00:08:00,2026-02-05 00:12:00,5,1,5,5
803,reglas_y_estadistico_sin_etiqueta,2026-02-10 00:42:00,2026-02-10 00:46:00,5,1,2,3
803,reglas_y_estadistico_sin_etiqueta,2026-03-27 10:15:00,2026-03-27 10:19:00,5,1,2,5
803,reglas_y_estadistico_sin_etiqueta,2026-02-01 20:17:00,2026-02-01 20:19:00,3,1,3,3
803,reglas_y_estadistico_sin_etiqueta,2026-02-05 00:30:00,2026-02-05 00:32:00,3,1,3,3
803,reglas_y_estadistico_sin_etiqueta,2026-02-07 05:20:00,2026-02-07 05:22:00,3,1,3,3
803,reglas_y_estadistico_sin_etiqueta,2026-01-07 07:18:00,2026-01-07 07:19:00,2,1,2,2
803,reglas_y_estadistico_sin_etiqueta,2026-02-15 08:09:00,2026-02-15 08:10:00,2,1,2,2
803,reglas_y_estadistico_sin_etiqueta,2026-04-25 23:19:00,2026-04-25 23:20:00,2,1,2,2
803,reglas_y_estadistico_sin_etiqueta,2025-12-03 06:15:00,2025-12-03 06:15:00,1,1,1,1
803,reglas_y_estadistico_sin_etiqueta,2025-12-08 19:21:00,2025-12-08 19:21:00,1,1,1,1
803,reglas_y_estadistico_sin_etiqueta,2026-01-07 01:20:00,2026-01-07 01:20:00,1,1,1,1
803,reglas_y_estadistico_sin_etiqueta,2026-01-07 06:24:00,2026-01-07 06:24:00,1,1,1,1
803,reglas_y_estadistico_sin_etiqueta,2026-01-11 21:24:00,2026-01-11 21:24:00,1,1,1,1
803,reglas_y_estadistico_sin_etiqueta,2026-01-19 18:46:00,2026-01-19 18:46:00,1,1,1,1
803,reglas_y_estadistico_sin_etiqueta,2026-01-20 16:25:00,2026-01-20 16:25:00,1,1,1,1
803,reglas_y_estadistico_sin_etiqueta,2026-01-27 17:18:00,2026-01-27 17:18:00,1,1,1,1
803,reglas_y_estadistico_sin_etiqueta,2026-02-04 23:56:00,2026-02-04 23:56:00,1,1,1,1
803,reglas_y_estadistico_sin_etiqueta,2026-03-11 10:09:00,2026-03-11 10:09:00,1,1,1,1
803,reglas_y_estadistico_sin_etiqueta,2026-03-12 11:30:00,2026-03-12 11:30:00,1,1,1,1
803,reglas_y_estadistico_sin_etiqueta,2026-04-03 16:32:00,2026-04-03 16:32:00,1,1,1,1
803,reglas_y_estadistico_sin_etiqueta,2026-04-09 01:05:00,2026-04-09 01:05:00,1,1,1,1
803,reglas_y_estadistico_sin_etiqueta,2026-04-09 02:48:00,2026-04-09 02:48:00,1,1,1,1
803,reglas_y_estadistico_sin_etiqueta,2026-04-14 15:30:00,2026-04-14 15:30:00,1,1,1,1
803,reglas_y_estadistico_sin_etiqueta,2026-04-14 15:44:00,2026-04-14 15:44:00,1,1,1,1
803,reglas_y_estadistico_sin_etiqueta,2026-04-15 02:05:00,2026-04-15 02:05:00,1,1,1,1
803,reglas_y_estadistico_sin_etiqueta,2026-04-25 23:41:00,2026-04-25 23:41:00,1,1,1,1
803,reglas_y_estadistico_sin_etiqueta,2026-04-26 00:04:00,2026-04-26 00:04:00,1,1,1,1
803,solo_estadistico,2026-03-16 08:14:00,2026-03-16 09:49:00,96,"1,151",5,82
803,solo_estadistico,2026-03-16 06:25:00,2026-03-16 07:58:00,94,"1,151,1502",5,78
803,solo_estadistico,2025-12-30 16:46:00,2025-12-30 18:15:00,90,"1,1502",0,34
803,solo_estadistico,2026-01-26 04:13:00,2026-01-26 05:29:00,77,"1,1502",5,35
803,solo_estadistico,2025-12-21 15:35:00,2025-12-21 16:49:00,75,"1,1502,1504",1,27
803,solo_estadistico,2025-12-02 21:39:00,2025-12-02 22:41:00,63,"1,1502,1504",2,63
803,solo_estadistico,2025-12-06 18:30:00,2025-12-06 19:30:00,61,1,0,61
803,solo_estadistico,2025-12-07 09:30:00,2025-12-07 10:30:00,61,"1,1502",0,61
803,solo_estadistico,2026-02-14 19:30:00,2026-02-14 20:30:00,61,1,13,61
803,solo_estadistico,2026-02-15 07:30:00,2026-02-15 08:30:00,61,"1,1502",2,61
803,solo_estadistico,2026-03-13 15:30:00,2026-03-13 16:30:00,61,"1,1502",2,61
803,solo_estadistico,2026-03-14 14:30:00,2026-03-14 15:30:00,61,"1,1502",0,61
803,solo_estadistico,2026-03-17 14:30:00,2026-03-17 15:30:00,61,"1,1502",0,61
803,solo_estadistico,2025-12-17 23:57:00,2025-12-18 00:55:00,59,"1,1504,2502",1,43
803,solo_estadistico,2026-03-12 22:30:00,2026-03-12 23:28:00,59,1,0,59
803,solo_estadistico,2026-01-30 01:48:00,2026-01-30 02:43:00,56,1,2,42
803,solo_estadistico,2025-12-19 00:11:00,2025-12-19 01:04:00,54,"1,1504,2502",6,28
803,solo_estadistico,2025-12-09 12:39:00,2025-12-09 13:31:00,53,"1,1502",0,19
803,solo_estadistico,2025-12-26 00:35:00,2025-12-26 01:27:00,53,"1,1502,1504",10,35
803,solo_estadistico,2025-12-04 14:40:00,2025-12-04 15:30:00,51,"1,1502,1504",2,51
803,solo_estadistico,2025-12-30 06:51:00,2025-12-30 07:40:00,50,"1,1504",2,18
803,solo_estadistico,2025-12-19 20:13:00,2025-12-19 21:00:00,48,1,0,26
803,solo_estadistico,2025-12-31 00:21:00,2025-12-31 01:08:00,48,"1,1502,1504",1,23
803,solo_estadistico,2025-12-31 08:14:00,2025-12-31 09:01:00,48,1,0,35
803,solo_estadistico,2026-01-07 07:57:00,2026-01-07 08:42:00,46,"1,1502",0,12
803,solo_estadistico,2026-01-02 08:51:00,2026-01-02 09:35:00,45,"1,1502",2,21
803,solo_estadistico,2025-12-02 17:30:00,2025-12-02 18:09:00,40,"1,1504",3,40
803,solo_estadistico,2025-12-19 07:33:00,2025-12-19 08:10:00,38,"1,1504,2502",1,18
803,solo_estadistico,2026-02-07 15:14:00,2026-02-07 15:51:00,38,1,0,16
803,solo_estadistico,2025-12-29 15:38:00,2025-12-29 16:14:00,37,"1,1502",0,17
803,solo_estadistico,2026-01-08 12:35:00,2026-01-08 13:10:00,36,1,0,13
803,solo_estadistico,2026-02-04 12:46:00,2026-02-04 13:21:00,36,"1,1502",0,20
803,solo_estadistico,2025-12-09 15:25:00,2025-12-09 15:59:00,35,"1,1502",0,23
803,solo_estadistico,2025-12-09 16:25:00,2025-12-09 16:59:00,35,"1,1502",0,12
803,solo_estadistico,2026-01-29 15:18:00,2026-01-29 15:52:00,35,"1,1502",0,14
803,solo_estadistico,2026-01-02 23:40:00,2026-01-03 00:13:00,34,1,1,18
803,solo_estadistico,2025-12-20 13:00:00,2025-12-20 13:31:00,32,"1,1502",0,18
803,solo_estadistico,2026-01-02 10:07:00,2026-01-02 10:38:00,32,"1,1502",0,14
803,solo_estadistico,2026-02-20 02:34:00,2026-02-20 03:05:00,32,"1,1502",0,21
803,solo_estadistico,2026-02-23 21:39:00,2026-02-23 22:10:00,32,1,3,16
803,solo_estadistico,2026-01-26 08:03:00,2026-01-26 08:33:00,31,1,1,9
803,solo_estadistico,2025-12-29 16:28:00,2025-12-29 16:57:00,30,"1,1502",0,13
803,solo_estadistico,2026-01-13 11:45:00,2026-01-13 12:13:00,29,"1,1502",0,10
803,solo_estadistico,2026-03-17 01:13:00,2026-03-17 01:40:00,28,1,0,28
803,solo_estadistico,2026-01-07 00:55:00,2026-01-07 01:19:00,25,1,5,15
803,solo_estadistico,2026-03-16 01:30:00,2026-03-16 01:54:00,25,1,0,25
803,solo_estadistico,2026-02-03 14:45:00,2026-02-03 15:08:00,24,1,0,13
803,solo_estadistico,2026-02-08 18:21:00,2026-02-08 18:44:00,24,"1,1502",0,5
803,solo_estadistico,2026-02-15 12:42:00,2026-02-15 13:05:00,24,"1,1502",2,11
803,solo_estadistico,2026-02-05 06:15:00,2026-02-05 06:37:00,23,"1,1502",0,19
803,solo_estadistico,2026-03-15 21:31:00,2026-03-15 21:53:00,23,"1,151,1502",10,20
803,solo_estadistico,2026-03-16 02:07:00,2026-03-16 02:29:00,23,1,0,23
803,solo_estadistico,2025-12-13 15:48:00,2025-12-13 16:09:00,22,"1,1502,2502",0,11
803,solo_estadistico,2026-02-08 22:48:00,2026-02-08 23:09:00,22,1,0,15
803,solo_estadistico,2026-03-17 08:28:00,2026-03-17 08:49:00,22,"1,151,1502",0,17
803,solo_estadistico,2025-12-19 12:06:00,2025-12-19 12:26:00,21,"1,2502",0,18
803,solo_estadistico,2026-01-28 12:04:00,2026-01-28 12:24:00,21,1,0,11
803,solo_estadistico,2026-02-04 19:28:00,2026-02-04 19:48:00,21,"1,1502",1,18
803,solo_estadistico,2025-12-07 06:41:00,2025-12-07 07:00:00,20,"1,1502,1504",11,19
803,solo_estadistico,2025-12-18 06:31:00,2025-12-18 06:50:00,20,1,0,4
803,solo_estadistico,2026-01-12 15:58:00,2026-01-12 16:17:00,20,1,0,19
803,solo_estadistico,2026-02-03 15:33:00,2026-02-03 15:52:00,20,"1,2",0,15
803,solo_estadistico,2026-02-04 10:19:00,2026-02-04 10:38:00,20,"1,1502",0,17
803,solo_estadistico,2026-02-07 12:31:00,2026-02-07 12:50:00,20,"1,1502",0,7
803,solo_estadistico,2026-04-03 16:19:00,2026-04-03 16:38:00,20,"1,1502",2,14
803,solo_estadistico,2026-01-26 02:22:00,2026-01-26 02:40:00,19,1,0,17
803,solo_estadistico,2026-02-04 16:24:00,2026-02-04 16:42:00,19,"1,1502",0,8
803,solo_estadistico,2026-02-28 05:32:00,2026-02-28 05:50:00,19,"1,1502",1,8
803,solo_estadistico,2025-12-19 19:43:00,2025-12-19 20:00:00,18,1,0,8
803,solo_estadistico,2025-12-29 13:22:00,2025-12-29 13:39:00,18,1,0,11
803,solo_estadistico,2026-01-09 13:10:00,2026-01-09 13:27:00,18,1,0,10
803,solo_estadistico,2026-02-01 09:21:00,2026-02-01 09:38:00,18,"1,1502",0,11
803,solo_estadistico,2026-02-22 06:17:00,2026-02-22 06:34:00,18,"1,1502",3,13
803,solo_estadistico,2025-12-14 23:47:00,2025-12-15 00:03:00,17,"1,2502",0,9
803,solo_estadistico,2026-01-02 12:42:00,2026-01-02 12:58:00,17,"1,1502",0,9
803,solo_estadistico,2026-01-05 12:45:00,2026-01-05 13:01:00,17,1,0,10
803,solo_estadistico,2026-01-21 14:51:00,2026-01-21 15:07:00,17,1,0,4
803,solo_estadistico,2026-02-08 06:23:00,2026-02-08 06:39:00,17,"1,1502",0,10
803,solo_estadistico,2026-02-23 09:38:00,2026-02-23 09:54:00,17,"1,2",0,15
803,solo_estadistico,2025-12-18 07:34:00,2025-12-18 07:49:00,16,1,0,5
803,solo_estadistico,2026-01-26 16:45:00,2026-01-26 17:00:00,16,1,2,6
803,solo_estadistico,2026-02-16 01:59:00,2026-02-16 02:14:00,16,1,0,13
803,solo_estadistico,2026-02-23 10:07:00,2026-02-23 10:22:00,16,"1,1502",0,10
803,solo_estadistico,2025-12-03 06:16:00,2025-12-03 06:30:00,15,1,0,15
803,solo_estadistico,2025-12-29 15:11:00,2025-12-29 15:25:00,15,"1,1502",0,5
803,solo_estadistico,2025-12-31 01:20:00,2025-12-31 01:34:00,15,"1,1502,1504",2,9
803,solo_estadistico,2026-01-26 07:08:00,2026-01-26 07:22:00,15,"1,1502",0,13
803,solo_estadistico,2026-03-14 18:50:00,2026-03-14 19:04:00,15,"1,151,1502",0,15
803,solo_estadistico,2025-12-09 17:12:00,2025-12-09 17:25:00,14,1,0,6
803,solo_estadistico,2025-12-31 11:53:00,2025-12-31 12:06:00,14,1,0,4
803,solo_estadistico,2026-01-07 06:47:00,2026-01-07 07:00:00,14,1,7,12
803,solo_estadistico,2026-01-28 13:11:00,2026-01-28 13:24:00,14,"1,1502",0,7
803,solo_estadistico,2026-01-31 11:58:00,2026-01-31 12:11:00,14,"1,1502",0,9
803,solo_estadistico,2026-02-27 19:29:00,2026-02-27 19:42:00,14,"1,1502",0,7
803,solo_estadistico,2025-12-29 13:52:00,2025-12-29 14:04:00,13,"1,1502",0,5
803,solo_estadistico,2025-12-30 08:01:00,2025-12-30 08:13:00,13,1,0,3
803,solo_estadistico,2026-01-21 15:37:00,2026-01-21 15:49:00,13,"1,1502",0,10
803,solo_estadistico,2026-01-26 08:45:00,2026-01-26 08:57:00,13,"1,1502",0,4
803,solo_estadistico,2026-01-26 15:52:00,2026-01-26 16:04:00,13,1,0,4
803,solo_estadistico,2026-02-01 11:05:00,2026-02-01 11:17:00,13,1,0,7
803,solo_estadistico,2026-02-05 12:00:00,2026-02-05 12:12:00,13,"1,1502",0,4
803,solo_estadistico,2025-12-13 15:13:00,2025-12-13 15:24:00,12,"1,2502",0,3
803,solo_estadistico,2026-01-04 00:34:00,2026-01-04 00:45:00,12,1,0,9
803,solo_estadistico,2026-01-19 18:00:00,2026-01-19 18:11:00,12,"1,1502",4,3
803,solo_estadistico,2026-01-28 12:41:00,2026-01-28 12:52:00,12,1,0,9
803,solo_estadistico,2026-03-17 05:11:00,2026-03-17 05:22:00,12,"1,151",0,5
803,solo_estadistico,2026-04-16 05:35:00,2026-04-16 05:46:00,12,1,0,10
803,solo_estadistico,2025-12-18 22:50:00,2025-12-18 23:00:00,11,"1,1504",1,2
803,solo_estadistico,2025-12-29 12:07:00,2025-12-29 12:17:00,11,"1,1502",0,4
803,solo_estadistico,2025-12-29 12:45:00,2025-12-29 12:55:00,11,1,0,2
803,solo_estadistico,2025-12-30 04:41:00,2025-12-30 04:51:00,11,1,0,7
803,solo_estadistico,2025-12-30 10:32:00,2025-12-30 10:42:00,11,1,0,6
803,solo_estadistico,2026-01-08 23:11:00,2026-01-08 23:21:00,11,"1,1502",2,3
803,solo_estadistico,2026-01-20 05:11:00,2026-01-20 05:21:00,11,"1,1502",0,6
803,solo_estadistico,2026-02-07 04:40:00,2026-02-07 04:50:00,11,1,0,7
803,solo_estadistico,2026-02-15 12:11:00,2026-02-15 12:21:00,11,"1,1502",0,5
803,solo_estadistico,2026-02-22 02:43:00,2026-02-22 02:53:00,11,1,0,3
803,solo_estadistico,2026-02-23 11:56:00,2026-02-23 12:06:00,11,"1,1502",0,6
803,solo_estadistico,2026-02-23 12:20:00,2026-02-23 12:30:00,11,1,0,7
803,solo_estadistico,2026-03-16 13:41:00,2026-03-16 13:51:00,11,"1,1502",0,11
803,solo_estadistico,2026-03-17 02:20:00,2026-03-17 02:30:00,11,"1,151",0,10
803,solo_estadistico,2026-03-27 10:08:00,2026-03-27 10:18:00,11,1,1,7
803,solo_estadistico,2025-12-22 16:11:00,2025-12-22 16:20:00,10,1,0,9
803,solo_estadistico,2025-12-22 23:47:00,2025-12-22 23:56:00,10,1,0,4
803,solo_estadistico,2026-01-21 12:46:00,2026-01-21 12:55:00,10,1,0,5
803,solo_estadistico,2026-02-18 17:01:00,2026-02-18 17:10:00,10,"1,1502",0,5
803,solo_estadistico,2026-02-19 11:33:00,2026-02-19 11:42:00,10,1,0,4
803,solo_estadistico,2026-03-15 20:35:00,2026-03-15 20:44:00,10,"1,151,1502",2,10
803,solo_estadistico,2026-03-17 03:24:00,2026-03-17 03:33:00,10,1,0,10
803,solo_estadistico,2025-12-08 19:22:00,2025-12-08 19:30:00,9,1,0,9
803,solo_estadistico,2025-12-18 13:58:00,2025-12-18 14:06:00,9,1,0,7
803,solo_estadistico,2025-12-18 14:53:00,2025-12-18 15:01:00,9,1,0,5
803,solo_estadistico,2025-12-18 23:51:00,2025-12-18 23:59:00,9,1,0,8
803,solo_estadistico,2025-12-22 14:32:00,2025-12-22 14:40:00,9,1,0,8
803,solo_estadistico,2026-01-09 02:44:00,2026-01-09 02:52:00,9,1,0,9
803,solo_estadistico,2026-01-20 12:16:00,2026-01-20 12:24:00,9,1,0,6
803,solo_estadistico,2026-02-02 14:35:00,2026-02-02 14:43:00,9,1,0,2
803,solo_estadistico,2026-02-15 10:13:00,2026-02-15 10:21:00,9,"1,1502",0,6
803,solo_estadistico,2026-02-16 13:26:00,2026-02-16 13:34:00,9,1,0,9
803,solo_estadistico,2026-03-15 15:14:00,2026-03-15 15:22:00,9,1,0,9
803,solo_estadistico,2026-03-15 16:06:00,2026-03-15 16:14:00,9,"1,151",5,7
803,solo_estadistico,2025-12-31 16:17:00,2025-12-31 16:24:00,8,1,0,4
803,solo_estadistico,2026-01-02 07:05:00,2026-01-02 07:12:00,8,"1,1502",1,6
803,solo_estadistico,2026-01-30 03:32:00,2026-01-30 03:39:00,8,1,0,8
803,solo_estadistico,2026-01-31 12:24:00,2026-01-31 12:31:00,8,1,0,5
803,solo_estadistico,2026-02-04 17:38:00,2026-02-04 17:45:00,8,1,0,2
803,solo_estadistico,2026-02-16 12:53:00,2026-02-16 13:00:00,8,1,0,5
803,solo_estadistico,2026-03-10 10:23:00,2026-03-10 10:30:00,8,1,0,8
803,solo_estadistico,2026-03-11 10:10:00,2026-03-11 10:17:00,8,1,0,8
803,solo_estadistico,2026-03-12 11:31:00,2026-03-12 11:38:00,8,1,0,8
803,solo_estadistico,2025-12-12 03:59:00,2025-12-12 04:05:00,7,1,0,6
803,solo_estadistico,2025-12-29 14:38:00,2025-12-29 14:44:00,7,"1,1502",0,6
803,solo_estadistico,2025-12-30 09:39:00,2025-12-30 09:45:00,7,1,0,2
803,solo_estadistico,2026-01-19 17:42:00,2026-01-19 17:48:00,7,1,0,3
803,solo_estadistico,2026-02-06 02:12:00,2026-02-06 02:18:00,7,1,0,7
803,solo_estadistico,2026-03-04 12:50:00,2026-03-04 12:56:00,7,1,0,3
803,solo_estadistico,2026-03-16 05:21:00,2026-03-16 05:27:00,7,"1,151",3,5
803,solo_estadistico,2025-12-12 12:38:00,2025-12-12 12:43:00,6,1,0,6
803,solo_estadistico,2025-12-31 16:00:00,2025-12-31 16:05:00,6,1,0,5
803,solo_estadistico,2026-01-05 12:11:00,2026-01-05 12:16:00,6,1,0,2
803,solo_estadistico,2026-01-09 13:52:00,2026-01-09 13:57:00,6,1,0,4
803,solo_estadistico,2026-01-11 00:59:00,2026-01-11 01:04:00,6,1,0,3
803,solo_estadistico,2026-01-26 01:10:00,2026-01-26 01:15:00,6,1,0,6
803,solo_estadistico,2026-01-29 20:43:00,2026-01-29 20:48:00,6,"1,1502",0,5
803,solo_estadistico,2026-01-31 12:44:00,2026-01-31 12:49:00,6,"1,1502",0,6
803,solo_estadistico,2026-03-05 14:10:00,2026-03-05 14:15:00,6,1,0,5
803,solo_estadistico,2026-03-13 11:27:00,2026-03-13 11:32:00,6,1,0,6
803,solo_estadistico,2026-03-15 13:53:00,2026-03-15 13:58:00,6,"1,151",3,6
803,solo_estadistico,2026-03-17 05:39:00,2026-03-17 05:44:00,6,1,0,6
803,solo_estadistico,2025-12-10 13:39:00,2025-12-10 13:43:00,5,1,0,5
803,solo_estadistico,2025-12-14 23:21:00,2025-12-14 23:25:00,5,"1,2502",0,4
803,solo_estadistico,2025-12-19 07:10:00,2025-12-19 07:14:00,5,1,0,5
803,solo_estadistico,2025-12-19 19:18:00,2025-12-19 19:22:00,5,1,0,5
803,solo_estadistico,2025-12-22 17:56:00,2025-12-22 18:00:00,5,"1,1502",0,3
803,solo_estadistico,2025-12-22 18:19:00,2025-12-22 18:23:00,5,"1,1502",0,5
803,solo_estadistico,2025-12-22 23:27:00,2025-12-22 23:31:00,5,"1,1502",0,4
803,solo_estadistico,2026-01-03 04:02:00,2026-01-03 04:06:00,5,1,0,5
803,solo_estadistico,2026-01-09 12:54:00,2026-01-09 12:58:00,5,1,0,5
803,solo_estadistico,2026-01-19 19:43:00,2026-01-19 19:47:00,5,1,0,3
803,solo_estadistico,2026-01-30 10:44:00,2026-01-30 10:48:00,5,1,0,2
803,solo_estadistico,2026-02-16 12:37:00,2026-02-16 12:41:00,5,"1,1502",0,5
803,solo_estadistico,2026-02-19 15:12:00,2026-02-19 15:16:00,5,1,0,5
803,solo_estadistico,2026-02-20 00:04:00,2026-02-20 00:08:00,5,1,0,4
803,solo_estadistico,2026-03-14 11:47:00,2026-03-14 11:51:00,5,1,0,5
803,solo_estadistico,2026-03-16 00:14:00,2026-03-16 00:18:00,5,"1,151",0,5
803,solo_estadistico,2025-12-18 09:32:00,2025-12-18 09:35:00,4,1,0,4
803,solo_estadistico,2026-01-05 12:30:00,2026-01-05 12:33:00,4,1,0,4
803,solo_estadistico,2026-01-19 18:49:00,2026-01-19 18:52:00,4,1,0,3
803,solo_estadistico,2026-01-26 15:26:00,2026-01-26 15:29:00,4,1,0,4
803,solo_estadistico,2026-01-30 10:25:00,2026-01-30 10:28:00,4,1,0,4
803,solo_estadistico,2026-01-31 03:50:00,2026-01-31 03:53:00,4,1,0,2
803,solo_estadistico,2026-02-04 23:44:00,2026-02-04 23:47:00,4,1,0,3
803,solo_estadistico,2026-02-05 11:00:00,2026-02-05 11:03:00,4,"1,1502",0,3
803,solo_estadistico,2026-02-14 13:55:00,2026-02-14 13:58:00,4,1,0,3
803,solo_estadistico,2026-02-15 11:13:00,2026-02-15 11:16:00,4,1,0,4
803,solo_estadistico,2026-03-15 20:59:00,2026-03-15 21:02:00,4,1,0,4
803,solo_estadistico,2026-03-17 00:05:00,2026-03-17 00:08:00,4,"1,1502",0,4
803,solo_estadistico,2025-12-29 23:43:00,2025-12-29 23:45:00,3,"1,1502",0,3
803,solo_estadistico,2026-01-02 09:47:00,2026-01-02 09:49:00,3,1,0,3
803,solo_estadistico,2026-01-11 12:51:00,2026-01-11 12:53:00,3,1,0,2
803,solo_estadistico,2026-01-19 19:19:00,2026-01-19 19:21:00,3,1,0,2
803,solo_estadistico,2026-01-28 14:21:00,2026-01-28 14:23:00,3,1,0,3
803,solo_estadistico,2026-02-08 20:28:00,2026-02-08 20:30:00,3,1,0,3
803,solo_estadistico,2026-02-10 04:10:00,2026-02-10 04:12:00,3,1,1,3
803,solo_estadistico,2026-02-16 03:59:00,2026-02-16 04:01:00,3,1,0,3
803,solo_estadistico,2026-03-16 21:04:00,2026-03-16 21:06:00,3,1,0,3
803,solo_estadistico,2025-12-12 10:28:00,2025-12-12 10:29:00,2,1,0,2
803,solo_estadistico,2025-12-14 22:27:00,2025-12-14 22:28:00,2,1,0,2
803,solo_estadistico,2025-12-30 10:04:00,2025-12-30 10:05:00,2,1,0,2
803,solo_estadistico,2025-12-31 01:48:00,2025-12-31 01:49:00,2,1,0,2
803,solo_estadistico,2025-12-31 11:07:00,2025-12-31 11:08:00,2,1,0,2
803,solo_estadistico,2025-12-31 11:37:00,2025-12-31 11:38:00,2,1,0,2
803,solo_estadistico,2026-01-07 06:07:00,2026-01-07 06:08:00,2,1,0,2
803,solo_estadistico,2026-01-12 09:28:00,2026-01-12 09:29:00,2,1,0,2
803,solo_estadistico,2026-01-12 12:11:00,2026-01-12 12:12:00,2,1,0,2
803,solo_estadistico,2026-01-26 00:51:00,2026-01-26 00:52:00,2,1,0,2
803,solo_estadistico,2026-01-26 17:31:00,2026-01-26 17:32:00,2,1,0,2
803,solo_estadistico,2026-01-29 21:15:00,2026-01-29 21:16:00,2,1,0,2
803,solo_estadistico,2026-01-30 03:05:00,2026-01-30 03:06:00,2,1,0,2
803,solo_estadistico,2026-01-30 11:13:00,2026-01-30 11:14:00,2,1,0,2
803,solo_estadistico,2026-02-02 14:16:00,2026-02-02 14:17:00,2,1,0,2
803,solo_estadistico,2026-02-04 17:19:00,2026-02-04 17:20:00,2,1,0,2
803,solo_estadistico,2026-02-07 16:23:00,2026-02-07 16:24:00,2,1,0,2
803,solo_estadistico,2026-02-08 12:42:00,2026-02-08 12:43:00,2,1,0,2
803,solo_estadistico,2026-02-15 11:32:00,2026-02-15 11:33:00,2,1,0,2
803,solo_estadistico,2026-02-19 11:13:00,2026-02-19 11:14:00,2,1,0,2
803,solo_estadistico,2026-02-19 23:06:00,2026-02-19 23:07:00,2,1,0,2
803,solo_estadistico,2026-02-22 14:27:00,2026-02-22 14:28:00,2,1,0,2
803,solo_estadistico,2026-02-23 16:05:00,2026-02-23 16:06:00,2,1,0,2
803,solo_estadistico,2026-03-16 04:26:00,2026-03-16 04:27:00,2,1,0,2
803,solo_estadistico,2026-03-17 01:57:00,2026-03-17 01:58:00,2,1,0,2
803,solo_estadistico,2025-12-09 12:21:00,2025-12-09 12:21:00,1,1,0,1
803,solo_estadistico,2025-12-09 13:52:00,2025-12-09 13:52:00,1,1,0,1
803,solo_estadistico,2025-12-09 14:11:00,2025-12-09 14:11:00,1,1,0,1
803,solo_estadistico,2025-12-10 13:03:00,2025-12-10 13:03:00,1,1,0,1
803,solo_estadistico,2025-12-13 14:24:00,2025-12-13 14:24:00,1,1,0,1
803,solo_estadistico,2025-12-14 21:10:00,2025-12-14 21:10:00,1,1,0,1
803,solo_estadistico,2025-12-18 13:34:00,2025-12-18 13:34:00,1,1,0,1
803,solo_estadistico,2025-12-18 14:41:00,2025-12-18 14:41:00,1,1,0,1
803,solo_estadistico,2025-12-18 15:33:00,2025-12-18 15:33:00,1,1,0,1
803,solo_estadistico,2025-12-18 22:37:00,2025-12-18 22:37:00,1,1,0,1
803,solo_estadistico,2025-12-18 23:12:00,2025-12-18 23:12:00,1,1,0,1
803,solo_estadistico,2025-12-19 06:07:00,2025-12-19 06:07:00,1,1,0,1
803,solo_estadistico,2025-12-19 15:41:00,2025-12-19 15:41:00,1,1,0,1
803,solo_estadistico,2025-12-19 18:01:00,2025-12-19 18:01:00,1,1,0,1
803,solo_estadistico,2025-12-20 12:26:00,2025-12-20 12:26:00,1,1,0,1
803,solo_estadistico,2025-12-20 12:45:00,2025-12-20 12:45:00,1,1,0,1
803,solo_estadistico,2025-12-20 13:45:00,2025-12-20 13:45:00,1,1,0,1
803,solo_estadistico,2025-12-20 22:17:00,2025-12-20 22:17:00,1,1,0,1
803,solo_estadistico,2025-12-21 15:20:00,2025-12-21 15:20:00,1,1,0,1
803,solo_estadistico,2025-12-22 19:02:00,2025-12-22 19:02:00,1,1,0,1
803,solo_estadistico,2025-12-22 22:52:00,2025-12-22 22:52:00,1,1,0,1
803,solo_estadistico,2025-12-23 00:09:00,2025-12-23 00:09:00,1,1,0,1
803,solo_estadistico,2025-12-23 01:25:00,2025-12-23 01:25:00,1,1,0,1
803,solo_estadistico,2025-12-26 00:14:00,2025-12-26 00:14:00,1,1,0,1
803,solo_estadistico,2025-12-27 15:05:00,2025-12-27 15:05:00,1,1,0,1
803,solo_estadistico,2025-12-28 13:03:00,2025-12-28 13:03:00,1,1,0,1
803,solo_estadistico,2025-12-29 00:23:00,2025-12-29 00:23:00,1,1,0,1
803,solo_estadistico,2025-12-29 13:07:00,2025-12-29 13:07:00,1,1,0,1
803,solo_estadistico,2025-12-29 17:11:00,2025-12-29 17:11:00,1,1,0,1
803,solo_estadistico,2025-12-29 17:25:00,2025-12-29 17:25:00,1,1,0,1
803,solo_estadistico,2025-12-29 17:58:00,2025-12-29 17:58:00,1,1,0,1
803,solo_estadistico,2025-12-30 06:30:00,2025-12-30 06:30:00,1,1,0,1
803,solo_estadistico,2025-12-30 10:58:00,2025-12-30 10:58:00,1,1,0,1
803,solo_estadistico,2025-12-30 11:47:00,2025-12-30 11:47:00,1,1,0,1
803,solo_estadistico,2025-12-30 16:26:00,2025-12-30 16:26:00,1,1,0,1
803,solo_estadistico,2025-12-30 18:36:00,2025-12-30 18:36:00,1,1,0,1
803,solo_estadistico,2025-12-30 18:51:00,2025-12-30 18:51:00,1,1,0,1
803,solo_estadistico,2025-12-31 00:08:00,2025-12-31 00:08:00,1,1,0,1
803,solo_estadistico,2025-12-31 18:00:00,2025-12-31 18:00:00,1,1,0,1
803,solo_estadistico,2026-01-01 18:26:00,2026-01-01 18:26:00,1,1,0,1
803,solo_estadistico,2026-01-02 16:51:00,2026-01-02 16:51:00,1,1,0,1
803,solo_estadistico,2026-01-03 16:28:00,2026-01-03 16:28:00,1,1,0,1
803,solo_estadistico,2026-01-07 05:01:00,2026-01-07 05:01:00,1,1,0,1
803,solo_estadistico,2026-01-07 05:22:00,2026-01-07 05:22:00,1,1,0,1
803,solo_estadistico,2026-01-07 05:42:00,2026-01-07 05:42:00,1,1,0,1
803,solo_estadistico,2026-01-07 09:03:00,2026-01-07 09:03:00,1,1,0,1
803,solo_estadistico,2026-01-07 09:42:00,2026-01-07 09:42:00,1,1,0,1
803,solo_estadistico,2026-01-07 10:04:00,2026-01-07 10:04:00,1,1,0,1
803,solo_estadistico,2026-01-07 10:26:00,2026-01-07 10:26:00,1,1,0,1
803,solo_estadistico,2026-01-07 13:57:00,2026-01-07 13:57:00,1,1,0,1
803,solo_estadistico,2026-01-07 19:40:00,2026-01-07 19:40:00,1,1,0,1
803,solo_estadistico,2026-01-07 20:06:00,2026-01-07 20:06:00,1,1,0,1
803,solo_estadistico,2026-01-08 13:35:00,2026-01-08 13:35:00,1,1,0,1
803,solo_estadistico,2026-01-08 13:59:00,2026-01-08 13:59:00,1,1,0,1
803,solo_estadistico,2026-01-09 04:19:00,2026-01-09 04:19:00,1,1,0,1
803,solo_estadistico,2026-01-10 08:45:00,2026-01-10 08:45:00,1,1,0,1
803,solo_estadistico,2026-01-10 09:02:00,2026-01-10 09:02:00,1,1,0,1
803,solo_estadistico,2026-01-11 10:38:00,2026-01-11 10:38:00,1,1,0,1
803,solo_estadistico,2026-01-13 11:32:00,2026-01-13 11:32:00,1,1,0,1
803,solo_estadistico,2026-01-19 20:14:00,2026-01-19 20:14:00,1,1,0,1
803,solo_estadistico,2026-01-19 20:33:00,2026-01-19 20:33:00,1,1,0,1
803,solo_estadistico,2026-01-20 12:39:00,2026-01-20 12:39:00,1,1,0,1
803,solo_estadistico,2026-01-20 13:21:00,2026-01-20 13:21:00,1,1,0,1
803,solo_estadistico,2026-01-21 13:40:00,2026-01-21 13:40:00,1,1,0,1
803,solo_estadistico,2026-01-23 00:37:00,2026-01-23 00:37:00,1,1,0,1
803,solo_estadistico,2026-01-26 05:42:00,2026-01-26 05:42:00,1,1,0,1
803,solo_estadistico,2026-01-26 16:22:00,2026-01-26 16:22:00,1,1,0,1
803,solo_estadistico,2026-01-26 21:33:00,2026-01-26 21:33:00,1,1,0,1
803,solo_estadistico,2026-01-29 21:32:00,2026-01-29 21:32:00,1,1,0,1
803,solo_estadistico,2026-01-30 16:49:00,2026-01-30 16:49:00,1,1,0,1
803,solo_estadistico,2026-02-01 07:46:00,2026-02-01 07:46:00,1,1,0,1
803,solo_estadistico,2026-02-01 11:53:00,2026-02-01 11:53:00,1,1,0,1
803,solo_estadistico,2026-02-01 12:47:00,2026-02-01 12:47:00,1,1,0,1
803,solo_estadistico,2026-02-02 00:53:00,2026-02-02 00:53:00,1,1,0,1
803,solo_estadistico,2026-02-04 18:03:00,2026-02-04 18:03:00,1,1,0,1
803,solo_estadistico,2026-02-04 20:23:00,2026-02-04 20:23:00,1,1,0,1
803,solo_estadistico,2026-02-04 22:55:00,2026-02-04 22:55:00,1,1,0,1
803,solo_estadistico,2026-02-05 00:29:00,2026-02-05 00:29:00,1,1,0,1
803,solo_estadistico,2026-02-05 00:48:00,2026-02-05 00:48:00,1,1,0,1
803,solo_estadistico,2026-02-05 05:21:00,2026-02-05 05:21:00,1,1,0,1
803,solo_estadistico,2026-02-05 11:20:00,2026-02-05 11:20:00,1,1,0,1
803,solo_estadistico,2026-02-05 11:40:00,2026-02-05 11:40:00,1,1,0,1
803,solo_estadistico,2026-02-06 00:03:00,2026-02-06 00:03:00,1,1,0,1
803,solo_estadistico,2026-02-07 06:04:00,2026-02-07 06:04:00,1,1,0,1
803,solo_estadistico,2026-02-08 10:41:00,2026-02-08 10:41:00,1,1,0,1
803,solo_estadistico,2026-02-08 13:03:00,2026-02-08 13:03:00,1,1,0,1
803,solo_estadistico,2026-02-08 21:01:00,2026-02-08 21:01:00,1,1,0,1
803,solo_estadistico,2026-02-09 09:50:00,2026-02-09 09:50:00,1,1,0,1
803,solo_estadistico,2026-02-09 15:07:00,2026-02-09 15:07:00,1,1,0,1
803,solo_estadistico,2026-02-10 00:45:00,2026-02-10 00:45:00,1,1,0,1
803,solo_estadistico,2026-02-14 06:22:00,2026-02-14 06:22:00,1,1,0,1
803,solo_estadistico,2026-02-15 04:28:00,2026-02-15 04:28:00,1,1,0,1
803,solo_estadistico,2026-02-15 09:41:00,2026-02-15 09:41:00,1,1,0,1
803,solo_estadistico,2026-02-15 11:51:00,2026-02-15 11:51:00,1,1,0,1
803,solo_estadistico,2026-02-16 00:53:00,2026-02-16 00:53:00,1,1,0,1
803,solo_estadistico,2026-02-16 01:24:00,2026-02-16 01:24:00,1,1,0,1
803,solo_estadistico,2026-02-16 02:36:00,2026-02-16 02:36:00,1,1,0,1
803,solo_estadistico,2026-02-16 10:18:00,2026-02-16 10:18:00,1,1,0,1
803,solo_estadistico,2026-02-16 18:15:00,2026-02-16 18:15:00,1,1,0,1
803,solo_estadistico,2026-02-16 19:08:00,2026-02-16 19:08:00,1,1,0,1
803,solo_estadistico,2026-02-17 15:34:00,2026-02-17 15:34:00,1,1,0,1
803,solo_estadistico,2026-02-17 15:55:00,2026-02-17 15:55:00,1,1,0,1
803,solo_estadistico,2026-02-17 22:42:00,2026-02-17 22:42:00,1,1,0,1
803,solo_estadistico,2026-02-18 16:27:00,2026-02-18 16:27:00,1,1,0,1
803,solo_estadistico,2026-02-19 10:31:00,2026-02-19 10:31:00,1,1,0,1
803,solo_estadistico,2026-02-20 15:15:00,2026-02-20 15:15:00,1,1,0,1
803,solo_estadistico,2026-02-22 04:03:00,2026-02-22 04:03:00,1,1,0,1
803,solo_estadistico,2026-02-22 14:49:00,2026-02-22 14:49:00,1,1,0,1
803,solo_estadistico,2026-02-23 10:37:00,2026-02-23 10:37:00,1,1,0,1
803,solo_estadistico,2026-02-23 11:43:00,2026-02-23 11:43:00,1,1,0,1
803,solo_estadistico,2026-02-23 14:09:00,2026-02-23 14:09:00,1,1,0,1
803,solo_estadistico,2026-02-23 15:20:00,2026-02-23 15:20:00,1,1,0,1
803,solo_estadistico,2026-02-23 15:47:00,2026-02-23 15:47:00,1,1,0,1
803,solo_estadistico,2026-02-23 16:33:00,2026-02-23 16:33:00,1,1,0,1
803,solo_estadistico,2026-02-23 17:08:00,2026-02-23 17:08:00,1,1,0,1
803,solo_estadistico,2026-02-23 22:32:00,2026-02-23 22:32:00,1,1,0,1
803,solo_estadistico,2026-02-26 12:49:00,2026-02-26 12:49:00,1,1,0,1
803,solo_estadistico,2026-02-27 22:02:00,2026-02-27 22:02:00,1,1,0,1
803,solo_estadistico,2026-03-09 15:32:00,2026-03-09 15:32:00,1,1,0,1
803,solo_estadistico,2026-03-15 20:04:00,2026-03-15 20:04:00,1,1,0,1
803,solo_estadistico,2026-03-15 21:14:00,2026-03-15 21:14:00,1,1,0,1
803,solo_estadistico,2026-03-15 22:33:00,2026-03-15 22:33:00,1,1,0,1
803,solo_estadistico,2026-03-15 23:04:00,2026-03-15 23:04:00,1,1,0,1
803,solo_estadistico,2026-03-17 11:11:00,2026-03-17 11:11:00,1,1,0,1
803,solo_estadistico,2026-04-26 00:30:00,2026-04-26 00:30:00,1,1,0,1
803,solo_estadistico,2026-04-30 23:31:00,2026-04-30 23:31:00,1,1,0,1
803,solo_etiqueta,2026-03-16 13:55:00,2026-03-17 01:12:00,678,"1,151,1502",2,25
803,solo_etiqueta,2026-03-17 03:35:00,2026-03-17 11:10:00,456,"1,151,1502",0,32
803,solo_etiqueta,2025-12-04 06:46:00,2025-12-04 12:38:00,353,"151,251",0,32
803,solo_etiqueta,2026-03-16 02:31:00,2026-03-16 05:04:00,154,"1,151",9,4
803,solo_etiqueta,2026-03-11 07:32:00,2026-03-11 09:59:00,148,151,0,9
803,solo_etiqueta,2026-02-16 13:46:00,2026-02-16 16:01:00,136,"1,1502",0,12
803,solo_etiqueta,2025-12-13 14:22:00,2025-12-13 16:14:00,113,"1,1502,2502",1,18
803,solo_etiqueta,2026-03-17 01:42:00,2026-03-17 03:23:00,102,"1,151",0,14
803,solo_etiqueta,2026-04-13 11:25:00,2026-04-13 13:06:00,102,"1,1502",0,0
803,solo_etiqueta,2026-03-15 03:00:00,2026-03-15 04:36:00,97,151,26,2
803,solo_etiqueta,2026-02-26 13:50:00,2026-02-26 15:19:00,90,"1,1502",0,13
803,solo_etiqueta,2026-04-09 21:32:00,2026-04-09 22:56:00,85,"1,1502",8,0
803,solo_etiqueta,2026-02-27 10:53:00,2026-02-27 12:14:00,82,"1,1502",0,8
803,solo_etiqueta,2026-04-11 10:03:00,2026-04-11 11:18:00,76,"1,1502",0,0
803,solo_etiqueta,2026-04-14 07:36:00,2026-04-14 08:49:00,74,"1,1502",20,0
803,solo_etiqueta,2026-04-10 08:25:00,2026-04-10 09:37:00,73,"1,1502",0,0
803,solo_etiqueta,2026-04-11 16:39:00,2026-04-11 17:49:00,71,"1,1502",0,0
803,solo_etiqueta,2026-04-11 21:30:00,2026-04-11 22:40:00,71,"1,1502",0,0
803,solo_etiqueta,2026-03-08 17:13:00,2026-03-08 18:21:00,69,"1,1502",0,0
803,solo_etiqueta,2026-04-12 16:47:00,2026-04-12 17:55:00,69,"1,1502",0,0
803,solo_etiqueta,2026-04-02 07:08:00,2026-04-02 08:12:00,65,"1,1502",7,0
803,solo_etiqueta,2026-04-14 21:26:00,2026-04-14 22:28:00,63,"1,1502",13,0
803,solo_etiqueta,2026-04-08 04:19:00,2026-04-08 05:20:00,62,"1,1502",18,0
803,solo_etiqueta,2025-12-29 23:09:00,2025-12-30 00:07:00,59,"1,1502",0,7
803,solo_etiqueta,2026-03-15 05:14:00,2026-03-15 06:12:00,59,151,18,0
803,solo_etiqueta,2026-04-27 05:31:00,2026-04-27 06:29:00,59,"1,1502",16,0
803,solo_etiqueta,2026-04-14 01:18:00,2026-04-14 02:15:00,58,"1,1502",20,7
803,solo_etiqueta,2026-04-03 10:30:00,2026-04-03 11:26:00,57,"1,1502",0,0
803,solo_etiqueta,2026-04-08 20:34:00,2026-04-08 21:30:00,57,"1,1502",0,0
803,solo_etiqueta,2025-12-07 21:02:00,2025-12-07 21:57:00,56,151,0,0
803,solo_etiqueta,2026-04-10 22:04:00,2026-04-10 22:58:00,55,"1,1502",14,10
803,solo_etiqueta,2026-03-02 22:10:00,2026-03-02 23:03:00,54,"1,1502",0,0
803,solo_etiqueta,2026-03-03 14:57:00,2026-03-03 15:50:00,54,"1,1502",0,0
803,solo_etiqueta,2026-04-08 19:28:00,2026-04-08 20:21:00,54,"1,1502",0,0
803,solo_etiqueta,2026-04-22 03:26:00,2026-04-22 04:19:00,54,"1,1502",0,0
803,solo_etiqueta,2026-04-22 07:58:00,2026-04-22 08:50:00,53,"1,1502",0,0
803,solo_etiqueta,2026-01-28 19:27:00,2026-01-28 20:18:00,52,"1,1502",8,0
803,solo_etiqueta,2026-03-14 19:05:00,2026-03-14 19:56:00,52,151,2,0
803,solo_etiqueta,2026-03-19 16:21:00,2026-03-19 17:12:00,52,"1,1502",0,0
803,solo_etiqueta,2026-03-01 09:32:00,2026-03-01 10:22:00,51,"1,1502",0,0
803,solo_etiqueta,2026-03-31 23:39:00,2026-04-01 00:29:00,51,"1,1502",6,0
803,solo_etiqueta,2026-02-10 16:34:00,2026-02-10 17:23:00,50,"1,1502",1,1
803,solo_etiqueta,2026-04-23 22:03:00,2026-04-23 22:52:00,50,"1,1502",4,0
803,solo_etiqueta,2026-01-03 19:59:00,2026-01-03 20:47:00,49,"1,1502",7,0
803,solo_etiqueta,2025-12-05 13:19:00,2025-12-05 14:06:00,48,"1,151,1502",0,9
803,solo_etiqueta,2026-04-13 21:41:00,2026-04-13 22:28:00,48,"1,1502",9,0
803,solo_etiqueta,2026-04-24 06:38:00,2026-04-24 07:25:00,48,"1,1502",0,0
803,solo_etiqueta,2026-04-29 09:06:00,2026-04-29 09:53:00,48,"1,1502",1,0
803,solo_etiqueta,2026-03-19 14:03:00,2026-03-19 14:49:00,47,"1,1502",0,0
803,solo_etiqueta,2026-03-07 21:29:00,2026-03-07 22:14:00,46,"1,1502",0,0
803,solo_etiqueta,2026-01-25 09:54:00,2026-01-25 10:38:00,45,"1,1502",1,1
803,solo_etiqueta,2026-02-28 14:02:00,2026-02-28 14:46:00,45,"1,1502",0,1
803,solo_etiqueta,2026-04-24 22:12:00,2026-04-24 22:56:00,45,"1,1502",1,0
803,solo_etiqueta,2026-01-20 11:18:00,2026-01-20 12:01:00,44,"1,1502",0,1
803,solo_etiqueta,2026-01-27 11:10:00,2026-01-27 11:53:00,44,"1,2,1502",3,0
803,solo_etiqueta,2026-03-02 10:53:00,2026-03-02 11:36:00,44,"1,1502",0,0
803,solo_etiqueta,2026-04-20 08:25:00,2026-04-20 09:07:00,43,"1,1502",0,0
803,solo_etiqueta,2026-03-05 10:11:00,2026-03-05 10:52:00,42,"1,1502",0,0
803,solo_etiqueta,2026-03-06 12:57:00,2026-03-06 13:38:00,42,"1,1502",0,0
803,solo_etiqueta,2025-12-31 04:56:00,2025-12-31 05:36:00,41,"1,1502,1504",13,1
803,solo_etiqueta,2026-01-27 20:54:00,2026-01-27 21:34:00,41,"1,1502",3,3
803,solo_etiqueta,2026-03-03 11:52:00,2026-03-03 12:32:00,41,"1,1502",0,0
803,solo_etiqueta,2026-03-24 17:00:00,2026-03-24 17:40:00,41,"1,1502",0,0
803,solo_etiqueta,2026-03-25 08:53:00,2026-03-25 09:33:00,41,"1,1502",0,0
803,solo_etiqueta,2026-04-27 16:48:00,2026-04-27 17:28:00,41,"1,1502",0,0
803,solo_etiqueta,2026-03-16 05:40:00,2026-03-16 06:19:00,40,"151,1502",2,6
803,solo_etiqueta,2026-04-08 08:19:00,2026-04-08 08:57:00,39,"1,1502",1,0
803,solo_etiqueta,2026-04-13 08:47:00,2026-04-13 09:25:00,39,"1,1502",6,1
803,solo_etiqueta,2026-01-03 06:17:00,2026-01-03 06:54:00,38,"1,1502",0,1
803,solo_etiqueta,2026-02-07 17:25:00,2026-02-07 18:02:00,38,"1,1502",0,4
803,solo_etiqueta,2026-03-08 00:25:00,2026-03-08 01:02:00,38,"1,1502",0,0
803,solo_etiqueta,2026-03-30 10:44:00,2026-03-30 11:20:00,37,"1,1502",0,0
803,solo_etiqueta,2026-04-03 13:43:00,2026-04-03 14:19:00,37,"1,1502",0,0
803,solo_etiqueta,2026-04-14 18:20:00,2026-04-14 18:56:00,37,"1,1502",0,0
803,solo_etiqueta,2026-01-09 05:51:00,2026-01-09 06:26:00,36,"1,1502",5,1
803,solo_etiqueta,2026-02-09 09:21:00,2026-02-09 09:56:00,36,"1,1502",0,3
803,solo_etiqueta,2026-03-09 03:46:00,2026-03-09 04:21:00,36,"1,1502",0,0
803,solo_etiqueta,2026-03-31 22:36:00,2026-03-31 23:11:00,36,"1,1502",0,0
803,solo_etiqueta,2026-04-10 15:16:00,2026-04-10 15:51:00,36,"1,1502",0,0
803,solo_etiqueta,2026-04-15 12:36:00,2026-04-15 13:11:00,36,"1,1502",0,0
803,solo_etiqueta,2026-02-19 17:50:00,2026-02-19 18:24:00,35,"1,1502",0,0
803,solo_etiqueta,2026-03-16 13:06:00,2026-03-16 13:40:00,35,"151,1502",0,7
803,solo_etiqueta,2026-04-07 18:00:00,2026-04-07 18:34:00,35,"1,1502",0,0
803,solo_etiqueta,2026-04-10 13:17:00,2026-04-10 13:51:00,35,"1,1502",0,0
803,solo_etiqueta,2026-01-10 10:41:00,2026-01-10 11:14:00,34,"1,1502",0,0
803,solo_etiqueta,2026-01-23 12:34:00,2026-01-23 13:07:00,34,"1,1502",0,2
803,solo_etiqueta,2026-01-23 23:14:00,2026-01-23 23:47:00,34,"1,1502",0,0
803,solo_etiqueta,2026-02-01 23:00:00,2026-02-01 23:33:00,34,"1,1502",0,1
803,solo_etiqueta,2026-02-15 17:34:00,2026-02-15 18:07:00,34,"1,1502",0,1
803,solo_etiqueta,2026-03-23 15:29:00,2026-03-23 16:02:00,34,"1,1502",0,0
803,solo_etiqueta,2026-04-15 00:52:00,2026-04-15 01:25:00,34,"1,1502",8,4
803,solo_etiqueta,2026-04-27 08:41:00,2026-04-27 09:14:00,34,"1,1502",0,0
803,solo_etiqueta,2026-04-28 21:27:00,2026-04-28 22:00:00,34,"1,1502",1,0
803,solo_etiqueta,2025-12-07 12:04:00,2025-12-07 12:36:00,33,"1,1502",0,0
803,solo_etiqueta,2026-01-24 09:14:00,2026-01-24 09:46:00,33,"1,1502",2,0
803,solo_etiqueta,2026-01-25 14:40:00,2026-01-25 15:12:00,33,"1,1502",0,2
803,solo_etiqueta,2026-03-07 16:04:00,2026-03-07 16:36:00,33,"1,1502",0,0
803,solo_etiqueta,2026-03-24 04:05:00,2026-03-24 04:37:00,33,"1,1502",0,0
803,solo_etiqueta,2026-04-19 21:26:00,2026-04-19 21:58:00,33,"1,1502",0,0
803,solo_etiqueta,2026-01-20 08:07:00,2026-01-20 08:38:00,32,"1,1502",0,4
803,solo_etiqueta,2026-02-01 23:49:00,2026-02-02 00:20:00,32,"1,1502",0,0
803,solo_etiqueta,2026-04-02 09:49:00,2026-04-02 10:20:00,32,"1,1502",0,0
803,solo_etiqueta,2026-04-09 08:53:00,2026-04-09 09:24:00,32,"1,1502",3,0
803,solo_etiqueta,2026-04-17 10:56:00,2026-04-17 11:27:00,32,"1,1502",0,0
803,solo_etiqueta,2026-01-24 10:00:00,2026-01-24 10:30:00,31,"1,1502",0,1
803,solo_etiqueta,2026-01-30 19:33:00,2026-01-30 20:03:00,31,"1,1502",2,0
803,solo_etiqueta,2026-02-13 22:47:00,2026-02-13 23:17:00,31,"1,1502",0,1
803,solo_etiqueta,2026-02-24 07:27:00,2026-02-24 07:57:00,31,"1,1502",4,0
803,solo_etiqueta,2026-03-02 13:39:00,2026-03-02 14:09:00,31,"1,1502",0,0
803,solo_etiqueta,2026-04-06 22:05:00,2026-04-06 22:35:00,31,"1,1502",0,0
803,solo_etiqueta,2026-04-10 11:02:00,2026-04-10 11:32:00,31,"1,1502",0,0
803,solo_etiqueta,2025-12-07 07:18:00,2025-12-07 07:47:00,30,"1,1502",0,3
803,solo_etiqueta,2026-03-01 16:47:00,2026-03-01 17:16:00,30,"1,1502",0,0
803,solo_etiqueta,2026-03-11 16:40:00,2026-03-11 17:09:00,30,"1,1502",0,0
803,solo_etiqueta,2026-03-26 14:34:00,2026-03-26 15:03:00,30,"1,1502",0,0
803,solo_etiqueta,2026-04-28 19:39:00,2026-04-28 20:08:00,30,"1,1502",0,0
803,solo_etiqueta,2026-02-11 19:03:00,2026-02-11 19:31:00,29,"1,1502",2,1
803,solo_etiqueta,2026-03-17 23:22:00,2026-03-17 23:50:00,29,"1,1502",0,0
803,solo_etiqueta,2026-03-19 09:48:00,2026-03-19 10:16:00,29,"1,1502",0,0
803,solo_etiqueta,2026-03-20 14:27:00,2026-03-20 14:55:00,29,"1,1502",0,0
803,solo_etiqueta,2026-03-26 06:01:00,2026-03-26 06:29:00,29,"1,1502",0,0
803,solo_etiqueta,2026-04-04 08:10:00,2026-04-04 08:38:00,29,"1,1502",0,0
803,solo_etiqueta,2026-04-20 03:54:00,2026-04-20 04:22:00,29,"1,151,1502",4,0
803,solo_etiqueta,2026-04-22 06:50:00,2026-04-22 07:18:00,29,"1,1502",0,0
803,solo_etiqueta,2026-01-23 17:44:00,2026-01-23 18:11:00,28,"1,1502",0,2
803,solo_etiqueta,2026-01-31 07:04:00,2026-01-31 07:31:00,28,"1,1502",0,0
803,solo_etiqueta,2026-02-04 14:35:00,2026-02-04 15:02:00,28,"1,1502",0,5
803,solo_etiqueta,2026-02-13 04:40:00,2026-02-13 05:07:00,28,"1,1502",0,0
803,solo_etiqueta,2026-02-18 00:05:00,2026-02-18 00:32:00,28,"1,1502",0,0
803,solo_etiqueta,2026-03-02 06:13:00,2026-03-02 06:40:00,28,"1,1502",2,0
803,solo_etiqueta,2026-03-03 19:46:00,2026-03-03 20:13:00,28,"1,1502",6,0
803,solo_etiqueta,2026-03-07 18:34:00,2026-03-07 19:01:00,28,"1,1502",0,0
803,solo_etiqueta,2026-03-10 14:33:00,2026-03-10 15:00:00,28,"1,1502",0,0
803,solo_etiqueta,2026-03-14 13:54:00,2026-03-14 14:21:00,28,"1,1502",0,0
803,solo_etiqueta,2026-04-19 07:32:00,2026-04-19 07:59:00,28,"1,1502",0,0
803,solo_etiqueta,2026-04-25 05:16:00,2026-04-25 05:43:00,28,"1,1502",0,0
803,solo_etiqueta,2025-12-21 05:38:00,2025-12-21 06:04:00,27,"1,1502",0,9
803,solo_etiqueta,2025-12-28 18:34:00,2025-12-28 19:00:00,27,"1,1502,1504",7,3
803,solo_etiqueta,2026-01-23 21:19:00,2026-01-23 21:45:00,27,"1,1502",0,1
803,solo_etiqueta,2026-02-10 14:59:00,2026-02-10 15:25:00,27,"1,1502",4,0
803,solo_etiqueta,2026-02-27 08:53:00,2026-02-27 09:19:00,27,"1,1502",0,2
803,solo_etiqueta,2026-03-02 15:02:00,2026-03-02 15:28:00,27,"1,1502",0,0
803,solo_etiqueta,2026-03-13 21:38:00,2026-03-13 22:04:00,27,"1,1502",0,0
803,solo_etiqueta,2026-03-24 18:21:00,2026-03-24 18:47:00,27,"1,1502",0,0
803,solo_etiqueta,2026-04-09 10:57:00,2026-04-09 11:23:00,27,"1,1502",0,0
803,solo_etiqueta,2025-12-26 00:06:00,2025-12-26 00:31:00,26,"1,1502,1504",9,1
803,solo_etiqueta,2026-01-25 23:14:00,2026-01-25 23:39:00,26,"1,1502",0,13
803,solo_etiqueta,2026-03-01 18:38:00,2026-03-01 19:03:00,26,"1,1502",0,0
803,solo_etiqueta,2026-04-11 08:34:00,2026-04-11 08:59:00,26,"1,1502",0,0
803,solo_etiqueta,2026-04-14 17:12:00,2026-04-14 17:37:00,26,"1,1502",1,0
803,solo_etiqueta,2026-04-25 13:46:00,2026-04-25 14:11:00,26,"1,1502",0,0
803,solo_etiqueta,2025-12-05 14:35:00,2025-12-05 14:59:00,25,"1,1502",0,7
803,solo_etiqueta,2025-12-18 19:19:00,2025-12-18 19:43:00,25,"1,2502",0,13
803,solo_etiqueta,2025-12-19 04:20:00,2025-12-19 04:44:00,25,"1,2502",0,11
803,solo_etiqueta,2026-01-12 21:04:00,2026-01-12 21:28:00,25,"1,1502",0,1
803,solo_etiqueta,2026-01-24 14:29:00,2026-01-24 14:53:00,25,"1,1502",0,3
803,solo_etiqueta,2026-02-10 08:01:00,2026-02-10 08:25:00,25,"1,1502",0,5
803,solo_etiqueta,2026-02-18 14:13:00,2026-02-18 14:37:00,25,"1,2,1502,2502",0,4
803,solo_etiqueta,2026-03-03 23:22:00,2026-03-03 23:46:00,25,"1,1502",0,0
803,solo_etiqueta,2026-03-07 01:53:00,2026-03-07 02:17:00,25,"1,1502",0,0
803,solo_etiqueta,2026-03-15 02:14:00,2026-03-15 02:38:00,25,151,5,0
803,solo_etiqueta,2026-04-10 10:25:00,2026-04-10 10:49:00,25,"1,1502",0,0
803,solo_etiqueta,2026-04-12 18:07:00,2026-04-12 18:31:00,25,"1,1502",2,0
803,solo_etiqueta,2025-12-10 05:26:00,2025-12-10 05:49:00,24,"1,1502",0,3
803,solo_etiqueta,2025-12-21 12:56:00,2025-12-21 13:19:00,24,"1,1502",0,1
803,solo_etiqueta,2026-01-02 14:08:00,2026-01-02 14:31:00,24,"1,1502",0,2
803,solo_etiqueta,2026-01-08 22:54:00,2026-01-08 23:17:00,24,"1,1502",1,11
803,solo_etiqueta,2026-01-17 17:49:00,2026-01-17 18:12:00,24,"1,1502",0,0
803,solo_etiqueta,2026-01-28 18:05:00,2026-01-28 18:28:00,24,"1,1502",0,0
803,solo_etiqueta,2026-02-08 09:15:00,2026-02-08 09:38:00,24,"1,1502",0,1
803,solo_etiqueta,2026-02-20 23:56:00,2026-02-21 00:19:00,24,"1,1502",3,6
803,solo_etiqueta,2026-02-26 09:23:00,2026-02-26 09:46:00,24,"1,1502",0,0
803,solo_etiqueta,2026-03-02 02:36:00,2026-03-02 02:59:00,24,"1,1502",0,0
803,solo_etiqueta,2026-03-09 00:41:00,2026-03-09 01:04:00,24,"1,1502",0,0
803,solo_etiqueta,2026-03-21 00:44:00,2026-03-21 01:07:00,24,"1,1502",0,0
803,solo_etiqueta,2026-03-23 16:53:00,2026-03-23 17:16:00,24,"1,151,1502",0,0
803,solo_etiqueta,2026-04-02 00:13:00,2026-04-02 00:36:00,24,"1,1502",1,0
803,solo_etiqueta,2026-04-13 10:47:00,2026-04-13 11:10:00,24,"1,1502",0,0
803,solo_etiqueta,2026-04-13 23:25:00,2026-04-13 23:48:00,24,"1,1502",11,0
803,solo_etiqueta,2026-04-29 12:17:00,2026-04-29 12:40:00,24,"1,1502",0,0
803,solo_etiqueta,2025-12-11 10:10:00,2025-12-11 10:32:00,23,"1,1502",0,6
803,solo_etiqueta,2026-01-17 11:27:00,2026-01-17 11:49:00,23,"1,1502",0,0
803,solo_etiqueta,2026-01-22 10:48:00,2026-01-22 11:10:00,23,"1,1502",0,1
803,solo_etiqueta,2026-01-26 05:18:00,2026-01-26 05:40:00,23,"1,1502",0,4
803,solo_etiqueta,2026-01-30 06:24:00,2026-01-30 06:46:00,23,"1,1502",0,0
803,solo_etiqueta,2026-02-11 13:01:00,2026-02-11 13:23:00,23,"1,1502",0,0
803,solo_etiqueta,2026-02-16 03:57:00,2026-02-16 04:19:00,23,"1,1502",4,8
803,solo_etiqueta,2026-02-27 15:17:00,2026-02-27 15:39:00,23,"1,1502",0,1
803,solo_etiqueta,2026-03-10 02:25:00,2026-03-10 02:47:00,23,"1,1502",0,0
803,solo_etiqueta,2026-03-13 14:40:00,2026-03-13 15:02:00,23,"1,1502",0,0
803,solo_etiqueta,2026-03-15 17:07:00,2026-03-15 17:29:00,23,"1,1502",0,0
803,solo_etiqueta,2026-03-18 00:04:00,2026-03-18 00:26:00,23,"1,1502",0,0
803,solo_etiqueta,2026-03-18 01:44:00,2026-03-18 02:06:00,23,"1,1502",0,0
803,solo_etiqueta,2026-03-19 07:29:00,2026-03-19 07:51:00,23,"1,1502",0,0
803,solo_etiqueta,2026-03-26 21:56:00,2026-03-26 22:18:00,23,"1,1502",0,0
803,solo_etiqueta,2026-03-27 17:20:00,2026-03-27 17:42:00,23,"1,1502",0,0
803,solo_etiqueta,2025-12-29 19:54:00,2025-12-29 20:15:00,22,"1,1502",0,0
803,solo_etiqueta,2025-12-31 21:48:00,2025-12-31 22:09:00,22,"1,1502",0,0
803,solo_etiqueta,2026-01-01 07:29:00,2026-01-01 07:50:00,22,"1,1502",0,12
803,solo_etiqueta,2026-01-02 00:20:00,2026-01-02 00:41:00,22,"1,1502",0,0
803,solo_etiqueta,2026-02-14 05:19:00,2026-02-14 05:40:00,22,"1,1502",4,1
803,solo_etiqueta,2026-03-01 00:59:00,2026-03-01 01:20:00,22,"1,1502",2,0
803,solo_etiqueta,2026-03-04 10:27:00,2026-03-04 10:48:00,22,"1,1502",0,0
803,solo_etiqueta,2026-03-08 01:51:00,2026-03-08 02:12:00,22,"1,1502",0,0
803,solo_etiqueta,2026-03-11 13:44:00,2026-03-11 14:05:00,22,"1,1502",0,0
803,solo_etiqueta,2026-03-11 14:41:00,2026-03-11 15:02:00,22,"1,1502",0,0
803,solo_etiqueta,2026-03-18 09:01:00,2026-03-18 09:22:00,22,"1,1502",0,0
803,solo_etiqueta,2026-03-30 21:10:00,2026-03-30 21:31:00,22,"1,1502",0,0
803,solo_etiqueta,2026-04-01 14:44:00,2026-04-01 15:05:00,22,"1,1502",0,0
803,solo_etiqueta,2026-04-21 09:50:00,2026-04-21 10:11:00,22,"1,1502",0,0
803,solo_etiqueta,2025-12-10 15:34:00,2025-12-10 15:54:00,21,"1,1502",0,0
803,solo_etiqueta,2026-01-20 05:30:00,2026-01-20 05:50:00,21,"1,1502",1,0
803,solo_etiqueta,2026-01-22 21:07:00,2026-01-22 21:27:00,21,"1,1502",3,0
803,solo_etiqueta,2026-01-29 20:13:00,2026-01-29 20:33:00,21,"1,1502",0,0
803,solo_etiqueta,2026-01-30 05:33:00,2026-01-30 05:53:00,21,"1,1502",0,0
803,solo_etiqueta,2026-01-30 12:54:00,2026-01-30 13:14:00,21,"1,1502",0,4
803,solo_etiqueta,2026-03-01 06:17:00,2026-03-01 06:37:00,21,"1,1502",2,0
803,solo_etiqueta,2026-03-01 10:34:00,2026-03-01 10:54:00,21,"1,1502",0,0
803,solo_etiqueta,2026-03-01 14:34:00,2026-03-01 14:54:00,21,"1,1502",0,0
803,solo_etiqueta,2026-03-05 11:12:00,2026-03-05 11:32:00,21,"1,1502",0,0
803,solo_etiqueta,2026-03-08 20:50:00,2026-03-08 21:10:00,21,"1,1502",0,0
803,solo_etiqueta,2026-03-18 07:31:00,2026-03-18 07:51:00,21,"1,1502",0,0
803,solo_etiqueta,2026-03-31 20:59:00,2026-03-31 21:19:00,21,"1,1502",0,0
803,solo_etiqueta,2026-04-07 23:33:00,2026-04-07 23:53:00,21,"1,1502",0,0
803,solo_etiqueta,2026-04-22 21:40:00,2026-04-22 22:00:00,21,"1,1502",0,0
803,solo_etiqueta,2026-04-24 08:03:00,2026-04-24 08:23:00,21,"1,1502",0,0
803,solo_etiqueta,2025-12-11 13:42:00,2025-12-11 14:01:00,20,"1,1502",0,1
803,solo_etiqueta,2025-12-18 00:14:00,2025-12-18 00:33:00,20,"1,1504,2502",1,7
803,solo_etiqueta,2025-12-30 04:55:00,2025-12-30 05:14:00,20,"1,1502",0,5
803,solo_etiqueta,2026-01-01 22:32:00,2026-01-01 22:51:00,20,"1,1502",0,3
803,solo_etiqueta,2026-01-10 22:13:00,2026-01-10 22:32:00,20,"1,1502",0,0
803,solo_etiqueta,2026-02-03 11:16:00,2026-02-03 11:35:00,20,"1,1502",0,3
803,solo_etiqueta,2026-02-08 10:14:00,2026-02-08 10:33:00,20,"1,1502",0,1
803,solo_etiqueta,2026-02-13 08:00:00,2026-02-13 08:19:00,20,"1,1502",0,0
803,solo_etiqueta,2026-02-18 12:14:00,2026-02-18 12:33:00,20,"1,1502",0,1
803,solo_etiqueta,2026-03-07 04:15:00,2026-03-07 04:34:00,20,"1,1502",0,0
803,solo_etiqueta,2026-04-02 04:48:00,2026-04-02 05:07:00,20,"1,1502",1,0
803,solo_etiqueta,2026-04-07 01:19:00,2026-04-07 01:38:00,20,"1,1502",0,0
803,solo_etiqueta,2026-04-09 06:29:00,2026-04-09 06:48:00,20,"1,1502",10,0
803,solo_etiqueta,2026-04-10 11:50:00,2026-04-10 12:09:00,20,"1,1502",0,0
803,solo_etiqueta,2026-04-20 07:14:00,2026-04-20 07:33:00,20,"1,1502",0,0
803,solo_etiqueta,2026-04-28 08:59:00,2026-04-28 09:18:00,20,"1,1502",0,0
803,solo_etiqueta,2026-04-29 21:46:00,2026-04-29 22:05:00,20,"1,1502",0,0
803,solo_etiqueta,2025-12-11 09:27:00,2025-12-11 09:45:00,19,"1,1502",0,0
803,solo_etiqueta,2025-12-17 15:44:00,2025-12-17 16:02:00,19,"1,2502",0,2
803,solo_etiqueta,2025-12-24 07:25:00,2025-12-24 07:43:00,19,"1,1502,1504",2,3
803,solo_etiqueta,2026-01-23 09:55:00,2026-01-23 10:13:00,19,"1,1502",0,0
803,solo_etiqueta,2026-01-25 20:31:00,2026-01-25 20:49:00,19,"1,1502",9,3
803,solo_etiqueta,2026-02-06 13:14:00,2026-02-06 13:32:00,19,"1,2,1502",0,1
803,solo_etiqueta,2026-02-06 17:06:00,2026-02-06 17:24:00,19,"1,1502",0,0
803,solo_etiqueta,2026-02-10 11:34:00,2026-02-10 11:52:00,19,"1,1502",0,0
803,solo_etiqueta,2026-02-11 17:10:00,2026-02-11 17:28:00,19,"1,1502",0,0
803,solo_etiqueta,2026-02-15 00:35:00,2026-02-15 00:53:00,19,"1,1502",0,0
803,solo_etiqueta,2026-02-26 21:22:00,2026-02-26 21:40:00,19,"1,1502",1,6
803,solo_etiqueta,2026-02-28 00:18:00,2026-02-28 00:36:00,19,"1,1502",1,4
803,solo_etiqueta,2026-03-03 07:45:00,2026-03-03 08:03:00,19,"1,1502",0,0
803,solo_etiqueta,2026-03-23 16:15:00,2026-03-23 16:33:00,19,"1,1502",0,0
803,solo_etiqueta,2026-03-26 08:41:00,2026-03-26 08:59:00,19,"1,1502",0,0
803,solo_etiqueta,2026-04-02 01:01:00,2026-04-02 01:19:00,19,1502,0,0
803,solo_etiqueta,2026-04-10 05:17:00,2026-04-10 05:35:00,19,"1,1502",4,0
803,solo_etiqueta,2026-04-29 13:53:00,2026-04-29 14:11:00,19,"1,1502",0,0
803,solo_etiqueta,2026-04-29 19:25:00,2026-04-29 19:43:00,19,"1,1502",0,0
803,solo_etiqueta,2025-12-05 23:50:00,2025-12-06 00:07:00,18,"1,1502,1504",4,2
803,solo_etiqueta,2025-12-10 19:58:00,2025-12-10 20:15:00,18,"1,1502",0,0
803,solo_etiqueta,2025-12-17 13:22:00,2025-12-17 13:39:00,18,"1,2502",0,4
803,solo_etiqueta,2025-12-19 12:00:00,2025-12-19 12:17:00,18,"1,2502",0,10
803,solo_etiqueta,2025-12-21 15:24:00,2025-12-21 15:41:00,18,"1,1502",0,3
803,solo_etiqueta,2025-12-22 05:11:00,2025-12-22 05:28:00,18,"1,1502",0,5
803,solo_etiqueta,2026-01-11 06:19:00,2026-01-11 06:36:00,18,"1,1502",0,0
803,solo_etiqueta,2026-01-20 18:41:00,2026-01-20 18:58:00,18,"1,1502",8,0
803,solo_etiqueta,2026-01-22 16:55:00,2026-01-22 17:12:00,18,"1,1502",0,0
803,solo_etiqueta,2026-01-29 13:11:00,2026-01-29 13:28:00,18,"1,1502",0,1
803,solo_etiqueta,2026-02-01 09:15:00,2026-02-01 09:32:00,18,"1,1502",0,6
803,solo_etiqueta,2026-02-02 07:19:00,2026-02-02 07:36:00,18,"1,1502",1,2
803,solo_etiqueta,2026-02-10 09:39:00,2026-02-10 09:56:00,18,"1,1502",0,1
803,solo_etiqueta,2026-02-10 20:31:00,2026-02-10 20:48:00,18,"1,1502",2,0
803,solo_etiqueta,2026-02-11 11:37:00,2026-02-11 11:54:00,18,"1,1502",0,0
803,solo_etiqueta,2026-02-28 10:35:00,2026-02-28 10:52:00,18,"1,1502",0,1
803,solo_etiqueta,2026-03-11 11:26:00,2026-03-11 11:43:00,18,"1,1502",3,0
803,solo_etiqueta,2026-03-26 15:58:00,2026-03-26 16:15:00,18,"1,1502",0,0
803,solo_etiqueta,2026-03-26 20:01:00,2026-03-26 20:18:00,18,"1,1502",0,0
803,solo_etiqueta,2026-03-30 20:39:00,2026-03-30 20:56:00,18,"1,1502",0,0
803,solo_etiqueta,2026-04-07 21:57:00,2026-04-07 22:14:00,18,"1,1502",0,0
803,solo_etiqueta,2026-04-13 09:39:00,2026-04-13 09:56:00,18,"1,1502",0,0
803,solo_etiqueta,2026-04-13 18:39:00,2026-04-13 18:56:00,18,"1,1502",0,0
803,solo_etiqueta,2025-12-06 05:04:00,2025-12-06 05:20:00,17,"1,1502,1504",9,0
803,solo_etiqueta,2025-12-06 07:18:00,2025-12-06 07:34:00,17,"1,1502,1504",4,0
803,solo_etiqueta,2025-12-27 10:06:00,2025-12-27 10:22:00,17,"1,1502",0,0
803,solo_etiqueta,2026-01-03 21:38:00,2026-01-03 21:54:00,17,"1,1502",0,0
803,solo_etiqueta,2026-01-22 15:41:00,2026-01-22 15:57:00,17,"1,1502",0,0
803,solo_etiqueta,2026-01-23 09:01:00,2026-01-23 09:17:00,17,"1,1502",0,0
803,solo_etiqueta,2026-01-23 20:39:00,2026-01-23 20:55:00,17,"1,1502",0,2
803,solo_etiqueta,2026-01-28 09:20:00,2026-01-28 09:36:00,17,"1,1502",0,0
803,solo_etiqueta,2026-02-02 09:47:00,2026-02-02 10:03:00,17,"1,1502",0,4
803,solo_etiqueta,2026-02-08 18:23:00,2026-02-08 18:39:00,17,"1,1502",0,2
803,solo_etiqueta,2026-02-09 22:11:00,2026-02-09 22:27:00,17,"1,1502",3,0
803,solo_etiqueta,2026-02-10 22:09:00,2026-02-10 22:25:00,17,"1,1502",0,0
803,solo_etiqueta,2026-02-14 09:49:00,2026-02-14 10:05:00,17,"1,1502",0,1
803,solo_etiqueta,2026-02-15 11:19:00,2026-02-15 11:35:00,17,"1,1502",0,3
803,solo_etiqueta,2026-02-27 16:47:00,2026-02-27 17:03:00,17,"1,1502",0,2
803,solo_etiqueta,2026-03-03 05:54:00,2026-03-03 06:10:00,17,"1,1502",0,0
803,solo_etiqueta,2026-03-03 16:12:00,2026-03-03 16:28:00,17,"1,1502",0,0
803,solo_etiqueta,2026-03-10 12:57:00,2026-03-10 13:13:00,17,"1,1502",0,0
803,solo_etiqueta,2026-03-20 13:28:00,2026-03-20 13:44:00,17,"1,1502",0,0
803,solo_etiqueta,2026-03-23 15:00:00,2026-03-23 15:16:00,17,"1,1502",0,0
803,solo_etiqueta,2026-04-03 18:46:00,2026-04-03 19:02:00,17,"1,1502",0,0
803,solo_etiqueta,2026-04-06 08:18:00,2026-04-06 08:34:00,17,"1,1502",0,0
803,solo_etiqueta,2026-04-12 07:56:00,2026-04-12 08:12:00,17,"1,1502",0,0
803,solo_etiqueta,2026-04-14 19:48:00,2026-04-14 20:04:00,17,"1,1502",1,0
803,solo_etiqueta,2026-04-22 12:38:00,2026-04-22 12:54:00,17,"1,1502",0,0
803,solo_etiqueta,2026-01-01 22:00:00,2026-01-01 22:15:00,16,"1,1502",1,5
803,solo_etiqueta,2026-01-08 16:08:00,2026-01-08 16:23:00,16,"1,2,1502",0,0
803,solo_etiqueta,2026-01-28 07:30:00,2026-01-28 07:45:00,16,"1,1502",6,3
803,solo_etiqueta,2026-01-29 16:03:00,2026-01-29 16:18:00,16,"1,1502",0,0
803,solo_etiqueta,2026-01-29 18:15:00,2026-01-29 18:30:00,16,"1,1502",0,1
803,solo_etiqueta,2026-02-01 00:32:00,2026-02-01 00:47:00,16,"1,1502",3,2
803,solo_etiqueta,2026-02-08 14:11:00,2026-02-08 14:26:00,16,"1,1502",0,0
803,solo_etiqueta,2026-02-10 21:37:00,2026-02-10 21:52:00,16,"1,1502",0,0
803,solo_etiqueta,2026-02-12 14:15:00,2026-02-12 14:30:00,16,"1,1502",0,2
803,solo_etiqueta,2026-02-17 14:42:00,2026-02-17 14:57:00,16,"1,1502",0,0
803,solo_etiqueta,2026-02-18 14:58:00,2026-02-18 15:13:00,16,"1,1502",0,1
803,solo_etiqueta,2026-02-19 06:33:00,2026-02-19 06:48:00,16,"1,1502",2,3
803,solo_etiqueta,2026-02-19 13:55:00,2026-02-19 14:10:00,16,"1,2",0,0
803,solo_etiqueta,2026-02-20 09:45:00,2026-02-20 10:00:00,16,"1,1502",0,0
803,solo_etiqueta,2026-02-20 11:43:00,2026-02-20 11:58:00,16,"1,1502",0,0
803,solo_etiqueta,2026-03-02 08:10:00,2026-03-02 08:25:00,16,"1,1502",0,0
803,solo_etiqueta,2026-03-02 16:05:00,2026-03-02 16:20:00,16,"1,1502",0,0
803,solo_etiqueta,2026-03-04 04:23:00,2026-03-04 04:38:00,16,"1,1502",3,0
803,solo_etiqueta,2026-03-06 16:16:00,2026-03-06 16:31:00,16,"1,1502",0,0
803,solo_etiqueta,2026-03-07 05:07:00,2026-03-07 05:22:00,16,"1,1502",0,0
803,solo_etiqueta,2026-03-07 15:11:00,2026-03-07 15:26:00,16,"1,1502",0,0
803,solo_etiqueta,2026-03-08 16:35:00,2026-03-08 16:50:00,16,"1,1502",0,0
803,solo_etiqueta,2026-03-09 02:05:00,2026-03-09 02:20:00,16,"1,1502",0,0
803,solo_etiqueta,2026-03-13 22:40:00,2026-03-13 22:55:00,16,"1,1502",0,0
803,solo_etiqueta,2026-03-16 08:37:00,2026-03-16 08:52:00,16,"1,151",0,7
803,solo_etiqueta,2026-03-22 17:43:00,2026-03-22 17:58:00,16,"1,1502",0,0
803,solo_etiqueta,2026-03-23 14:14:00,2026-03-23 14:29:00,16,"1,1502",0,0
803,solo_etiqueta,2026-03-26 21:19:00,2026-03-26 21:34:00,16,"1,1502",0,0
803,solo_etiqueta,2026-03-26 22:34:00,2026-03-26 22:49:00,16,"1,1502",0,0
803,solo_etiqueta,2026-04-02 19:37:00,2026-04-02 19:52:00,16,"1,1502",0,0
803,solo_etiqueta,2026-04-06 05:50:00,2026-04-06 06:05:00,16,"1,1502",0,0
803,solo_etiqueta,2026-04-08 18:34:00,2026-04-08 18:49:00,16,"1,1502",0,0
803,solo_etiqueta,2026-04-09 08:11:00,2026-04-09 08:26:00,16,"1,1502",0,0
803,solo_etiqueta,2026-04-09 13:14:00,2026-04-09 13:29:00,16,"1,1502",0,0
803,solo_etiqueta,2026-04-09 18:54:00,2026-04-09 19:09:00,16,"1,1502",0,0
803,solo_etiqueta,2026-04-24 21:40:00,2026-04-24 21:55:00,16,"1,1502",0,0
803,solo_etiqueta,2026-04-26 14:05:00,2026-04-26 14:20:00,16,"1,1502",0,0
803,solo_etiqueta,2026-04-29 08:39:00,2026-04-29 08:54:00,16,"1,1502",0,0
803,solo_etiqueta,2026-04-29 16:38:00,2026-04-29 16:53:00,16,"1,1502",0,0
803,solo_etiqueta,2026-04-30 18:23:00,2026-04-30 18:38:00,16,"1,1502",12,9
803,solo_etiqueta,2025-12-10 17:12:00,2025-12-10 17:26:00,15,"1,1502",0,0
803,solo_etiqueta,2025-12-17 23:42:00,2025-12-17 23:56:00,15,2502,0,2
803,solo_etiqueta,2025-12-18 09:25:00,2025-12-18 09:39:00,15,"1,2502",0,6
803,solo_etiqueta,2025-12-19 15:23:00,2025-12-19 15:37:00,15,"1,1502",0,1
803,solo_etiqueta,2025-12-30 02:52:00,2025-12-30 03:06:00,15,"1,1502",0,1
803,solo_etiqueta,2026-01-08 20:39:00,2026-01-08 20:53:00,15,"1,1502",2,3
803,solo_etiqueta,2026-01-12 23:00:00,2026-01-12 23:14:00,15,"1,1502",0,0
803,solo_etiqueta,2026-01-21 00:48:00,2026-01-21 01:02:00,15,"1,1502",0,4
803,solo_etiqueta,2026-01-21 19:42:00,2026-01-21 19:56:00,15,"1,1502",0,0
803,solo_etiqueta,2026-01-22 13:23:00,2026-01-22 13:37:00,15,"1,1502",0,5
803,solo_etiqueta,2026-01-23 18:25:00,2026-01-23 18:39:00,15,"1,1502",0,0
803,solo_etiqueta,2026-01-25 21:21:00,2026-01-25 21:35:00,15,"1,1502",5,0
803,solo_etiqueta,2026-01-27 13:35:00,2026-01-27 13:49:00,15,"1,1502",0,0
803,solo_etiqueta,2026-02-08 13:41:00,2026-02-08 13:55:00,15,"1,1502",0,0
803,solo_etiqueta,2026-02-12 01:01:00,2026-02-12 01:15:00,15,"1,1502",0,0
803,solo_etiqueta,2026-02-19 05:57:00,2026-02-19 06:11:00,15,"1,1502",1,0
803,solo_etiqueta,2026-02-21 16:49:00,2026-02-21 17:03:00,15,"1,1502",0,1
803,solo_etiqueta,2026-03-03 04:37:00,2026-03-03 04:51:00,15,"1,1502",0,0
803,solo_etiqueta,2026-03-03 06:42:00,2026-03-03 06:56:00,15,"1,1502",0,0
803,solo_etiqueta,2026-03-03 08:52:00,2026-03-03 09:06:00,15,"1,1502",0,0
803,solo_etiqueta,2026-03-05 00:56:00,2026-03-05 01:10:00,15,"1,1502",0,0
803,solo_etiqueta,2026-03-06 23:02:00,2026-03-06 23:16:00,15,"1,1502",0,0
803,solo_etiqueta,2026-03-07 19:33:00,2026-03-07 19:47:00,15,"1,1502",0,0
803,solo_etiqueta,2026-03-19 12:55:00,2026-03-19 13:09:00,15,"1,1502",0,0
803,solo_etiqueta,2026-04-01 23:02:00,2026-04-01 23:16:00,15,"1,1502",6,0
803,solo_etiqueta,2026-04-20 07:50:00,2026-04-20 08:04:00,15,"1,1502",0,0
803,solo_etiqueta,2026-04-26 20:32:00,2026-04-26 20:46:00,15,"1,1502",3,0
803,solo_etiqueta,2026-04-30 11:54:00,2026-04-30 12:08:00,15,"1,1502",0,0
803,solo_etiqueta,2025-12-10 20:41:00,2025-12-10 20:54:00,14,"1,1502",0,0
803,solo_etiqueta,2025-12-22 15:04:00,2025-12-22 15:17:00,14,"1,1502",0,2
803,solo_etiqueta,2026-01-02 13:30:00,2026-01-02 13:43:00,14,"1,1502",0,0
803,solo_etiqueta,2026-01-04 18:01:00,2026-01-04 18:14:00,14,"1,1502",0,2
803,solo_etiqueta,2026-01-09 07:44:00,2026-01-09 07:57:00,14,"1,1502",1,2
803,solo_etiqueta,2026-01-24 12:29:00,2026-01-24 12:42:00,14,"1,1502",0,0
803,solo_etiqueta,2026-02-10 16:08:00,2026-02-10 16:21:00,14,"1,1502",0,0
803,solo_etiqueta,2026-02-10 21:02:00,2026-02-10 21:15:00,14,"1,1502",0,0
803,solo_etiqueta,2026-02-11 10:47:00,2026-02-11 11:00:00,14,"1,1502",0,1
803,solo_etiqueta,2026-02-13 08:47:00,2026-02-13 09:00:00,14,"1,1502",0,0
803,solo_etiqueta,2026-02-15 04:51:00,2026-02-15 05:04:00,14,"1,1502",0,3
803,solo_etiqueta,2026-02-17 21:41:00,2026-02-17 21:54:00,14,"1,1502",0,0
803,solo_etiqueta,2026-02-23 13:14:00,2026-02-23 13:27:00,14,"1,1502",0,1
803,solo_etiqueta,2026-02-27 12:58:00,2026-02-27 13:11:00,14,"1,1502",0,2
803,solo_etiqueta,2026-02-28 19:22:00,2026-02-28 19:35:00,14,"1,1502",1,7
803,solo_etiqueta,2026-03-03 12:46:00,2026-03-03 12:59:00,14,"1,1502",0,0
803,solo_etiqueta,2026-03-12 15:53:00,2026-03-12 16:06:00,14,"1,1502",1,0
803,solo_etiqueta,2026-03-15 11:51:00,2026-03-15 12:04:00,14,151,0,0
803,solo_etiqueta,2026-03-17 12:17:00,2026-03-17 12:30:00,14,"1,1502",0,0
803,solo_etiqueta,2026-03-18 11:46:00,2026-03-18 11:59:00,14,"1,1502",0,0
803,solo_etiqueta,2026-03-22 21:42:00,2026-03-22 21:55:00,14,"1,1502",0,0
803,solo_etiqueta,2026-04-03 08:49:00,2026-04-03 09:02:00,14,"1,1502",0,0
803,solo_etiqueta,2026-04-07 14:30:00,2026-04-07 14:43:00,14,"1,1502",0,0
803,solo_etiqueta,2026-04-14 00:52:00,2026-04-14 01:05:00,14,"1,1502",6,0
803,solo_etiqueta,2026-04-14 07:09:00,2026-04-14 07:22:00,14,"1,1502",5,0
803,solo_etiqueta,2026-04-20 09:29:00,2026-04-20 09:42:00,14,"1,1502",0,0
803,solo_etiqueta,2026-04-24 01:14:00,2026-04-24 01:27:00,14,"1,1502",0,0
803,solo_etiqueta,2026-04-24 21:00:00,2026-04-24 21:13:00,14,"1,1502",0,0
803,solo_etiqueta,2026-04-29 08:11:00,2026-04-29 08:24:00,14,"1,1502",0,0
803,solo_etiqueta,2025-12-01 12:52:00,2025-12-01 13:04:00,13,"1,1502",0,6
803,solo_etiqueta,2025-12-10 04:50:00,2025-12-10 05:02:00,13,"1,1502,1504",2,3
803,solo_etiqueta,2025-12-24 13:51:00,2025-12-24 14:03:00,13,"1,1502",0,6
803,solo_etiqueta,2026-01-03 19:31:00,2026-01-03 19:43:00,13,1502,0,1
803,solo_etiqueta,2026-01-06 03:56:00,2026-01-06 04:08:00,13,"1,1502",0,0
803,solo_etiqueta,2026-01-17 12:23:00,2026-01-17 12:35:00,13,"1,2,1502",0,0
803,solo_etiqueta,2026-01-19 22:21:00,2026-01-19 22:33:00,13,"1,1502",0,6
803,solo_etiqueta,2026-01-29 11:11:00,2026-01-29 11:23:00,13,"1,1502",0,1
803,solo_etiqueta,2026-02-09 04:50:00,2026-02-09 05:02:00,13,"1,1502",1,0
803,solo_etiqueta,2026-02-10 00:48:00,2026-02-10 01:00:00,13,"1,1502",2,2
803,solo_etiqueta,2026-02-13 10:43:00,2026-02-13 10:55:00,13,"1,1502",0,0
803,solo_etiqueta,2026-02-18 13:11:00,2026-02-18 13:23:00,13,"1,2,1502",0,0
803,solo_etiqueta,2026-02-21 09:32:00,2026-02-21 09:44:00,13,"1,1502",0,2
803,solo_etiqueta,2026-02-22 10:41:00,2026-02-22 10:53:00,13,"1,1502",0,0
803,solo_etiqueta,2026-02-23 01:03:00,2026-02-23 01:15:00,13,1502,0,10
803,solo_etiqueta,2026-02-28 05:57:00,2026-02-28 06:09:00,13,"1,1502",3,0
803,solo_etiqueta,2026-02-28 23:33:00,2026-02-28 23:45:00,13,"1,1502",2,0
803,solo_etiqueta,2026-03-02 09:45:00,2026-03-02 09:57:00,13,1502,0,0
803,solo_etiqueta,2026-03-02 19:12:00,2026-03-02 19:24:00,13,"1,1502",0,0
803,solo_etiqueta,2026-03-03 13:53:00,2026-03-03 14:05:00,13,"1,1502",0,0
803,solo_etiqueta,2026-03-11 15:37:00,2026-03-11 15:49:00,13,"1,1502",0,0
803,solo_etiqueta,2026-03-12 17:02:00,2026-03-12 17:14:00,13,"1,1502",0,0
803,solo_etiqueta,2026-03-19 10:52:00,2026-03-19 11:04:00,13,"1,1502",0,0
803,solo_etiqueta,2026-03-20 15:33:00,2026-03-20 15:45:00,13,"1,1502",0,0
803,solo_etiqueta,2026-03-22 21:06:00,2026-03-22 21:18:00,13,"1,1502",0,0
803,solo_etiqueta,2026-03-23 21:01:00,2026-03-23 21:13:00,13,"1,1502",0,0
803,solo_etiqueta,2026-03-26 07:45:00,2026-03-26 07:57:00,13,"1,1502",0,0
803,solo_etiqueta,2026-04-10 06:39:00,2026-04-10 06:51:00,13,"1,1502",0,0
803,solo_etiqueta,2026-04-11 09:37:00,2026-04-11 09:49:00,13,"1,1502",0,0
803,solo_etiqueta,2026-04-12 06:51:00,2026-04-12 07:03:00,13,"1,1502",0,0
803,solo_etiqueta,2026-04-13 13:22:00,2026-04-13 13:34:00,13,"1,1502",0,0
803,solo_etiqueta,2026-04-15 03:46:00,2026-04-15 03:58:00,13,"1,1502",0,0
803,solo_etiqueta,2026-04-19 15:12:00,2026-04-19 15:24:00,13,"1,1502",0,0
803,solo_etiqueta,2026-04-20 05:25:00,2026-04-20 05:37:00,13,"1,1502",0,0
803,solo_etiqueta,2026-04-20 21:29:00,2026-04-20 21:41:00,13,"1,1502",0,0
803,solo_etiqueta,2026-04-22 05:35:00,2026-04-22 05:47:00,13,"1,1502",0,0
803,solo_etiqueta,2026-04-24 17:32:00,2026-04-24 17:44:00,13,"1,1502",0,0
803,solo_etiqueta,2025-12-11 17:56:00,2025-12-11 18:07:00,12,"1,1502",0,0
803,solo_etiqueta,2025-12-14 03:50:00,2025-12-14 04:01:00,12,"1,1502,1504",3,0
803,solo_etiqueta,2025-12-14 10:06:00,2025-12-14 10:17:00,12,"1,2502",0,0
803,solo_etiqueta,2025-12-17 14:34:00,2025-12-17 14:45:00,12,"1,2502",0,7
803,solo_etiqueta,2025-12-19 14:29:00,2025-12-19 14:40:00,12,"1,1502,2502",0,2
803,solo_etiqueta,2025-12-23 04:51:00,2025-12-23 05:02:00,12,"1,1502",0,4
803,solo_etiqueta,2025-12-26 18:54:00,2025-12-26 19:05:00,12,1502,0,10
803,solo_etiqueta,2025-12-29 09:34:00,2025-12-29 09:45:00,12,"1,1502",0,0
803,solo_etiqueta,2025-12-31 09:21:00,2025-12-31 09:32:00,12,"1,1502",0,3
803,solo_etiqueta,2026-01-01 17:35:00,2026-01-01 17:46:00,12,"1,1502",0,0
803,solo_etiqueta,2026-01-02 07:22:00,2026-01-02 07:33:00,12,"1,1502",0,0
803,solo_etiqueta,2026-01-05 01:01:00,2026-01-05 01:12:00,12,"1,1502",5,0
803,solo_etiqueta,2026-01-06 02:00:00,2026-01-06 02:11:00,12,"1,1502",0,0
803,solo_etiqueta,2026-01-06 13:47:00,2026-01-06 13:58:00,12,"1,1502",0,0
803,solo_etiqueta,2026-01-08 07:16:00,2026-01-08 07:27:00,12,"1,1502",0,0
803,solo_etiqueta,2026-01-08 15:42:00,2026-01-08 15:53:00,12,"1,1502",0,0
803,solo_etiqueta,2026-01-12 23:35:00,2026-01-12 23:46:00,12,"1,1502",0,0
803,solo_etiqueta,2026-01-22 17:47:00,2026-01-22 17:58:00,12,"1,1502",0,0
803,solo_etiqueta,2026-01-23 14:11:00,2026-01-23 14:22:00,12,"1,1502",0,0
803,solo_etiqueta,2026-01-23 20:11:00,2026-01-23 20:22:00,12,"1,1502",0,1
803,solo_etiqueta,2026-02-10 09:04:00,2026-02-10 09:15:00,12,"1,1502",0,0
803,solo_etiqueta,2026-02-10 17:59:00,2026-02-10 18:10:00,12,"1,1502",1,0
803,solo_etiqueta,2026-02-19 05:04:00,2026-02-19 05:15:00,12,"1,1502",3,2
803,solo_etiqueta,2026-02-23 04:42:00,2026-02-23 04:53:00,12,1502,0,6
803,solo_etiqueta,2026-02-23 09:59:00,2026-02-23 10:10:00,12,"1,1502",5,1
803,solo_etiqueta,2026-02-23 19:48:00,2026-02-23 19:59:00,12,"1,1502",0,0
803,solo_etiqueta,2026-02-27 23:34:00,2026-02-27 23:45:00,12,"1,1502",0,0
803,solo_etiqueta,2026-03-05 06:25:00,2026-03-05 06:36:00,12,"1,1502",0,0
803,solo_etiqueta,2026-03-05 07:06:00,2026-03-05 07:17:00,12,"1,1502",0,0
803,solo_etiqueta,2026-03-06 23:38:00,2026-03-06 23:49:00,12,"1,1502",0,0
803,solo_etiqueta,2026-03-08 15:49:00,2026-03-08 16:00:00,12,"1,1502",0,0
803,solo_etiqueta,2026-03-09 07:21:00,2026-03-09 07:32:00,12,"1,1502",0,0
803,solo_etiqueta,2026-03-09 22:33:00,2026-03-09 22:44:00,12,"1,1502",0,0
803,solo_etiqueta,2026-03-10 03:50:00,2026-03-10 04:01:00,12,"1,1502",0,0
803,solo_etiqueta,2026-03-12 23:51:00,2026-03-13 00:02:00,12,"1,1502",0,0
803,solo_etiqueta,2026-03-13 12:03:00,2026-03-13 12:14:00,12,"1,1502",0,0
803,solo_etiqueta,2026-03-13 13:10:00,2026-03-13 13:21:00,12,1502,0,0
803,solo_etiqueta,2026-03-14 15:47:00,2026-03-14 15:58:00,12,"1,1502",0,0
803,solo_etiqueta,2026-03-18 05:59:00,2026-03-18 06:10:00,12,"1,1502",0,0
803,solo_etiqueta,2026-03-31 17:07:00,2026-03-31 17:18:00,12,"1,1502",0,0
803,solo_etiqueta,2026-04-08 00:09:00,2026-04-08 00:20:00,12,"1,1502",1,0
803,solo_etiqueta,2026-04-08 19:01:00,2026-04-08 19:12:00,12,"1,1502",0,0
803,solo_etiqueta,2026-04-10 12:54:00,2026-04-10 13:05:00,12,"1,1502",0,0
803,solo_etiqueta,2026-04-10 18:15:00,2026-04-10 18:26:00,12,"1,1502",0,0
803,solo_etiqueta,2026-04-17 08:40:00,2026-04-17 08:51:00,12,"1,1502",0,0
803,solo_etiqueta,2026-04-17 11:52:00,2026-04-17 12:03:00,12,"1,1502",0,0
803,solo_etiqueta,2026-04-23 14:21:00,2026-04-23 14:32:00,12,"1,1502",0,0
803,solo_etiqueta,2026-04-25 07:52:00,2026-04-25 08:03:00,12,"1,1502",0,0
803,solo_etiqueta,2026-04-26 21:33:00,2026-04-26 21:44:00,12,"1,1502",0,0
803,solo_etiqueta,2026-04-29 17:11:00,2026-04-29 17:22:00,12,"1,1502",0,0
803,solo_etiqueta,2026-04-29 18:00:00,2026-04-29 18:11:00,12,"1,1502",0,0
803,solo_etiqueta,2025-12-10 21:45:00,2025-12-10 21:55:00,11,"1,1502",0,0
803,solo_etiqueta,2025-12-23 04:07:00,2025-12-23 04:17:00,11,"1,1502",0,0
803,solo_etiqueta,2025-12-24 08:19:00,2025-12-24 08:29:00,11,"1,1502,1504",1,1
803,solo_etiqueta,2025-12-27 14:41:00,2025-12-27 14:51:00,11,"1,1502",0,0
803,solo_etiqueta,2025-12-29 06:54:00,2025-12-29 07:04:00,11,"1,1502",0,3
803,solo_etiqueta,2025-12-30 02:24:00,2025-12-30 02:34:00,11,1502,0,0
803,solo_etiqueta,2026-01-01 05:11:00,2026-01-01 05:21:00,11,1502,0,2
803,solo_etiqueta,2026-01-10 08:16:00,2026-01-10 08:26:00,11,"1,1502",0,1
803,solo_etiqueta,2026-01-13 12:07:00,2026-01-13 12:17:00,11,"1,1502",0,1
803,solo_etiqueta,2026-01-17 18:31:00,2026-01-17 18:41:00,11,"1,1502",0,0
803,solo_etiqueta,2026-01-21 21:12:00,2026-01-21 21:22:00,11,"1,1502",0,1
803,solo_etiqueta,2026-01-24 18:18:00,2026-01-24 18:28:00,11,"1,1502",0,5
803,solo_etiqueta,2026-01-26 19:32:00,2026-01-26 19:42:00,11,"1,1502",0,0
803,solo_etiqueta,2026-01-27 05:58:00,2026-01-27 06:08:00,11,"1,1502",4,1
803,solo_etiqueta,2026-01-27 06:22:00,2026-01-27 06:32:00,11,"1,151,1502",3,0
803,solo_etiqueta,2026-01-27 12:52:00,2026-01-27 13:02:00,11,"1,1502",1,0
803,solo_etiqueta,2026-01-27 17:17:00,2026-01-27 17:27:00,11,"1,1502",2,1
803,solo_etiqueta,2026-01-28 10:23:00,2026-01-28 10:33:00,11,"1,1502",0,0
803,solo_etiqueta,2026-01-30 05:07:00,2026-01-30 05:17:00,11,"1,1502",1,3
803,solo_etiqueta,2026-02-02 12:53:00,2026-02-02 13:03:00,11,"1,1502",0,1
803,solo_etiqueta,2026-02-07 05:17:00,2026-02-07 05:27:00,11,"1,1502",4,4
803,solo_etiqueta,2026-02-07 20:05:00,2026-02-07 20:15:00,11,"1,1502",1,0
803,solo_etiqueta,2026-02-09 00:50:00,2026-02-09 01:00:00,11,"1,1502",0,2
803,solo_etiqueta,2026-02-09 02:06:00,2026-02-09 02:16:00,11,"1,1502",0,4
803,solo_etiqueta,2026-02-15 02:44:00,2026-02-15 02:54:00,11,"1,1502",0,0
803,solo_etiqueta,2026-02-15 20:10:00,2026-02-15 20:20:00,11,"1,1502",0,2
803,solo_etiqueta,2026-02-18 19:46:00,2026-02-18 19:56:00,11,"1,1502",0,1
803,solo_etiqueta,2026-02-18 22:30:00,2026-02-18 22:40:00,11,"1,1502",0,1
803,solo_etiqueta,2026-02-19 09:51:00,2026-02-19 10:01:00,11,"1,1502",0,0
803,solo_etiqueta,2026-02-22 02:16:00,2026-02-22 02:26:00,11,"1,1502",0,0
803,solo_etiqueta,2026-02-23 01:37:00,2026-02-23 01:47:00,11,"1,1502",0,0
803,solo_etiqueta,2026-02-25 00:14:00,2026-02-25 00:24:00,11,2,0,0
803,solo_etiqueta,2026-02-28 09:11:00,2026-02-28 09:21:00,11,"1,1502",0,4
803,solo_etiqueta,2026-02-28 09:59:00,2026-02-28 10:09:00,11,"1,1502",0,0
803,solo_etiqueta,2026-02-28 12:32:00,2026-02-28 12:42:00,11,"1,1502",0,0
803,solo_etiqueta,2026-03-03 09:34:00,2026-03-03 09:44:00,11,"1,1502",0,0
803,solo_etiqueta,2026-03-03 11:29:00,2026-03-03 11:39:00,11,"1,1502",0,0
803,solo_etiqueta,2026-03-05 09:48:00,2026-03-05 09:58:00,11,"1,1502",0,0
803,solo_etiqueta,2026-03-07 22:27:00,2026-03-07 22:37:00,11,"1,1502",0,0
803,solo_etiqueta,2026-03-08 19:26:00,2026-03-08 19:36:00,11,"1,1502",0,0
803,solo_etiqueta,2026-03-08 21:22:00,2026-03-08 21:32:00,11,"1,1502",0,0
803,solo_etiqueta,2026-03-10 01:37:00,2026-03-10 01:47:00,11,"1,1502",0,0
803,solo_etiqueta,2026-03-10 03:23:00,2026-03-10 03:33:00,11,1502,0,0
803,solo_etiqueta,2026-03-13 18:34:00,2026-03-13 18:44:00,11,"1,1502",1,0
803,solo_etiqueta,2026-03-23 13:23:00,2026-03-23 13:33:00,11,"1,1502",0,0
803,solo_etiqueta,2026-03-26 12:23:00,2026-03-26 12:33:00,11,"1,1502",0,0
803,solo_etiqueta,2026-03-26 14:12:00,2026-03-26 14:22:00,11,"1,1502",0,0
803,solo_etiqueta,2026-03-27 18:00:00,2026-03-27 18:10:00,11,"1,1502",0,0
803,solo_etiqueta,2026-03-30 22:14:00,2026-03-30 22:24:00,11,"1,1502",0,0
803,solo_etiqueta,2026-04-07 16:37:00,2026-04-07 16:47:00,11,"1,1502",0,0
803,solo_etiqueta,2026-04-08 02:33:00,2026-04-08 02:43:00,11,"1,1502",3,0
803,solo_etiqueta,2026-04-11 11:44:00,2026-04-11 11:54:00,11,"1,1502",0,0
803,solo_etiqueta,2026-04-13 10:22:00,2026-04-13 10:32:00,11,"1,151,1502",0,0
803,solo_etiqueta,2026-04-13 15:53:00,2026-04-13 16:03:00,11,1502,0,0
803,solo_etiqueta,2026-04-14 10:47:00,2026-04-14 10:57:00,11,"1,1502",0,2
803,solo_etiqueta,2026-04-14 23:01:00,2026-04-14 23:11:00,11,"1,1502",7,0
803,solo_etiqueta,2026-04-15 12:06:00,2026-04-15 12:16:00,11,"1,1502",0,0
803,solo_etiqueta,2026-04-18 04:13:00,2026-04-18 04:23:00,11,"1,1502",0,0
803,solo_etiqueta,2026-04-20 02:03:00,2026-04-20 02:13:00,11,"1,1502",0,0
803,solo_etiqueta,2026-04-27 03:17:00,2026-04-27 03:27:00,11,1502,0,0
803,solo_etiqueta,2026-04-29 05:15:00,2026-04-29 05:25:00,11,"1,1502",0,0
803,solo_etiqueta,2026-04-30 09:17:00,2026-04-30 09:27:00,11,"1,1502",1,1
803,solo_etiqueta,2026-04-30 16:04:00,2026-04-30 16:14:00,11,"1,1502",0,0
803,solo_etiqueta,2026-04-30 22:17:00,2026-04-30 22:27:00,11,"1,1502",3,0
803,solo_etiqueta,2025-12-01 05:26:00,2025-12-01 05:35:00,10,"1,1502",0,0
803,solo_etiqueta,2025-12-01 20:53:00,2025-12-01 21:02:00,10,"1,1502",0,0
803,solo_etiqueta,2025-12-19 14:06:00,2025-12-19 14:15:00,10,"1,2502",0,0
803,solo_etiqueta,2025-12-23 03:16:00,2025-12-23 03:25:00,10,"1,1502",0,0
803,solo_etiqueta,2025-12-29 09:12:00,2025-12-29 09:21:00,10,"1,1502",0,0
803,solo_etiqueta,2025-12-31 04:10:00,2025-12-31 04:19:00,10,"1,151,1502",0,1
803,solo_etiqueta,2026-01-21 03:26:00,2026-01-21 03:35:00,10,"1,1502",0,2
803,solo_etiqueta,2026-01-22 19:48:00,2026-01-22 19:57:00,10,"1,1502",0,1
803,solo_etiqueta,2026-01-23 04:01:00,2026-01-23 04:10:00,10,1502,0,5
803,solo_etiqueta,2026-01-25 11:10:00,2026-01-25 11:19:00,10,"1,1502",0,1
803,solo_etiqueta,2026-01-28 05:55:00,2026-01-28 06:04:00,10,"1,1502",0,0
803,solo_etiqueta,2026-01-28 21:09:00,2026-01-28 21:18:00,10,"1,1502",0,0
803,solo_etiqueta,2026-01-30 20:19:00,2026-01-30 20:28:00,10,"1,1502",0,0
803,solo_etiqueta,2026-01-31 08:32:00,2026-01-31 08:41:00,10,"1,1502",3,0
803,solo_etiqueta,2026-01-31 17:33:00,2026-01-31 17:42:00,10,"1,1502",0,0
803,solo_etiqueta,2026-02-04 11:42:00,2026-02-04 11:51:00,10,"1,1502",0,2
803,solo_etiqueta,2026-02-05 00:37:00,2026-02-05 00:46:00,10,1502,0,0
803,solo_etiqueta,2026-02-05 08:55:00,2026-02-05 09:04:00,10,"1,1502",4,0
803,solo_etiqueta,2026-02-06 17:36:00,2026-02-06 17:45:00,10,"1,1502",0,1
803,solo_etiqueta,2026-02-06 19:20:00,2026-02-06 19:29:00,10,"1,1502",0,0
803,solo_etiqueta,2026-02-08 04:34:00,2026-02-08 04:43:00,10,1502,0,5
803,solo_etiqueta,2026-02-13 06:32:00,2026-02-13 06:41:00,10,"1,1502",0,0
803,solo_etiqueta,2026-02-16 16:22:00,2026-02-16 16:31:00,10,"1,1502",0,0
803,solo_etiqueta,2026-02-21 13:10:00,2026-02-21 13:19:00,10,"1,1502",0,1
803,solo_etiqueta,2026-02-28 07:40:00,2026-02-28 07:49:00,10,"1,1502",0,0
803,solo_etiqueta,2026-03-02 17:18:00,2026-03-02 17:27:00,10,"1,1502",0,0
803,solo_etiqueta,2026-03-02 18:35:00,2026-03-02 18:44:00,10,"1,1502",0,0
803,solo_etiqueta,2026-03-08 04:14:00,2026-03-08 04:23:00,10,1502,0,0
803,solo_etiqueta,2026-03-09 00:18:00,2026-03-09 00:27:00,10,"1,1502",0,0
803,solo_etiqueta,2026-03-23 17:31:00,2026-03-23 17:40:00,10,"1,1502",0,0
803,solo_etiqueta,2026-03-25 09:53:00,2026-03-25 10:02:00,10,"1,1502",0,0
803,solo_etiqueta,2026-03-25 10:19:00,2026-03-25 10:28:00,10,"1,1502",0,0
803,solo_etiqueta,2026-03-31 21:34:00,2026-03-31 21:43:00,10,"1,1502",0,0
803,solo_etiqueta,2026-04-02 04:27:00,2026-04-02 04:36:00,10,"1,1502",0,0
803,solo_etiqueta,2026-04-07 18:57:00,2026-04-07 19:06:00,10,"1,1502",0,0
803,solo_etiqueta,2026-04-08 21:42:00,2026-04-08 21:51:00,10,"1,1502",0,0
803,solo_etiqueta,2026-04-10 14:48:00,2026-04-10 14:57:00,10,"1,1502",0,0
803,solo_etiqueta,2026-04-14 20:55:00,2026-04-14 21:04:00,10,"1,1502",0,0
803,solo_etiqueta,2026-04-15 09:43:00,2026-04-15 09:52:00,10,"1,1502",0,0
803,solo_etiqueta,2026-04-18 10:18:00,2026-04-18 10:27:00,10,"1,1502",0,0
803,solo_etiqueta,2026-04-20 23:51:00,2026-04-21 00:00:00,10,1502,5,0
803,solo_etiqueta,2026-04-22 07:34:00,2026-04-22 07:43:00,10,"1,1502",0,0
803,solo_etiqueta,2026-04-28 17:35:00,2026-04-28 17:44:00,10,"1,1502",0,0
803,solo_etiqueta,2025-12-21 05:15:00,2025-12-21 05:23:00,9,"1,1502",0,0
803,solo_etiqueta,2025-12-26 15:24:00,2025-12-26 15:32:00,9,"1,1502",0,2
803,solo_etiqueta,2025-12-27 14:13:00,2025-12-27 14:21:00,9,"1,1502",0,1
803,solo_etiqueta,2025-12-27 16:35:00,2025-12-27 16:43:00,9,"1,1502",0,0
803,solo_etiqueta,2025-12-30 14:31:00,2025-12-30 14:39:00,9,"1,1502",0,0
803,solo_etiqueta,2026-01-01 03:14:00,2026-01-01 03:22:00,9,"1,1502",0,0
803,solo_etiqueta,2026-01-03 05:21:00,2026-01-03 05:29:00,9,"1,1502",0,0
803,solo_etiqueta,2026-01-03 05:43:00,2026-01-03 05:51:00,9,"1,1502",0,0
803,solo_etiqueta,2026-01-03 07:41:00,2026-01-03 07:49:00,9,"1,1502",0,2
803,solo_etiqueta,2026-01-06 12:51:00,2026-01-06 12:59:00,9,"1,1502",0,0
803,solo_etiqueta,2026-01-09 23:58:00,2026-01-10 00:06:00,9,1502,0,0
803,solo_etiqueta,2026-01-10 09:03:00,2026-01-10 09:11:00,9,1502,0,0
803,solo_etiqueta,2026-01-11 07:03:00,2026-01-11 07:11:00,9,"1,1502",2,0
803,solo_etiqueta,2026-01-11 07:54:00,2026-01-11 08:02:00,9,"1,1502",0,0
803,solo_etiqueta,2026-01-17 10:34:00,2026-01-17 10:42:00,9,"1,1502",0,0
803,solo_etiqueta,2026-01-18 17:55:00,2026-01-18 18:03:00,9,"1,1502",1,0
803,solo_etiqueta,2026-01-21 11:40:00,2026-01-21 11:48:00,9,"1,1502",0,0
803,solo_etiqueta,2026-01-21 21:39:00,2026-01-21 21:47:00,9,"1,1502",0,0
803,solo_etiqueta,2026-01-25 17:30:00,2026-01-25 17:38:00,9,"1,1502",0,0
803,solo_etiqueta,2026-02-02 13:29:00,2026-02-02 13:37:00,9,"1,1502",0,1
803,solo_etiqueta,2026-02-07 21:04:00,2026-02-07 21:12:00,9,"1,1502",0,3
803,solo_etiqueta,2026-02-08 12:44:00,2026-02-08 12:52:00,9,"1,1502",0,0
803,solo_etiqueta,2026-02-08 16:43:00,2026-02-08 16:51:00,9,"1,1502",0,0
803,solo_etiqueta,2026-02-09 23:49:00,2026-02-09 23:57:00,9,"1,1502",0,5
803,solo_etiqueta,2026-02-13 09:22:00,2026-02-13 09:30:00,9,"1,1502",0,0
803,solo_etiqueta,2026-02-17 02:02:00,2026-02-17 02:10:00,9,"1,1502",1,3
803,solo_etiqueta,2026-02-17 13:41:00,2026-02-17 13:49:00,9,"1,1502",0,1
803,solo_etiqueta,2026-02-20 14:08:00,2026-02-20 14:16:00,9,"1,1502",0,0
803,solo_etiqueta,2026-02-21 05:06:00,2026-02-21 05:14:00,9,"1,1502",3,1
803,solo_etiqueta,2026-02-27 07:10:00,2026-02-27 07:18:00,9,"1,1502",0,1
803,solo_etiqueta,2026-02-28 13:05:00,2026-02-28 13:13:00,9,"1,1502",0,0
803,solo_etiqueta,2026-03-01 12:29:00,2026-03-01 12:37:00,9,"1,1502",0,0
803,solo_etiqueta,2026-03-02 18:12:00,2026-03-02 18:20:00,9,"1,1502",0,0
803,solo_etiqueta,2026-03-02 19:36:00,2026-03-02 19:44:00,9,"1,1502",0,0
803,solo_etiqueta,2026-03-03 05:26:00,2026-03-03 05:34:00,9,"1,1502",0,0
803,solo_etiqueta,2026-03-03 23:02:00,2026-03-03 23:10:00,9,"1,1502",0,0
803,solo_etiqueta,2026-03-08 03:54:00,2026-03-08 04:02:00,9,"1,1502",0,0
803,solo_etiqueta,2026-03-12 23:31:00,2026-03-12 23:39:00,9,"1,1502",0,0
803,solo_etiqueta,2026-03-18 00:42:00,2026-03-18 00:50:00,9,1502,0,0
803,solo_etiqueta,2026-03-19 00:57:00,2026-03-19 01:05:00,9,"1,1502",0,0
803,solo_etiqueta,2026-03-25 06:04:00,2026-03-25 06:12:00,9,"1,1502",0,0
803,solo_etiqueta,2026-03-26 08:20:00,2026-03-26 08:28:00,9,"1,1502",0,0
803,solo_etiqueta,2026-04-06 14:30:00,2026-04-06 14:38:00,9,"1,1502",0,0
803,solo_etiqueta,2026-04-07 03:56:00,2026-04-07 04:04:00,9,"1,1502",0,0
803,solo_etiqueta,2026-04-12 08:53:00,2026-04-12 09:01:00,9,"1,1502",0,0
803,solo_etiqueta,2026-04-13 03:21:00,2026-04-13 03:29:00,9,"1,1502",0,0
803,solo_etiqueta,2026-04-13 16:31:00,2026-04-13 16:39:00,9,"1,1502",0,0
803,solo_etiqueta,2026-04-14 04:08:00,2026-04-14 04:16:00,9,"1,1502",1,0
803,solo_etiqueta,2026-04-15 16:44:00,2026-04-15 16:52:00,9,"1,1502",0,0
803,solo_etiqueta,2026-04-20 13:04:00,2026-04-20 13:12:00,9,"1,1502",0,0
803,solo_etiqueta,2026-04-26 06:33:00,2026-04-26 06:41:00,9,"1,1502",0,0
803,solo_etiqueta,2026-04-27 10:14:00,2026-04-27 10:22:00,9,"1,1502",0,0
803,solo_etiqueta,2026-04-27 21:26:00,2026-04-27 21:34:00,9,"1,1502",0,0
803,solo_etiqueta,2026-04-29 11:24:00,2026-04-29 11:32:00,9,"1,1502",0,0
803,solo_etiqueta,2026-04-29 23:07:00,2026-04-29 23:15:00,9,1502,0,0
803,solo_etiqueta,2025-12-10 16:25:00,2025-12-10 16:32:00,8,"1,1502",0,0
803,solo_etiqueta,2025-12-13 16:27:00,2025-12-13 16:34:00,8,2502,2,4
803,solo_etiqueta,2025-12-14 07:21:00,2025-12-14 07:28:00,8,"1,1502",0,0
803,solo_etiqueta,2025-12-14 14:11:00,2025-12-14 14:18:00,8,"1,2502",0,1
803,solo_etiqueta,2025-12-20 02:43:00,2025-12-20 02:50:00,8,1502,0,0
803,solo_etiqueta,2025-12-21 01:42:00,2025-12-21 01:49:00,8,"1,1502",0,0
803,solo_etiqueta,2025-12-21 02:27:00,2025-12-21 02:34:00,8,"1,1502",0,1
803,solo_etiqueta,2025-12-22 04:01:00,2025-12-22 04:08:00,8,"1,1502",0,1
803,solo_etiqueta,2025-12-23 10:06:00,2025-12-23 10:13:00,8,"1,2502",0,0
803,solo_etiqueta,2025-12-26 00:55:00,2025-12-26 01:02:00,8,"1502,1504",2,0
803,solo_etiqueta,2025-12-27 15:28:00,2025-12-27 15:35:00,8,"1,1502",0,0
803,solo_etiqueta,2025-12-31 09:02:00,2025-12-31 09:09:00,8,"1,1502",0,0
803,solo_etiqueta,2026-01-08 14:43:00,2026-01-08 14:50:00,8,"1,1502",0,0
803,solo_etiqueta,2026-01-11 21:52:00,2026-01-11 21:59:00,8,"1,1502",0,0
803,solo_etiqueta,2026-01-13 05:56:00,2026-01-13 06:03:00,8,"1,1502",1,0
803,solo_etiqueta,2026-01-16 09:52:00,2026-01-16 09:59:00,8,1502,0,0
803,solo_etiqueta,2026-01-20 10:27:00,2026-01-20 10:34:00,8,"1,1502",0,0
803,solo_etiqueta,2026-01-22 13:53:00,2026-01-22 14:00:00,8,"1,1502",0,0
803,solo_etiqueta,2026-01-22 20:27:00,2026-01-22 20:34:00,8,"1,1502",2,0
803,solo_etiqueta,2026-01-22 22:12:00,2026-01-22 22:19:00,8,"1,1502",0,0
803,solo_etiqueta,2026-01-25 17:58:00,2026-01-25 18:05:00,8,"1,1502",1,0
803,solo_etiqueta,2026-01-25 18:17:00,2026-01-25 18:24:00,8,"1,1502",1,0
803,solo_etiqueta,2026-01-29 06:51:00,2026-01-29 06:58:00,8,1502,0,0
803,solo_etiqueta,2026-01-29 11:53:00,2026-01-29 12:00:00,8,"1,1502",0,1
803,solo_etiqueta,2026-01-30 15:35:00,2026-01-30 15:42:00,8,"1,1502",0,1
803,solo_etiqueta,2026-02-03 10:18:00,2026-02-03 10:25:00,8,"1,1502",0,0
803,solo_etiqueta,2026-02-05 18:10:00,2026-02-05 18:17:00,8,"1,1502",0,5
803,solo_etiqueta,2026-02-07 02:36:00,2026-02-07 02:43:00,8,"1,1502",0,0
803,solo_etiqueta,2026-02-09 04:27:00,2026-02-09 04:34:00,8,"1,1502",0,0
803,solo_etiqueta,2026-02-09 07:23:00,2026-02-09 07:30:00,8,"1,1502",1,0
803,solo_etiqueta,2026-02-10 19:14:00,2026-02-10 19:21:00,8,"1,1502",0,0
803,solo_etiqueta,2026-02-12 01:39:00,2026-02-12 01:46:00,8,1502,0,0
803,solo_etiqueta,2026-02-13 05:39:00,2026-02-13 05:46:00,8,"1,1502",1,0
803,solo_etiqueta,2026-02-17 22:17:00,2026-02-17 22:24:00,8,1502,0,0
803,solo_etiqueta,2026-02-19 15:02:00,2026-02-19 15:09:00,8,"1,1502",0,0
803,solo_etiqueta,2026-02-20 20:57:00,2026-02-20 21:04:00,8,1502,0,5
803,solo_etiqueta,2026-02-22 22:16:00,2026-02-22 22:23:00,8,"1,1502",0,0
803,solo_etiqueta,2026-02-24 12:31:00,2026-02-24 12:38:00,8,"1,1502",0,2
803,solo_etiqueta,2026-02-27 05:38:00,2026-02-27 05:45:00,8,1502,0,0
803,solo_etiqueta,2026-02-27 22:04:00,2026-02-27 22:11:00,8,"1,1502",0,0
803,solo_etiqueta,2026-02-28 01:08:00,2026-02-28 01:15:00,8,"1,1502",0,0
803,solo_etiqueta,2026-02-28 18:17:00,2026-02-28 18:24:00,8,"1,1502",1,0
803,solo_etiqueta,2026-02-28 23:12:00,2026-02-28 23:19:00,8,"1,1502",0,0
803,solo_etiqueta,2026-03-01 17:32:00,2026-03-01 17:39:00,8,"1,1502",0,0
803,solo_etiqueta,2026-03-04 02:04:00,2026-03-04 02:11:00,8,1502,0,0
803,solo_etiqueta,2026-03-07 00:03:00,2026-03-07 00:10:00,8,"1,1502",0,0
803,solo_etiqueta,2026-03-08 04:43:00,2026-03-08 04:50:00,8,1502,0,0
803,solo_etiqueta,2026-03-10 14:03:00,2026-03-10 14:10:00,8,"1,1502",0,0
803,solo_etiqueta,2026-03-14 16:41:00,2026-03-14 16:48:00,8,"1,1502",1,0
803,solo_etiqueta,2026-03-16 07:16:00,2026-03-16 07:23:00,8,"1,151",0,2
803,solo_etiqueta,2026-03-18 15:57:00,2026-03-18 16:04:00,8,1502,0,0
803,solo_etiqueta,2026-03-19 23:46:00,2026-03-19 23:53:00,8,"1,1502",0,0
803,solo_etiqueta,2026-03-20 16:03:00,2026-03-20 16:10:00,8,1502,0,0
803,solo_etiqueta,2026-03-22 14:30:00,2026-03-22 14:37:00,8,1502,0,0
803,solo_etiqueta,2026-03-23 20:39:00,2026-03-23 20:46:00,8,"1,1502",0,0
803,solo_etiqueta,2026-03-26 11:36:00,2026-03-26 11:43:00,8,1502,0,0
803,solo_etiqueta,2026-03-28 18:44:00,2026-03-28 18:51:00,8,"1,1502",0,0
803,solo_etiqueta,2026-03-30 22:46:00,2026-03-30 22:53:00,8,"1,1502",0,0
803,solo_etiqueta,2026-03-31 18:05:00,2026-03-31 18:12:00,8,"1,1502",0,0
803,solo_etiqueta,2026-04-09 18:35:00,2026-04-09 18:42:00,8,"1,1502",0,0
803,solo_etiqueta,2026-04-11 18:41:00,2026-04-11 18:48:00,8,"1,1502",0,0
803,solo_etiqueta,2026-04-14 03:43:00,2026-04-14 03:50:00,8,1502,0,1
803,solo_etiqueta,2026-04-14 17:55:00,2026-04-14 18:02:00,8,"1,1502",2,0
803,solo_etiqueta,2026-04-18 15:18:00,2026-04-18 15:25:00,8,"1,1502",0,0
803,solo_etiqueta,2026-04-22 00:37:00,2026-04-22 00:44:00,8,"1,1502",0,0
803,solo_etiqueta,2026-04-25 07:33:00,2026-04-25 07:40:00,8,"1,1502",0,0
803,solo_etiqueta,2026-04-29 14:47:00,2026-04-29 14:54:00,8,"1,1502",0,0
803,solo_etiqueta,2026-04-30 05:32:00,2026-04-30 05:39:00,8,"1,1502",2,0
803,solo_etiqueta,2026-04-30 06:57:00,2026-04-30 07:04:00,8,"1,1502",0,0
803,solo_etiqueta,2025-12-06 02:35:00,2025-12-06 02:41:00,7,"1,1502",0,0
803,solo_etiqueta,2025-12-06 12:58:00,2025-12-06 13:04:00,7,"1,1502",0,3
803,solo_etiqueta,2025-12-17 12:35:00,2025-12-17 12:41:00,7,"1,2502",0,0
803,solo_etiqueta,2025-12-17 14:15:00,2025-12-17 14:21:00,7,"1,2502",0,0
803,solo_etiqueta,2025-12-20 16:06:00,2025-12-20 16:12:00,7,"1,1502",0,0
803,solo_etiqueta,2025-12-21 11:35:00,2025-12-21 11:41:00,7,"1,1502",0,1
803,solo_etiqueta,2025-12-22 04:22:00,2025-12-22 04:28:00,7,"1,1502",0,0
803,solo_etiqueta,2025-12-22 15:41:00,2025-12-22 15:47:00,7,"1,1502",0,1
803,solo_etiqueta,2025-12-23 00:27:00,2025-12-23 00:33:00,7,1502,0,5
803,solo_etiqueta,2025-12-24 12:58:00,2025-12-24 13:04:00,7,"1,1502",0,0
803,solo_etiqueta,2026-01-01 05:51:00,2026-01-01 05:57:00,7,"1,1502",0,1
803,solo_etiqueta,2026-01-01 13:44:00,2026-01-01 13:50:00,7,"1,1502",0,3
803,solo_etiqueta,2026-01-01 21:41:00,2026-01-01 21:47:00,7,"1,1502",0,0
803,solo_etiqueta,2026-01-02 20:35:00,2026-01-02 20:41:00,7,"1,1502",1,0
803,solo_etiqueta,2026-01-09 02:37:00,2026-01-09 02:43:00,7,1502,0,0
803,solo_etiqueta,2026-01-09 04:26:00,2026-01-09 04:32:00,7,1502,0,2
803,solo_etiqueta,2026-01-11 01:29:00,2026-01-11 01:35:00,7,1502,1,1
803,solo_etiqueta,2026-01-13 05:37:00,2026-01-13 05:43:00,7,"1,1502",0,0
803,solo_etiqueta,2026-01-13 11:37:00,2026-01-13 11:43:00,7,"1,1502",0,0
803,solo_etiqueta,2026-01-19 09:46:00,2026-01-19 09:52:00,7,"1,1502",1,0
803,solo_etiqueta,2026-01-19 16:25:00,2026-01-19 16:31:00,7,"1,1502",0,1
803,solo_etiqueta,2026-01-20 04:45:00,2026-01-20 04:51:00,7,1502,0,2
803,solo_etiqueta,2026-01-21 11:21:00,2026-01-21 11:27:00,7,"1,1502",0,0
803,solo_etiqueta,2026-01-21 22:18:00,2026-01-21 22:24:00,7,"1,1502",0,4
803,solo_etiqueta,2026-01-23 09:32:00,2026-01-23 09:38:00,7,1502,0,0
803,solo_etiqueta,2026-01-24 06:03:00,2026-01-24 06:09:00,7,"1,1502",2,2
803,solo_etiqueta,2026-01-26 21:01:00,2026-01-26 21:07:00,7,"1,1502",2,0
803,solo_etiqueta,2026-01-27 14:10:00,2026-01-27 14:16:00,7,"1,1502",0,0
803,solo_etiqueta,2026-01-31 03:26:00,2026-01-31 03:32:00,7,"1,1502",1,2
803,solo_etiqueta,2026-01-31 14:11:00,2026-01-31 14:17:00,7,"1,1502",0,2
803,solo_etiqueta,2026-02-02 19:56:00,2026-02-02 20:02:00,7,"1,1502",1,0
803,solo_etiqueta,2026-02-04 03:39:00,2026-02-04 03:45:00,7,"1,1502",0,0
803,solo_etiqueta,2026-02-06 17:58:00,2026-02-06 18:04:00,7,1502,0,0
803,solo_etiqueta,2026-02-07 12:38:00,2026-02-07 12:44:00,7,"1,1502",0,2
803,solo_etiqueta,2026-02-08 01:07:00,2026-02-08 01:13:00,7,1502,0,0
803,solo_etiqueta,2026-02-08 21:29:00,2026-02-08 21:35:00,7,"1,1502",0,0
803,solo_etiqueta,2026-02-17 09:37:00,2026-02-17 09:43:00,7,1502,0,3
803,solo_etiqueta,2026-02-17 20:19:00,2026-02-17 20:25:00,7,"1,1502",0,1
803,solo_etiqueta,2026-02-18 00:47:00,2026-02-18 00:53:00,7,"1,1502",0,1
803,solo_etiqueta,2026-02-19 22:30:00,2026-02-19 22:36:00,7,1502,0,5
803,solo_etiqueta,2026-02-20 14:52:00,2026-02-20 14:58:00,7,"1,1502",0,0
803,solo_etiqueta,2026-02-21 01:44:00,2026-02-21 01:50:00,7,"1,1502",0,1
803,solo_etiqueta,2026-02-23 07:47:00,2026-02-23 07:53:00,7,"1,1502",0,0
803,solo_etiqueta,2026-02-23 12:08:00,2026-02-23 12:14:00,7,"1,1502",0,0
803,solo_etiqueta,2026-02-26 11:31:00,2026-02-26 11:37:00,7,"1,1502",0,0
803,solo_etiqueta,2026-02-27 12:35:00,2026-02-27 12:41:00,7,"1,1502",0,3
803,solo_etiqueta,2026-02-28 11:31:00,2026-02-28 11:37:00,7,"1,1502",0,0
803,solo_etiqueta,2026-02-28 18:56:00,2026-02-28 19:02:00,7,"1,1502",1,0
803,solo_etiqueta,2026-03-01 05:07:00,2026-03-01 05:13:00,7,"1,1502",2,0
803,solo_etiqueta,2026-03-01 14:07:00,2026-03-01 14:13:00,7,"1,1502",0,0
803,solo_etiqueta,2026-03-02 00:12:00,2026-03-02 00:18:00,7,1502,0,0
803,solo_etiqueta,2026-03-03 10:38:00,2026-03-03 10:44:00,7,"1,1502",0,0
803,solo_etiqueta,2026-03-05 04:27:00,2026-03-05 04:33:00,7,"1,1502",0,0
803,solo_etiqueta,2026-03-07 10:24:00,2026-03-07 10:30:00,7,"1,1502",0,0
803,solo_etiqueta,2026-03-09 00:00:00,2026-03-09 00:06:00,7,"1,1502",0,0
803,solo_etiqueta,2026-03-09 08:19:00,2026-03-09 08:25:00,7,1502,0,0
803,solo_etiqueta,2026-03-10 13:29:00,2026-03-10 13:35:00,7,"1,1502",0,0
803,solo_etiqueta,2026-03-13 01:05:00,2026-03-13 01:11:00,7,1502,0,0
803,solo_etiqueta,2026-03-15 07:11:00,2026-03-15 07:17:00,7,151,0,0
803,solo_etiqueta,2026-03-16 10:40:00,2026-03-16 10:46:00,7,151,0,0
803,solo_etiqueta,2026-03-19 22:46:00,2026-03-19 22:52:00,7,"1,1502",0,0
803,solo_etiqueta,2026-03-22 16:12:00,2026-03-22 16:18:00,7,1502,0,0
803,solo_etiqueta,2026-03-27 16:46:00,2026-03-27 16:52:00,7,"1,1502",0,0
803,solo_etiqueta,2026-04-07 15:04:00,2026-04-07 15:10:00,7,"1,1502",0,0
803,solo_etiqueta,2026-04-09 11:41:00,2026-04-09 11:47:00,7,1502,0,0
803,solo_etiqueta,2026-04-09 21:05:00,2026-04-09 21:11:00,7,1502,0,0
803,solo_etiqueta,2026-04-11 23:25:00,2026-04-11 23:31:00,7,"1,1502",0,0
803,solo_etiqueta,2026-04-13 17:55:00,2026-04-13 18:01:00,7,"1,1502",0,0
803,solo_etiqueta,2026-04-13 22:59:00,2026-04-13 23:05:00,7,"1,1502",2,0
803,solo_etiqueta,2026-04-14 05:29:00,2026-04-14 05:35:00,7,"1,1502",0,0
803,solo_etiqueta,2026-04-14 10:27:00,2026-04-14 10:33:00,7,"1,1502",0,0
803,solo_etiqueta,2026-04-16 13:44:00,2026-04-16 13:50:00,7,"1,1502",0,0
803,solo_etiqueta,2026-04-19 22:25:00,2026-04-19 22:31:00,7,1502,0,0
803,solo_etiqueta,2026-04-23 21:45:00,2026-04-23 21:51:00,7,"1,1502",3,0
803,solo_etiqueta,2026-04-25 00:40:00,2026-04-25 00:46:00,7,"1,1502",0,0
803,solo_etiqueta,2026-04-26 20:11:00,2026-04-26 20:17:00,7,"1,1502",0,0
803,solo_etiqueta,2026-04-27 02:38:00,2026-04-27 02:44:00,7,1502,0,0
803,solo_etiqueta,2026-04-28 08:36:00,2026-04-28 08:42:00,7,"1,1502",0,0
803,solo_etiqueta,2026-04-30 12:46:00,2026-04-30 12:52:00,7,"1,1502",0,0
803,solo_etiqueta,2025-12-01 12:27:00,2025-12-01 12:32:00,6,"1,1502",0,1
803,solo_etiqueta,2025-12-01 13:20:00,2025-12-01 13:25:00,6,1502,0,4
803,solo_etiqueta,2025-12-06 13:17:00,2025-12-06 13:22:00,6,1502,0,3
803,solo_etiqueta,2025-12-07 13:20:00,2025-12-07 13:25:00,6,"1,1502",0,0
803,solo_etiqueta,2025-12-17 13:01:00,2025-12-17 13:06:00,6,"1,2502",0,0
803,solo_etiqueta,2025-12-20 21:43:00,2025-12-20 21:48:00,6,"1,1502",0,0
803,solo_etiqueta,2025-12-20 23:53:00,2025-12-20 23:58:00,6,"1,1502",0,1
803,solo_etiqueta,2025-12-21 21:28:00,2025-12-21 21:33:00,6,1502,0,2
803,solo_etiqueta,2025-12-31 23:08:00,2025-12-31 23:13:00,6,"1,1502",0,0
803,solo_etiqueta,2026-01-01 01:58:00,2026-01-01 02:03:00,6,1502,0,0
803,solo_etiqueta,2026-01-05 07:17:00,2026-01-05 07:22:00,6,"1,1502",3,0
803,solo_etiqueta,2026-01-07 02:01:00,2026-01-07 02:06:00,6,"1,1502",0,0
803,solo_etiqueta,2026-01-07 04:40:00,2026-01-07 04:45:00,6,"151,1502",2,4
803,solo_etiqueta,2026-01-08 16:58:00,2026-01-08 17:03:00,6,"1,1502",0,0
803,solo_etiqueta,2026-01-09 08:15:00,2026-01-09 08:20:00,6,1502,0,3
803,solo_etiqueta,2026-01-10 00:21:00,2026-01-10 00:26:00,6,1502,0,0
803,solo_etiqueta,2026-01-10 05:40:00,2026-01-10 05:45:00,6,"1,1502",0,0
803,solo_etiqueta,2026-01-11 00:52:00,2026-01-11 00:57:00,6,1502,3,0
803,solo_etiqueta,2026-01-13 17:27:00,2026-01-13 17:32:00,6,"1,1502",0,1
803,solo_etiqueta,2026-01-19 17:16:00,2026-01-19 17:21:00,6,"1,1502",0,2
803,solo_etiqueta,2026-01-22 06:46:00,2026-01-22 06:51:00,6,"1,1502",0,1
803,solo_etiqueta,2026-01-23 16:02:00,2026-01-23 16:07:00,6,"1,1502",0,0
803,solo_etiqueta,2026-01-24 00:30:00,2026-01-24 00:35:00,6,"1,1502",0,0
803,solo_etiqueta,2026-01-24 03:54:00,2026-01-24 03:59:00,6,"1,1502",0,0
803,solo_etiqueta,2026-01-24 11:10:00,2026-01-24 11:15:00,6,"1,1502",0,0
803,solo_etiqueta,2026-01-25 21:04:00,2026-01-25 21:09:00,6,"1,1502",3,0
803,solo_etiqueta,2026-01-26 14:50:00,2026-01-26 14:55:00,6,1502,0,4
803,solo_etiqueta,2026-01-27 00:37:00,2026-01-27 00:42:00,6,"1,2",0,0
803,solo_etiqueta,2026-01-28 06:46:00,2026-01-28 06:51:00,6,1502,0,0
803,solo_etiqueta,2026-01-28 08:58:00,2026-01-28 09:03:00,6,"1,1502",0,1
803,solo_etiqueta,2026-01-28 23:01:00,2026-01-28 23:06:00,6,"1,1502",1,0
803,solo_etiqueta,2026-01-30 13:44:00,2026-01-30 13:49:00,6,"1,1502",0,1
803,solo_etiqueta,2026-01-31 04:35:00,2026-01-31 04:40:00,6,1502,0,0
803,solo_etiqueta,2026-01-31 08:14:00,2026-01-31 08:19:00,6,1502,0,0
803,solo_etiqueta,2026-02-01 14:26:00,2026-02-01 14:31:00,6,"1,1502",0,0
803,solo_etiqueta,2026-02-02 18:44:00,2026-02-02 18:49:00,6,1502,0,0
803,solo_etiqueta,2026-02-03 10:57:00,2026-02-03 11:02:00,6,"1,1502",0,0
803,solo_etiqueta,2026-02-03 15:18:00,2026-02-03 15:23:00,6,"1,2",0,0
803,solo_etiqueta,2026-02-04 03:21:00,2026-02-04 03:26:00,6,"1,1502",0,0
803,solo_etiqueta,2026-02-04 10:50:00,2026-02-04 10:55:00,6,1502,0,0
803,solo_etiqueta,2026-02-06 19:53:00,2026-02-06 19:58:00,6,"1,1502",0,0
803,solo_etiqueta,2026-02-09 03:02:00,2026-02-09 03:07:00,6,1502,0,1
803,solo_etiqueta,2026-02-12 02:36:00,2026-02-12 02:41:00,6,1502,2,0
803,solo_etiqueta,2026-02-12 10:39:00,2026-02-12 10:44:00,6,"1,1502",0,0
803,solo_etiqueta,2026-02-13 03:13:00,2026-02-13 03:18:00,6,1502,0,4
803,solo_etiqueta,2026-02-14 06:09:00,2026-02-14 06:14:00,6,1502,2,0
803,solo_etiqueta,2026-02-18 23:23:00,2026-02-18 23:28:00,6,1502,0,3
803,solo_etiqueta,2026-02-20 23:06:00,2026-02-20 23:11:00,6,"1,1502",1,1
803,solo_etiqueta,2026-02-21 00:50:00,2026-02-21 00:55:00,6,1502,0,2
803,solo_etiqueta,2026-02-21 18:13:00,2026-02-21 18:18:00,6,"1,1502",0,1
803,solo_etiqueta,2026-02-22 09:02:00,2026-02-22 09:07:00,6,"1,1502",0,2
803,solo_etiqueta,2026-02-23 23:19:00,2026-02-23 23:24:00,6,1502,0,3
803,solo_etiqueta,2026-02-24 13:54:00,2026-02-24 13:59:00,6,1502,0,4
803,solo_etiqueta,2026-02-25 12:54:00,2026-02-25 12:59:00,6,"1,1502",0,2
803,solo_etiqueta,2026-02-26 03:50:00,2026-02-26 03:55:00,6,"1,1502",0,0
803,solo_etiqueta,2026-02-27 06:01:00,2026-02-27 06:06:00,6,1502,0,0
803,solo_etiqueta,2026-02-27 17:47:00,2026-02-27 17:52:00,6,"1,1502",0,0
803,solo_etiqueta,2026-02-27 21:15:00,2026-02-27 21:20:00,6,1502,0,4
803,solo_etiqueta,2026-02-28 03:20:00,2026-02-28 03:25:00,6,1502,0,4
803,solo_etiqueta,2026-02-28 15:28:00,2026-02-28 15:33:00,6,1502,0,0
803,solo_etiqueta,2026-03-01 05:28:00,2026-03-01 05:33:00,6,1502,0,0
803,solo_etiqueta,2026-03-02 01:26:00,2026-03-02 01:31:00,6,1502,0,0
803,solo_etiqueta,2026-03-02 10:24:00,2026-03-02 10:29:00,6,"1,1502",0,0
803,solo_etiqueta,2026-03-03 08:15:00,2026-03-03 08:20:00,6,1502,0,0
803,solo_etiqueta,2026-03-04 03:54:00,2026-03-04 03:59:00,6,1502,0,0
803,solo_etiqueta,2026-03-05 20:37:00,2026-03-05 20:42:00,6,1502,0,0
803,solo_etiqueta,2026-03-06 09:44:00,2026-03-06 09:49:00,6,1502,0,0
803,solo_etiqueta,2026-03-06 19:15:00,2026-03-06 19:20:00,6,"1,1502",0,0
803,solo_etiqueta,2026-03-07 15:41:00,2026-03-07 15:46:00,6,"1,1502",0,0
803,solo_etiqueta,2026-03-08 01:27:00,2026-03-08 01:32:00,6,1502,0,0
803,solo_etiqueta,2026-03-09 23:14:00,2026-03-09 23:19:00,6,1502,0,0
803,solo_etiqueta,2026-03-15 18:57:00,2026-03-15 19:02:00,6,"1,1502",0,0
803,solo_etiqueta,2026-03-22 06:52:00,2026-03-22 06:57:00,6,"1,1502",0,0
803,solo_etiqueta,2026-03-22 08:37:00,2026-03-22 08:42:00,6,1502,0,0
803,solo_etiqueta,2026-03-22 20:36:00,2026-03-22 20:41:00,6,1502,0,0
803,solo_etiqueta,2026-03-26 09:13:00,2026-03-26 09:18:00,6,"1,1502",0,0
803,solo_etiqueta,2026-03-27 14:33:00,2026-03-27 14:38:00,6,"1,1502",0,0
803,solo_etiqueta,2026-04-02 10:37:00,2026-04-02 10:42:00,6,"1,151,1502",0,0
803,solo_etiqueta,2026-04-11 09:13:00,2026-04-11 09:18:00,6,1502,0,0
803,solo_etiqueta,2026-04-11 20:22:00,2026-04-11 20:27:00,6,"1,1502",0,0
803,solo_etiqueta,2026-04-12 18:47:00,2026-04-12 18:52:00,6,"1,1502",0,0
803,solo_etiqueta,2026-04-15 08:52:00,2026-04-15 08:57:00,6,"1,1502",4,0
803,solo_etiqueta,2026-04-20 16:57:00,2026-04-20 17:02:00,6,"1,1502",2,0
803,solo_etiqueta,2026-04-21 07:28:00,2026-04-21 07:33:00,6,"1,1502",0,0
803,solo_etiqueta,2026-04-24 08:46:00,2026-04-24 08:51:00,6,"1,1502",0,0
803,solo_etiqueta,2026-04-25 15:48:00,2026-04-25 15:53:00,6,"1,1502",0,0
803,solo_etiqueta,2025-12-13 14:03:00,2025-12-13 14:07:00,5,2502,0,0
803,solo_etiqueta,2025-12-17 10:41:00,2025-12-17 10:45:00,5,"1,2502",0,2
803,solo_etiqueta,2025-12-19 00:16:00,2025-12-19 00:20:00,5,"1,1504,2502",1,0
803,solo_etiqueta,2025-12-20 02:11:00,2025-12-20 02:15:00,5,1502,0,0
803,solo_etiqueta,2025-12-23 14:14:00,2025-12-23 14:18:00,5,"1,1502",0,0
803,solo_etiqueta,2025-12-27 00:48:00,2025-12-27 00:52:00,5,"1,1502",0,0
803,solo_etiqueta,2025-12-27 02:49:00,2025-12-27 02:53:00,5,1502,0,3
803,solo_etiqueta,2026-01-02 22:00:00,2026-01-02 22:04:00,5,"1,1502",0,2
803,solo_etiqueta,2026-01-08 10:13:00,2026-01-08 10:17:00,5,"1,1502",0,0
803,solo_etiqueta,2026-01-10 23:11:00,2026-01-10 23:15:00,5,1502,0,0
803,solo_etiqueta,2026-01-15 18:51:00,2026-01-15 18:55:00,5,"1,1502",0,0
803,solo_etiqueta,2026-01-21 02:05:00,2026-01-21 02:09:00,5,1502,0,3
803,solo_etiqueta,2026-01-21 05:38:00,2026-01-21 05:42:00,5,1502,0,0
803,solo_etiqueta,2026-01-21 10:00:00,2026-01-21 10:04:00,5,"1,1502",0,0
803,solo_etiqueta,2026-01-21 11:01:00,2026-01-21 11:05:00,5,"1,1502",0,0
803,solo_etiqueta,2026-01-21 20:26:00,2026-01-21 20:30:00,5,"1,1502",0,0
803,solo_etiqueta,2026-01-22 22:35:00,2026-01-22 22:39:00,5,"1,1502",0,0
803,solo_etiqueta,2026-01-23 05:28:00,2026-01-23 05:32:00,5,"1,1502",0,0
803,solo_etiqueta,2026-01-24 04:20:00,2026-01-24 04:24:00,5,"1,1502",0,0
803,solo_etiqueta,2026-01-24 12:01:00,2026-01-24 12:05:00,5,1502,0,0
803,solo_etiqueta,2026-01-24 15:20:00,2026-01-24 15:24:00,5,"1,1502",0,1
803,solo_etiqueta,2026-01-25 13:44:00,2026-01-25 13:48:00,5,"1,1502",0,1
803,solo_etiqueta,2026-01-26 06:09:00,2026-01-26 06:13:00,5,1502,0,2
803,solo_etiqueta,2026-01-29 06:03:00,2026-01-29 06:07:00,5,1502,0,0
803,solo_etiqueta,2026-01-29 06:21:00,2026-01-29 06:25:00,5,1502,0,0
803,solo_etiqueta,2026-02-02 09:15:00,2026-02-02 09:19:00,5,"1,1502",0,1
803,solo_etiqueta,2026-02-02 12:31:00,2026-02-02 12:35:00,5,"1,1502",0,0
803,solo_etiqueta,2026-02-04 04:19:00,2026-02-04 04:23:00,5,1502,0,0
803,solo_etiqueta,2026-02-04 17:06:00,2026-02-04 17:10:00,5,"1,1502",0,0
803,solo_etiqueta,2026-02-07 03:49:00,2026-02-07 03:53:00,5,"1,1502",0,1
803,solo_etiqueta,2026-02-07 09:21:00,2026-02-07 09:25:00,5,"1,1502",0,0
803,solo_etiqueta,2026-02-08 17:34:00,2026-02-08 17:38:00,5,"1,1502",0,0
803,solo_etiqueta,2026-02-09 03:50:00,2026-02-09 03:54:00,5,1502,0,0
803,solo_etiqueta,2026-02-09 12:18:00,2026-02-09 12:22:00,5,"1,1502",0,1
803,solo_etiqueta,2026-02-09 13:25:00,2026-02-09 13:29:00,5,1502,0,2
803,solo_etiqueta,2026-02-10 12:34:00,2026-02-10 12:38:00,5,"1,1502",0,0
803,solo_etiqueta,2026-02-10 14:26:00,2026-02-10 14:30:00,5,"1,1502",0,0
803,solo_etiqueta,2026-02-12 03:37:00,2026-02-12 03:41:00,5,1502,0,0
803,solo_etiqueta,2026-02-15 03:47:00,2026-02-15 03:51:00,5,"1,1502",0,0
803,solo_etiqueta,2026-02-16 02:19:00,2026-02-16 02:23:00,5,"1,1502",0,0
803,solo_etiqueta,2026-02-17 21:13:00,2026-02-17 21:17:00,5,"1,1502",0,0
803,solo_etiqueta,2026-02-20 14:31:00,2026-02-20 14:35:00,5,"1,1502",0,0
803,solo_etiqueta,2026-02-23 07:28:00,2026-02-23 07:32:00,5,"1,1502",0,0
803,solo_etiqueta,2026-02-26 13:31:00,2026-02-26 13:35:00,5,"1,1502",0,0
803,solo_etiqueta,2026-02-27 13:30:00,2026-02-27 13:34:00,5,"1,1502",0,0
803,solo_etiqueta,2026-03-01 13:31:00,2026-03-01 13:35:00,5,"1,1502",0,0
803,solo_etiqueta,2026-03-01 15:35:00,2026-03-01 15:39:00,5,1502,0,0
803,solo_etiqueta,2026-03-01 17:52:00,2026-03-01 17:56:00,5,"1,1502",0,0
803,solo_etiqueta,2026-03-02 17:48:00,2026-03-02 17:52:00,5,1502,0,0
803,solo_etiqueta,2026-03-02 20:31:00,2026-03-02 20:35:00,5,1502,0,0
803,solo_etiqueta,2026-03-03 17:43:00,2026-03-03 17:47:00,5,1502,0,0
803,solo_etiqueta,2026-03-04 03:24:00,2026-03-04 03:28:00,5,1502,0,0
803,solo_etiqueta,2026-03-04 07:34:00,2026-03-04 07:38:00,5,1502,0,0
803,solo_etiqueta,2026-03-06 15:26:00,2026-03-06 15:30:00,5,"1,1502",0,0
803,solo_etiqueta,2026-03-06 18:55:00,2026-03-06 18:59:00,5,"1,1502",0,0
803,solo_etiqueta,2026-03-07 00:22:00,2026-03-07 00:26:00,5,1502,0,0
803,solo_etiqueta,2026-03-07 00:50:00,2026-03-07 00:54:00,5,1502,0,0
803,solo_etiqueta,2026-03-07 20:02:00,2026-03-07 20:06:00,5,"1,1502",0,0
803,solo_etiqueta,2026-03-08 21:45:00,2026-03-08 21:49:00,5,1502,0,0
803,solo_etiqueta,2026-03-10 03:05:00,2026-03-10 03:09:00,5,1502,0,0
803,solo_etiqueta,2026-03-13 11:47:00,2026-03-13 11:51:00,5,"1,1502",0,0
803,solo_etiqueta,2026-03-13 13:52:00,2026-03-13 13:56:00,5,"1,1502",0,0
803,solo_etiqueta,2026-03-14 12:46:00,2026-03-14 12:50:00,5,"1,1502",0,0
803,solo_etiqueta,2026-03-20 12:50:00,2026-03-20 12:54:00,5,"1,1502",0,0
803,solo_etiqueta,2026-03-22 07:35:00,2026-03-22 07:39:00,5,"1,1502",0,0
803,solo_etiqueta,2026-03-23 13:06:00,2026-03-23 13:10:00,5,"1,1502",0,0
803,solo_etiqueta,2026-03-23 18:17:00,2026-03-23 18:21:00,5,1502,0,0
803,solo_etiqueta,2026-03-24 19:19:00,2026-03-24 19:23:00,5,"1,1502",0,0
803,solo_etiqueta,2026-03-24 20:30:00,2026-03-24 20:34:00,5,"1,1502",0,0
803,solo_etiqueta,2026-03-24 21:50:00,2026-03-24 21:54:00,5,"1,1502",0,0
803,solo_etiqueta,2026-03-26 09:44:00,2026-03-26 09:48:00,5,"1,1502",0,0
803,solo_etiqueta,2026-03-26 19:35:00,2026-03-26 19:39:00,5,1502,0,0
803,solo_etiqueta,2026-03-26 20:40:00,2026-03-26 20:44:00,5,1502,0,0
803,solo_etiqueta,2026-03-31 04:03:00,2026-03-31 04:07:00,5,"1,1502",0,0
803,solo_etiqueta,2026-04-08 13:03:00,2026-04-08 13:07:00,5,1502,0,0
803,solo_etiqueta,2026-04-09 12:03:00,2026-04-09 12:07:00,5,"1,1502",0,0
803,solo_etiqueta,2026-04-09 23:37:00,2026-04-09 23:41:00,5,1502,0,0
803,solo_etiqueta,2026-04-12 19:56:00,2026-04-12 20:00:00,5,1502,3,0
803,solo_etiqueta,2026-04-20 06:38:00,2026-04-20 06:42:00,5,1502,0,0
803,solo_etiqueta,2026-04-20 06:56:00,2026-04-20 07:00:00,5,"1,1502",0,0
803,solo_etiqueta,2026-04-20 11:49:00,2026-04-20 11:53:00,5,"1,1502",0,0
803,solo_etiqueta,2026-04-22 09:02:00,2026-04-22 09:06:00,5,1502,0,0
803,solo_etiqueta,2026-04-24 02:22:00,2026-04-24 02:26:00,5,1502,0,0
803,solo_etiqueta,2026-04-28 05:23:00,2026-04-28 05:27:00,5,"1,1502",0,0
803,solo_etiqueta,2025-12-10 00:45:00,2025-12-10 00:48:00,4,"1,1502",0,0
803,solo_etiqueta,2025-12-11 13:05:00,2025-12-11 13:08:00,4,"1,1502",0,0
803,solo_etiqueta,2025-12-13 13:16:00,2025-12-13 13:19:00,4,2502,0,2
803,solo_etiqueta,2025-12-17 21:45:00,2025-12-17 21:48:00,4,2502,0,2
803,solo_etiqueta,2025-12-20 03:35:00,2025-12-20 03:38:00,4,1502,0,0
803,solo_etiqueta,2025-12-20 23:36:00,2025-12-20 23:39:00,4,"1,1502",0,0
803,solo_etiqueta,2025-12-23 16:15:00,2025-12-23 16:18:00,4,"1,1502",0,0
803,solo_etiqueta,2025-12-24 08:51:00,2025-12-24 08:54:00,4,"1,1502",0,0
803,solo_etiqueta,2025-12-25 05:36:00,2025-12-25 05:39:00,4,1502,0,2
803,solo_etiqueta,2025-12-26 03:31:00,2025-12-26 03:34:00,4,1502,0,0
803,solo_etiqueta,2025-12-30 07:44:00,2025-12-30 07:47:00,4,"1,1502",0,0
803,solo_etiqueta,2026-01-01 16:27:00,2026-01-01 16:30:00,4,"1,1502",0,0
803,solo_etiqueta,2026-01-01 17:00:00,2026-01-01 17:03:00,4,"1,1502",0,0
803,solo_etiqueta,2026-01-02 06:56:00,2026-01-02 06:59:00,4,"1,1502",0,0
803,solo_etiqueta,2026-01-03 21:19:00,2026-01-03 21:22:00,4,"1,1502",0,0
803,solo_etiqueta,2026-01-08 09:24:00,2026-01-08 09:27:00,4,"1,1502",0,0
803,solo_etiqueta,2026-01-10 01:00:00,2026-01-10 01:03:00,4,1502,0,0
803,solo_etiqueta,2026-01-10 06:12:00,2026-01-10 06:15:00,4,1502,0,0
803,solo_etiqueta,2026-01-10 14:02:00,2026-01-10 14:05:00,4,1502,0,2
803,solo_etiqueta,2026-01-10 23:33:00,2026-01-10 23:36:00,4,"1,1502",0,0
803,solo_etiqueta,2026-01-12 20:48:00,2026-01-12 20:51:00,4,1502,0,2
803,solo_etiqueta,2026-01-13 21:52:00,2026-01-13 21:55:00,4,1502,0,0
803,solo_etiqueta,2026-01-17 20:30:00,2026-01-17 20:33:00,4,"1,2,1502",0,0
803,solo_etiqueta,2026-01-18 11:16:00,2026-01-18 11:19:00,4,"1,1502",0,0
803,solo_etiqueta,2026-01-21 02:37:00,2026-01-21 02:40:00,4,1502,0,0
803,solo_etiqueta,2026-01-22 16:31:00,2026-01-22 16:34:00,4,1502,0,1
803,solo_etiqueta,2026-01-23 06:21:00,2026-01-23 06:24:00,4,"1,1502",0,0
803,solo_etiqueta,2026-01-23 06:48:00,2026-01-23 06:51:00,4,1502,0,0
803,solo_etiqueta,2026-01-23 15:06:00,2026-01-23 15:09:00,4,1502,0,0
803,solo_etiqueta,2026-01-24 00:07:00,2026-01-24 00:10:00,4,"1,1502",0,0
803,solo_etiqueta,2026-01-24 21:46:00,2026-01-24 21:49:00,4,1502,0,2
803,solo_etiqueta,2026-01-25 16:49:00,2026-01-25 16:52:00,4,1502,0,1
803,solo_etiqueta,2026-01-26 04:38:00,2026-01-26 04:41:00,4,1502,0,0
803,solo_etiqueta,2026-01-27 18:41:00,2026-01-27 18:44:00,4,"1,1502",0,0
803,solo_etiqueta,2026-01-28 04:14:00,2026-01-28 04:17:00,4,"1,1502",0,0
803,solo_etiqueta,2026-01-29 00:39:00,2026-01-29 00:42:00,4,1502,0,0
803,solo_etiqueta,2026-01-29 09:20:00,2026-01-29 09:23:00,4,"1,1502",0,0
803,solo_etiqueta,2026-01-29 14:21:00,2026-01-29 14:24:00,4,"1,1502",0,0
803,solo_etiqueta,2026-01-29 17:19:00,2026-01-29 17:22:00,4,1502,0,0
803,solo_etiqueta,2026-01-30 12:36:00,2026-01-30 12:39:00,4,"1,1502",0,0
803,solo_etiqueta,2026-01-30 21:12:00,2026-01-30 21:15:00,4,"1,1502",0,0
803,solo_etiqueta,2026-01-30 22:44:00,2026-01-30 22:47:00,4,1502,0,0
803,solo_etiqueta,2026-01-31 09:25:00,2026-01-31 09:28:00,4,1502,0,0
803,solo_etiqueta,2026-02-01 13:40:00,2026-02-01 13:43:00,4,1502,0,0
803,solo_etiqueta,2026-02-01 19:07:00,2026-02-01 19:10:00,4,1502,2,0
803,solo_etiqueta,2026-02-04 00:13:00,2026-02-04 00:16:00,4,1502,0,0
803,solo_etiqueta,2026-02-06 13:55:00,2026-02-06 13:58:00,4,1502,0,0
803,solo_etiqueta,2026-02-07 13:22:00,2026-02-07 13:25:00,4,"1,1502",0,1
803,solo_etiqueta,2026-02-07 20:39:00,2026-02-07 20:42:00,4,"1,1502",0,0
803,solo_etiqueta,2026-02-07 23:54:00,2026-02-07 23:57:00,4,1502,0,1
803,solo_etiqueta,2026-02-08 20:54:00,2026-02-08 20:57:00,4,"1,1502",0,0
803,solo_etiqueta,2026-02-08 22:07:00,2026-02-08 22:10:00,4,"1,1502",0,0
803,solo_etiqueta,2026-02-09 01:38:00,2026-02-09 01:41:00,4,"1,1502",0,0
803,solo_etiqueta,2026-02-09 21:02:00,2026-02-09 21:05:00,4,"1,1502",0,0
803,solo_etiqueta,2026-02-10 00:18:00,2026-02-10 00:21:00,4,1502,0,0
803,solo_etiqueta,2026-02-10 12:52:00,2026-02-10 12:55:00,4,"1,1502",0,0
803,solo_etiqueta,2026-02-10 18:50:00,2026-02-10 18:53:00,4,"1,1502",0,0
803,solo_etiqueta,2026-02-12 02:20:00,2026-02-12 02:23:00,4,1502,0,0
803,solo_etiqueta,2026-02-14 22:20:00,2026-02-14 22:23:00,4,1502,0,2
803,solo_etiqueta,2026-02-15 02:13:00,2026-02-15 02:16:00,4,"1,1502",0,0
803,solo_etiqueta,2026-02-15 18:30:00,2026-02-15 18:33:00,4,"1,1502",0,0
803,solo_etiqueta,2026-02-15 18:53:00,2026-02-15 18:56:00,4,"1,1502",1,0
803,solo_etiqueta,2026-02-17 00:37:00,2026-02-17 00:40:00,4,"1,1502",0,0
803,solo_etiqueta,2026-02-19 04:37:00,2026-02-19 04:40:00,4,1502,0,1
803,solo_etiqueta,2026-02-21 10:42:00,2026-02-21 10:45:00,4,"1,1502",0,0
803,solo_etiqueta,2026-02-22 21:52:00,2026-02-22 21:55:00,4,"1,1502",0,0
803,solo_etiqueta,2026-02-22 22:41:00,2026-02-22 22:44:00,4,"1,1502",0,0
803,solo_etiqueta,2026-02-26 06:16:00,2026-02-26 06:19:00,4,1502,0,0
803,solo_etiqueta,2026-02-26 08:04:00,2026-02-26 08:07:00,4,1502,0,1
803,solo_etiqueta,2026-02-26 10:09:00,2026-02-26 10:12:00,4,1502,0,1
803,solo_etiqueta,2026-02-28 08:29:00,2026-02-28 08:32:00,4,1502,0,2
803,solo_etiqueta,2026-02-28 17:23:00,2026-02-28 17:26:00,4,"1,1502",0,0
803,solo_etiqueta,2026-02-28 20:26:00,2026-02-28 20:29:00,4,"1,1502",1,0
803,solo_etiqueta,2026-03-01 18:20:00,2026-03-01 18:23:00,4,"1,1502",0,0
803,solo_etiqueta,2026-03-02 05:28:00,2026-03-02 05:31:00,4,1502,0,0
803,solo_etiqueta,2026-03-02 18:57:00,2026-03-02 19:00:00,4,1502,0,0
803,solo_etiqueta,2026-03-03 09:18:00,2026-03-03 09:21:00,4,1502,0,0
803,solo_etiqueta,2026-03-06 10:01:00,2026-03-06 10:04:00,4,"1,1502",0,0
803,solo_etiqueta,2026-03-07 04:46:00,2026-03-07 04:49:00,4,1502,0,0
803,solo_etiqueta,2026-03-07 06:29:00,2026-03-07 06:32:00,4,1502,0,0
803,solo_etiqueta,2026-03-07 11:37:00,2026-03-07 11:40:00,4,1502,0,0
803,solo_etiqueta,2026-03-08 20:06:00,2026-03-08 20:09:00,4,1502,0,0
803,solo_etiqueta,2026-03-08 22:53:00,2026-03-08 22:56:00,4,1502,0,0
803,solo_etiqueta,2026-03-10 00:32:00,2026-03-10 00:35:00,4,1502,0,0
803,solo_etiqueta,2026-03-11 07:03:00,2026-03-11 07:06:00,4,1502,0,0
803,solo_etiqueta,2026-03-11 20:18:00,2026-03-11 20:21:00,4,"1,1502",0,0
803,solo_etiqueta,2026-03-13 14:21:00,2026-03-13 14:24:00,4,"1,1502",0,0
803,solo_etiqueta,2026-03-13 17:09:00,2026-03-13 17:12:00,4,1502,0,0
803,solo_etiqueta,2026-03-13 17:32:00,2026-03-13 17:35:00,4,"1,1502",0,0
803,solo_etiqueta,2026-03-14 03:09:00,2026-03-14 03:12:00,4,1502,0,0
803,solo_etiqueta,2026-03-14 03:34:00,2026-03-14 03:37:00,4,1502,0,0
803,solo_etiqueta,2026-03-17 22:20:00,2026-03-17 22:23:00,4,1502,0,0
803,solo_etiqueta,2026-03-18 06:56:00,2026-03-18 06:59:00,4,1502,0,0
803,solo_etiqueta,2026-03-18 11:07:00,2026-03-18 11:10:00,4,"1,1502",0,0
803,solo_etiqueta,2026-03-19 15:50:00,2026-03-19 15:53:00,4,"1,1502",0,0
803,solo_etiqueta,2026-03-23 13:47:00,2026-03-23 13:50:00,4,1502,0,0
803,solo_etiqueta,2026-03-24 07:12:00,2026-03-24 07:15:00,4,1502,0,0
803,solo_etiqueta,2026-03-25 07:29:00,2026-03-25 07:32:00,4,1502,0,0
803,solo_etiqueta,2026-03-25 07:47:00,2026-03-25 07:50:00,4,1502,0,0
803,solo_etiqueta,2026-03-26 05:00:00,2026-03-26 05:03:00,4,1502,0,0
803,solo_etiqueta,2026-03-26 06:50:00,2026-03-26 06:53:00,4,1502,0,0
803,solo_etiqueta,2026-03-26 13:26:00,2026-03-26 13:29:00,4,1502,0,0
803,solo_etiqueta,2026-03-26 15:32:00,2026-03-26 15:35:00,4,1502,0,0
803,solo_etiqueta,2026-03-26 23:42:00,2026-03-26 23:45:00,4,1502,0,0
803,solo_etiqueta,2026-03-26 23:59:00,2026-03-27 00:02:00,4,1502,0,0
803,solo_etiqueta,2026-03-29 12:41:00,2026-03-29 12:44:00,4,"1,1502",0,0
803,solo_etiqueta,2026-03-31 18:39:00,2026-03-31 18:42:00,4,1502,0,0
803,solo_etiqueta,2026-04-02 05:41:00,2026-04-02 05:44:00,4,"1,1502",0,0
803,solo_etiqueta,2026-04-03 10:14:00,2026-04-03 10:17:00,4,1502,0,0
803,solo_etiqueta,2026-04-03 20:31:00,2026-04-03 20:34:00,4,"1,1502",0,0
803,solo_etiqueta,2026-04-04 19:17:00,2026-04-04 19:20:00,4,"1,1502",0,0
803,solo_etiqueta,2026-04-06 13:23:00,2026-04-06 13:26:00,4,"1,1502",0,0
803,solo_etiqueta,2026-04-09 20:28:00,2026-04-09 20:31:00,4,1502,0,0
803,solo_etiqueta,2026-04-10 16:21:00,2026-04-10 16:24:00,4,1502,0,0
803,solo_etiqueta,2026-04-10 16:52:00,2026-04-10 16:55:00,4,"1,1502",0,0
803,solo_etiqueta,2026-04-10 18:57:00,2026-04-10 19:00:00,4,"1,1502",0,0
803,solo_etiqueta,2026-04-11 19:35:00,2026-04-11 19:38:00,4,1502,0,0
803,solo_etiqueta,2026-04-11 20:42:00,2026-04-11 20:45:00,4,"1,1502",0,0
803,solo_etiqueta,2026-04-12 19:21:00,2026-04-12 19:24:00,4,"1,1502",0,0
803,solo_etiqueta,2026-04-13 18:16:00,2026-04-13 18:19:00,4,"1,1502",0,0
803,solo_etiqueta,2026-04-15 04:57:00,2026-04-15 05:00:00,4,1502,0,0
803,solo_etiqueta,2026-04-18 21:57:00,2026-04-18 22:00:00,4,1502,0,0
803,solo_etiqueta,2026-04-19 06:15:00,2026-04-19 06:18:00,4,"1,1502",0,0
803,solo_etiqueta,2026-04-20 09:56:00,2026-04-20 09:59:00,4,1502,0,0
803,solo_etiqueta,2026-04-21 08:50:00,2026-04-21 08:53:00,4,1502,0,0
803,solo_etiqueta,2026-04-24 01:41:00,2026-04-24 01:44:00,4,1502,0,0
803,solo_etiqueta,2026-04-26 11:39:00,2026-04-26 11:42:00,4,1502,0,0
803,solo_etiqueta,2026-04-27 11:38:00,2026-04-27 11:41:00,4,"1,1502",0,0
803,solo_etiqueta,2026-04-29 04:56:00,2026-04-29 04:59:00,4,"1,1502",0,0
803,solo_etiqueta,2026-04-30 08:58:00,2026-04-30 09:01:00,4,1502,0,0
803,solo_etiqueta,2026-04-30 17:32:00,2026-04-30 17:35:00,4,"1,1502",0,0
803,solo_etiqueta,2025-12-03 13:33:00,2025-12-03 13:35:00,3,1502,0,0
803,solo_etiqueta,2025-12-06 00:22:00,2025-12-06 00:24:00,3,1502,0,0
803,solo_etiqueta,2025-12-06 03:32:00,2025-12-06 03:34:00,3,"1502,1504",1,1
803,solo_etiqueta,2025-12-06 17:26:00,2025-12-06 17:28:00,3,1502,0,0
803,solo_etiqueta,2025-12-09 23:12:00,2025-12-09 23:14:00,3,"1502,1504",1,0
803,solo_etiqueta,2025-12-10 00:02:00,2025-12-10 00:04:00,3,1502,0,0
803,solo_etiqueta,2025-12-11 12:37:00,2025-12-11 12:39:00,3,1502,0,0
803,solo_etiqueta,2025-12-11 18:40:00,2025-12-11 18:42:00,3,"1,1502",0,0
803,solo_etiqueta,2025-12-12 13:13:00,2025-12-12 13:15:00,3,1502,0,0
803,solo_etiqueta,2025-12-14 02:16:00,2025-12-14 02:18:00,3,1502,0,0
803,solo_etiqueta,2025-12-14 07:51:00,2025-12-14 07:53:00,3,"1,1502",0,0
803,solo_etiqueta,2025-12-17 11:53:00,2025-12-17 11:55:00,3,"1,2502",0,0
803,solo_etiqueta,2025-12-18 03:07:00,2025-12-18 03:09:00,3,"1,2502",0,0
803,solo_etiqueta,2025-12-20 22:10:00,2025-12-20 22:12:00,3,1502,0,0
803,solo_etiqueta,2025-12-22 08:04:00,2025-12-22 08:06:00,3,1502,0,1
803,solo_etiqueta,2025-12-23 16:33:00,2025-12-23 16:35:00,3,"1,1502",0,0
803,solo_etiqueta,2025-12-23 17:14:00,2025-12-23 17:16:00,3,"1,1502",0,0
803,solo_etiqueta,2025-12-24 18:58:00,2025-12-24 19:00:00,3,1502,0,0
803,solo_etiqueta,2025-12-28 00:26:00,2025-12-28 00:28:00,3,"1,1502",0,0
803,solo_etiqueta,2026-01-01 00:02:00,2026-01-01 00:04:00,3,1502,0,0
803,solo_etiqueta,2026-01-01 10:09:00,2026-01-01 10:11:00,3,1502,0,0
803,solo_etiqueta,2026-01-02 01:24:00,2026-01-02 01:26:00,3,1502,0,0
803,solo_etiqueta,2026-01-02 20:54:00,2026-01-02 20:56:00,3,1502,0,0
803,solo_etiqueta,2026-01-03 08:25:00,2026-01-03 08:27:00,3,1502,0,0
803,solo_etiqueta,2026-01-03 09:55:00,2026-01-03 09:57:00,3,"1,151,1502",0,0
803,solo_etiqueta,2026-01-04 06:03:00,2026-01-04 06:05:00,3,1502,0,0
803,solo_etiqueta,2026-01-06 13:29:00,2026-01-06 13:31:00,3,1502,0,1
803,solo_etiqueta,2026-01-07 21:59:00,2026-01-07 22:01:00,3,"1,1502",0,0
803,solo_etiqueta,2026-01-08 00:00:00,2026-01-08 00:02:00,3,"1,1502",0,0
803,solo_etiqueta,2026-01-08 09:08:00,2026-01-08 09:10:00,3,1502,0,1
803,solo_etiqueta,2026-01-09 17:18:00,2026-01-09 17:20:00,3,"1,1502",0,0
803,solo_etiqueta,2026-01-11 08:34:00,2026-01-11 08:36:00,3,1502,0,0
803,solo_etiqueta,2026-01-11 16:43:00,2026-01-11 16:45:00,3,1502,0,0
803,solo_etiqueta,2026-01-13 04:53:00,2026-01-13 04:55:00,3,"1,1502",0,0
803,solo_etiqueta,2026-01-13 05:13:00,2026-01-13 05:15:00,3,"1,1502",0,0
803,solo_etiqueta,2026-01-13 12:35:00,2026-01-13 12:37:00,3,1502,0,0
803,solo_etiqueta,2026-01-13 19:22:00,2026-01-13 19:24:00,3,"1,1502",0,0
803,solo_etiqueta,2026-01-16 09:17:00,2026-01-16 09:19:00,3,1502,0,0
803,solo_etiqueta,2026-01-19 17:35:00,2026-01-19 17:37:00,3,1502,0,0
803,solo_etiqueta,2026-01-20 07:24:00,2026-01-20 07:26:00,3,1502,0,1
803,solo_etiqueta,2026-01-21 00:10:00,2026-01-21 00:12:00,3,1502,0,0
803,solo_etiqueta,2026-01-21 09:33:00,2026-01-21 09:35:00,3,"1,1502",0,0
803,solo_etiqueta,2026-01-21 16:48:00,2026-01-21 16:50:00,3,1502,0,1
803,solo_etiqueta,2026-01-21 22:02:00,2026-01-21 22:04:00,3,1502,0,0
803,solo_etiqueta,2026-01-22 18:13:00,2026-01-22 18:15:00,3,1502,0,1
803,solo_etiqueta,2026-01-23 08:29:00,2026-01-23 08:31:00,3,"1,1502",0,0
803,solo_etiqueta,2026-01-23 10:38:00,2026-01-23 10:40:00,3,1502,0,0
803,solo_etiqueta,2026-01-24 11:45:00,2026-01-24 11:47:00,3,1502,0,0
803,solo_etiqueta,2026-01-25 17:12:00,2026-01-25 17:14:00,3,"1,1502",0,0
803,solo_etiqueta,2026-01-27 14:42:00,2026-01-27 14:44:00,3,"1,1502",0,0
803,solo_etiqueta,2026-01-28 20:37:00,2026-01-28 20:39:00,3,1502,0,0
803,solo_etiqueta,2026-01-28 22:46:00,2026-01-28 22:48:00,3,1502,0,0
803,solo_etiqueta,2026-01-29 08:05:00,2026-01-29 08:07:00,3,1502,0,0
803,solo_etiqueta,2026-01-30 19:13:00,2026-01-30 19:15:00,3,"1,1502",0,0
803,solo_etiqueta,2026-01-31 02:50:00,2026-01-31 02:52:00,3,"1,1502",0,0
803,solo_etiqueta,2026-02-02 04:49:00,2026-02-02 04:51:00,3,1502,0,0
803,solo_etiqueta,2026-02-02 05:36:00,2026-02-02 05:38:00,3,1502,0,0
803,solo_etiqueta,2026-02-02 15:23:00,2026-02-02 15:25:00,3,2,0,0
803,solo_etiqueta,2026-02-02 21:00:00,2026-02-02 21:02:00,3,1502,0,0
803,solo_etiqueta,2026-02-03 23:36:00,2026-02-03 23:38:00,3,1502,0,0
803,solo_etiqueta,2026-02-03 23:51:00,2026-02-03 23:53:00,3,1502,0,0
803,solo_etiqueta,2026-02-04 10:03:00,2026-02-04 10:05:00,3,"1,1502",0,0
803,solo_etiqueta,2026-02-05 11:53:00,2026-02-05 11:55:00,3,1502,0,0
803,solo_etiqueta,2026-02-05 19:01:00,2026-02-05 19:03:00,3,1502,0,1
803,solo_etiqueta,2026-02-07 23:35:00,2026-02-07 23:37:00,3,1502,0,0
803,solo_etiqueta,2026-02-08 13:16:00,2026-02-08 13:18:00,3,1502,0,0
803,solo_etiqueta,2026-02-08 17:05:00,2026-02-08 17:07:00,3,"1,1502",0,0
803,solo_etiqueta,2026-02-09 01:19:00,2026-02-09 01:21:00,3,"1,1502",0,0
803,solo_etiqueta,2026-02-09 10:18:00,2026-02-09 10:20:00,3,1502,0,0
803,solo_etiqueta,2026-02-09 10:41:00,2026-02-09 10:43:00,3,1502,0,0
803,solo_etiqueta,2026-02-10 04:06:00,2026-02-10 04:08:00,3,1502,0,0
803,solo_etiqueta,2026-02-10 04:54:00,2026-02-10 04:56:00,3,1502,0,0
803,solo_etiqueta,2026-02-10 05:38:00,2026-02-10 05:40:00,3,1502,0,0
803,solo_etiqueta,2026-02-10 05:57:00,2026-02-10 05:59:00,3,"1,1502",0,0
803,solo_etiqueta,2026-02-10 08:49:00,2026-02-10 08:51:00,3,1502,0,0
803,solo_etiqueta,2026-02-10 12:10:00,2026-02-10 12:12:00,3,1502,0,0
803,solo_etiqueta,2026-02-12 02:02:00,2026-02-12 02:04:00,3,1502,0,0
803,solo_etiqueta,2026-02-12 11:01:00,2026-02-12 11:03:00,3,1502,0,0
803,solo_etiqueta,2026-02-12 11:16:00,2026-02-12 11:18:00,3,1502,0,0
803,solo_etiqueta,2026-02-13 22:31:00,2026-02-13 22:33:00,3,1502,0,0
803,solo_etiqueta,2026-02-16 05:02:00,2026-02-16 05:04:00,3,1502,0,1
803,solo_etiqueta,2026-02-17 15:10:00,2026-02-17 15:12:00,3,"1,1502",0,0
803,solo_etiqueta,2026-02-19 20:32:00,2026-02-19 20:34:00,3,1502,0,1
803,solo_etiqueta,2026-02-21 02:14:00,2026-02-21 02:16:00,3,1502,0,1
803,solo_etiqueta,2026-02-21 03:22:00,2026-02-21 03:24:00,3,1502,0,1
803,solo_etiqueta,2026-02-21 19:12:00,2026-02-21 19:14:00,3,"1,1502",0,0
803,solo_etiqueta,2026-02-22 13:32:00,2026-02-22 13:34:00,3,1502,0,0
803,solo_etiqueta,2026-02-23 06:02:00,2026-02-23 06:04:00,3,"1,1502",0,0
803,solo_etiqueta,2026-02-23 08:45:00,2026-02-23 08:47:00,3,"1,1502",0,0
803,solo_etiqueta,2026-02-24 05:49:00,2026-02-24 05:51:00,3,1502,0,0
803,solo_etiqueta,2026-02-25 14:23:00,2026-02-25 14:25:00,3,1502,0,0
803,solo_etiqueta,2026-02-26 20:26:00,2026-02-26 20:28:00,3,1502,0,0
803,solo_etiqueta,2026-02-27 08:15:00,2026-02-27 08:17:00,3,1502,0,0
803,solo_etiqueta,2026-02-27 20:28:00,2026-02-27 20:30:00,3,"1,1502",0,0
803,solo_etiqueta,2026-02-27 20:50:00,2026-02-27 20:52:00,3,"1,1502",0,0
803,solo_etiqueta,2026-02-28 05:37:00,2026-02-28 05:39:00,3,1502,1,0
803,solo_etiqueta,2026-02-28 12:08:00,2026-02-28 12:10:00,3,"1,1502",0,0
803,solo_etiqueta,2026-02-28 22:30:00,2026-02-28 22:32:00,3,"1,1502",0,0
803,solo_etiqueta,2026-03-01 00:06:00,2026-03-01 00:08:00,3,"1,1502",0,0
803,solo_etiqueta,2026-03-01 15:12:00,2026-03-01 15:14:00,3,1502,0,0
803,solo_etiqueta,2026-03-03 11:12:00,2026-03-03 11:14:00,3,1502,0,0
803,solo_etiqueta,2026-03-03 16:41:00,2026-03-03 16:43:00,3,1502,0,0
803,solo_etiqueta,2026-03-04 16:25:00,2026-03-04 16:27:00,3,1502,0,0
803,solo_etiqueta,2026-03-06 10:20:00,2026-03-06 10:22:00,3,1502,0,0
803,solo_etiqueta,2026-03-06 18:41:00,2026-03-06 18:43:00,3,"1,1502",0,0
803,solo_etiqueta,2026-03-07 09:51:00,2026-03-07 09:53:00,3,1502,0,0
803,solo_etiqueta,2026-03-08 20:30:00,2026-03-08 20:32:00,3,1502,0,0
803,solo_etiqueta,2026-03-09 09:00:00,2026-03-09 09:02:00,3,1502,0,0
803,solo_etiqueta,2026-03-10 12:16:00,2026-03-10 12:18:00,3,1502,0,0
803,solo_etiqueta,2026-03-11 07:18:00,2026-03-11 07:20:00,3,1502,0,0
803,solo_etiqueta,2026-03-11 16:24:00,2026-03-11 16:26:00,3,1502,0,0
803,solo_etiqueta,2026-03-12 14:45:00,2026-03-12 14:47:00,3,1502,0,0
803,solo_etiqueta,2026-03-13 17:50:00,2026-03-13 17:52:00,3,1502,0,0
803,solo_etiqueta,2026-03-14 00:43:00,2026-03-14 00:45:00,3,1502,0,0
803,solo_etiqueta,2026-03-14 12:20:00,2026-03-14 12:22:00,3,1502,0,0
803,solo_etiqueta,2026-03-14 18:05:00,2026-03-14 18:07:00,3,151,0,0
803,solo_etiqueta,2026-03-15 01:49:00,2026-03-15 01:51:00,3,151,0,1
803,solo_etiqueta,2026-03-15 21:37:00,2026-03-15 21:39:00,3,1502,0,0
803,solo_etiqueta,2026-03-16 09:51:00,2026-03-16 09:53:00,3,151,0,0
803,solo_etiqueta,2026-03-18 10:44:00,2026-03-18 10:46:00,3,1502,0,0
803,solo_etiqueta,2026-03-19 11:45:00,2026-03-19 11:47:00,3,1502,0,0
803,solo_etiqueta,2026-03-20 10:10:00,2026-03-20 10:12:00,3,"1,1502",0,0
803,solo_etiqueta,2026-03-20 11:51:00,2026-03-20 11:53:00,3,1502,0,0
803,solo_etiqueta,2026-03-20 16:25:00,2026-03-20 16:27:00,3,1502,0,0
803,solo_etiqueta,2026-03-22 07:56:00,2026-03-22 07:58:00,3,1502,0,0
803,solo_etiqueta,2026-03-22 10:00:00,2026-03-22 10:02:00,3,"1,1502",0,0
803,solo_etiqueta,2026-03-22 19:49:00,2026-03-22 19:51:00,3,1502,0,0
803,solo_etiqueta,2026-03-23 18:35:00,2026-03-23 18:37:00,3,1502,0,0
803,solo_etiqueta,2026-03-23 21:55:00,2026-03-23 21:57:00,3,"1,1502",0,0
803,solo_etiqueta,2026-03-24 16:43:00,2026-03-24 16:45:00,3,"1,1502",0,0
803,solo_etiqueta,2026-03-24 18:07:00,2026-03-24 18:09:00,3,"1,1502",0,0
803,solo_etiqueta,2026-03-26 05:35:00,2026-03-26 05:37:00,3,1502,0,0
803,solo_etiqueta,2026-03-26 10:27:00,2026-03-26 10:29:00,3,1502,0,0
803,solo_etiqueta,2026-03-26 19:13:00,2026-03-26 19:15:00,3,1502,0,0
803,solo_etiqueta,2026-03-27 19:40:00,2026-03-27 19:42:00,3,1502,0,0
803,solo_etiqueta,2026-03-29 11:18:00,2026-03-29 11:20:00,3,"1,1502",0,0
803,solo_etiqueta,2026-03-30 21:49:00,2026-03-30 21:51:00,3,1502,0,0
803,solo_etiqueta,2026-03-31 14:21:00,2026-03-31 14:23:00,3,1502,0,0
803,solo_etiqueta,2026-03-31 21:57:00,2026-03-31 21:59:00,3,1502,0,0
803,solo_etiqueta,2026-04-01 13:01:00,2026-04-01 13:03:00,3,1502,0,0
803,solo_etiqueta,2026-04-02 12:05:00,2026-04-02 12:07:00,3,"1,1502",0,0
803,solo_etiqueta,2026-04-04 08:53:00,2026-04-04 08:55:00,3,"1,1502",0,0
803,solo_etiqueta,2026-04-07 21:43:00,2026-04-07 21:45:00,3,"1,1502",0,0
803,solo_etiqueta,2026-04-09 12:34:00,2026-04-09 12:36:00,3,1502,0,0
803,solo_etiqueta,2026-04-09 12:59:00,2026-04-09 13:01:00,3,1502,0,0
803,solo_etiqueta,2026-04-09 20:46:00,2026-04-09 20:48:00,3,1502,0,0
803,solo_etiqueta,2026-04-10 06:08:00,2026-04-10 06:10:00,3,1502,0,0
803,solo_etiqueta,2026-04-10 07:54:00,2026-04-10 07:56:00,3,"1,1502",0,0
803,solo_etiqueta,2026-04-11 18:14:00,2026-04-11 18:16:00,3,1502,0,0
803,solo_etiqueta,2026-04-11 21:08:00,2026-04-11 21:10:00,3,1502,0,0
803,solo_etiqueta,2026-04-12 02:55:00,2026-04-12 02:57:00,3,1502,0,0
803,solo_etiqueta,2026-04-14 09:07:00,2026-04-14 09:09:00,3,1502,0,0
803,solo_etiqueta,2026-04-14 09:49:00,2026-04-14 09:51:00,3,1502,0,0
803,solo_etiqueta,2026-04-14 11:56:00,2026-04-14 11:58:00,3,1502,0,0
803,solo_etiqueta,2026-04-17 15:20:00,2026-04-17 15:22:00,3,1502,0,0
803,solo_etiqueta,2026-04-18 17:24:00,2026-04-18 17:26:00,3,1502,0,0
803,solo_etiqueta,2026-04-19 02:06:00,2026-04-19 02:08:00,3,1502,0,0
803,solo_etiqueta,2026-04-20 16:12:00,2026-04-20 16:14:00,3,1502,0,0
803,solo_etiqueta,2026-04-20 17:25:00,2026-04-20 17:27:00,3,1502,0,0
803,solo_etiqueta,2026-04-20 19:56:00,2026-04-20 19:58:00,3,"1,1502",0,0
803,solo_etiqueta,2026-04-22 14:25:00,2026-04-22 14:27:00,3,151,0,0
803,solo_etiqueta,2026-04-23 13:48:00,2026-04-23 13:50:00,3,1502,0,0
803,solo_etiqueta,2026-04-23 15:58:00,2026-04-23 16:00:00,3,"1,1502",0,0
803,solo_etiqueta,2026-04-24 09:23:00,2026-04-24 09:25:00,3,1502,0,0
803,solo_etiqueta,2026-04-24 19:07:00,2026-04-24 19:09:00,3,1502,0,0
803,solo_etiqueta,2026-04-24 23:30:00,2026-04-24 23:32:00,3,1502,0,0
803,solo_etiqueta,2026-04-24 23:45:00,2026-04-24 23:47:00,3,"1,1502",0,0
803,solo_etiqueta,2026-04-25 12:40:00,2026-04-25 12:42:00,3,1502,0,0
803,solo_etiqueta,2026-04-27 17:52:00,2026-04-27 17:54:00,3,1502,0,0
803,solo_etiqueta,2026-04-27 20:05:00,2026-04-27 20:07:00,3,"151,1502",0,0
803,solo_etiqueta,2026-04-28 11:24:00,2026-04-28 11:26:00,3,1502,0,0
803,solo_etiqueta,2026-04-28 23:14:00,2026-04-28 23:16:00,3,"1,1502",0,0
803,solo_etiqueta,2026-04-30 07:16:00,2026-04-30 07:18:00,3,1502,0,0
803,solo_etiqueta,2025-12-02 07:12:00,2025-12-02 07:13:00,2,1502,0,0
803,solo_etiqueta,2025-12-02 13:00:00,2025-12-02 13:01:00,2,1502,0,0
803,solo_etiqueta,2025-12-02 15:07:00,2025-12-02 15:08:00,2,1502,0,0
803,solo_etiqueta,2025-12-06 03:00:00,2025-12-06 03:01:00,2,1502,0,0
803,solo_etiqueta,2025-12-06 04:46:00,2025-12-06 04:47:00,2,1502,0,0
803,solo_etiqueta,2025-12-06 08:02:00,2025-12-06 08:03:00,2,1502,0,0
803,solo_etiqueta,2025-12-06 16:26:00,2025-12-06 16:27:00,2,1502,0,0
803,solo_etiqueta,2025-12-07 11:31:00,2025-12-07 11:32:00,2,1502,0,0
803,solo_etiqueta,2025-12-09 23:32:00,2025-12-09 23:33:00,2,1502,0,0
803,solo_etiqueta,2025-12-10 13:09:00,2025-12-10 13:10:00,2,1502,0,0
803,solo_etiqueta,2025-12-11 00:36:00,2025-12-11 00:37:00,2,1502,0,0
803,solo_etiqueta,2025-12-11 07:41:00,2025-12-11 07:42:00,2,1502,0,0
803,solo_etiqueta,2025-12-11 09:57:00,2025-12-11 09:58:00,2,1502,0,0
803,solo_etiqueta,2025-12-11 19:41:00,2025-12-11 19:42:00,2,1502,0,0
803,solo_etiqueta,2025-12-11 20:36:00,2025-12-11 20:37:00,2,1502,0,0
803,solo_etiqueta,2025-12-11 21:17:00,2025-12-11 21:18:00,2,1502,0,0
803,solo_etiqueta,2025-12-12 14:49:00,2025-12-12 14:50:00,2,1502,0,0
803,solo_etiqueta,2025-12-12 20:28:00,2025-12-12 20:29:00,2,151,0,0
803,solo_etiqueta,2025-12-13 04:04:00,2025-12-13 04:05:00,2,1502,0,0
803,solo_etiqueta,2025-12-13 17:30:00,2025-12-13 17:31:00,2,1502,0,0
803,solo_etiqueta,2025-12-19 15:08:00,2025-12-19 15:09:00,2,1502,0,0
803,solo_etiqueta,2025-12-19 17:47:00,2025-12-19 17:48:00,2,1502,0,0
803,solo_etiqueta,2025-12-21 14:03:00,2025-12-21 14:04:00,2,1502,0,0
803,solo_etiqueta,2025-12-22 12:04:00,2025-12-22 12:05:00,2,1502,0,0
803,solo_etiqueta,2025-12-23 11:16:00,2025-12-23 11:17:00,2,2502,0,0
803,solo_etiqueta,2025-12-23 13:08:00,2025-12-23 13:09:00,2,1502,0,0
803,solo_etiqueta,2025-12-23 14:01:00,2025-12-23 14:02:00,2,1502,0,0
803,solo_etiqueta,2025-12-24 05:25:00,2025-12-24 05:26:00,2,1502,0,0
803,solo_etiqueta,2025-12-24 09:15:00,2025-12-24 09:16:00,2,1502,0,0
803,solo_etiqueta,2025-12-24 16:49:00,2025-12-24 16:50:00,2,1502,0,0
803,solo_etiqueta,2025-12-24 18:21:00,2025-12-24 18:22:00,2,1502,0,0
803,solo_etiqueta,2025-12-24 19:21:00,2025-12-24 19:22:00,2,1502,0,0
803,solo_etiqueta,2025-12-25 17:12:00,2025-12-25 17:13:00,2,1502,0,0
803,solo_etiqueta,2025-12-26 22:54:00,2025-12-26 22:55:00,2,1502,0,0
803,solo_etiqueta,2025-12-26 23:59:00,2025-12-27 00:00:00,2,1502,0,0
803,solo_etiqueta,2025-12-28 22:57:00,2025-12-28 22:58:00,2,1502,0,0
803,solo_etiqueta,2025-12-30 14:12:00,2025-12-30 14:13:00,2,1502,0,0
803,solo_etiqueta,2026-01-01 01:38:00,2026-01-01 01:39:00,2,1502,0,0
803,solo_etiqueta,2026-01-01 06:47:00,2026-01-01 06:48:00,2,1502,0,0
803,solo_etiqueta,2026-01-01 09:45:00,2026-01-01 09:46:00,2,1502,0,0
803,solo_etiqueta,2026-01-02 06:23:00,2026-01-02 06:24:00,2,1502,0,0
803,solo_etiqueta,2026-01-02 09:40:00,2026-01-02 09:41:00,2,1502,0,0
803,solo_etiqueta,2026-01-02 12:48:00,2026-01-02 12:49:00,2,1502,0,0
803,solo_etiqueta,2026-01-02 19:32:00,2026-01-02 19:33:00,2,1502,0,0
803,solo_etiqueta,2026-01-03 22:09:00,2026-01-03 22:10:00,2,1502,0,0
803,solo_etiqueta,2026-01-05 08:41:00,2026-01-05 08:42:00,2,1502,0,0
803,solo_etiqueta,2026-01-07 08:00:00,2026-01-07 08:01:00,2,1502,0,0
803,solo_etiqueta,2026-01-08 15:21:00,2026-01-08 15:22:00,2,1502,0,0
803,solo_etiqueta,2026-01-08 17:39:00,2026-01-08 17:40:00,2,1502,0,0
803,solo_etiqueta,2026-01-08 21:33:00,2026-01-08 21:34:00,2,1502,0,0
803,solo_etiqueta,2026-01-09 00:20:00,2026-01-09 00:21:00,2,1502,0,0
803,solo_etiqueta,2026-01-10 00:43:00,2026-01-10 00:44:00,2,1502,0,0
803,solo_etiqueta,2026-01-10 01:19:00,2026-01-10 01:20:00,2,1502,0,0
803,solo_etiqueta,2026-01-10 14:41:00,2026-01-10 14:42:00,2,"151,1502",0,0
803,solo_etiqueta,2026-01-10 19:13:00,2026-01-10 19:14:00,2,1502,0,0
803,solo_etiqueta,2026-01-10 21:12:00,2026-01-10 21:13:00,2,1502,0,0
803,solo_etiqueta,2026-01-13 00:07:00,2026-01-13 00:08:00,2,1502,0,0
803,solo_etiqueta,2026-01-13 14:24:00,2026-01-13 14:25:00,2,1502,0,0
803,solo_etiqueta,2026-01-13 20:51:00,2026-01-13 20:52:00,2,1502,0,0
803,solo_etiqueta,2026-01-13 21:21:00,2026-01-13 21:22:00,2,1502,0,0
803,solo_etiqueta,2026-01-17 19:31:00,2026-01-17 19:32:00,2,1502,0,0
803,solo_etiqueta,2026-01-17 21:41:00,2026-01-17 21:42:00,2,"151,1502",0,0
803,solo_etiqueta,2026-01-18 10:26:00,2026-01-18 10:27:00,2,1502,0,0
803,solo_etiqueta,2026-01-20 03:13:00,2026-01-20 03:14:00,2,1502,0,0
803,solo_etiqueta,2026-01-21 01:24:00,2026-01-21 01:25:00,2,1502,0,0
803,solo_etiqueta,2026-01-21 19:28:00,2026-01-21 19:29:00,2,1502,0,0
803,solo_etiqueta,2026-01-23 14:47:00,2026-01-23 14:48:00,2,1502,0,0
803,solo_etiqueta,2026-01-23 19:40:00,2026-01-23 19:41:00,2,"151,1502",0,0
803,solo_etiqueta,2026-01-24 05:27:00,2026-01-24 05:28:00,2,1502,0,0
803,solo_etiqueta,2026-01-24 05:43:00,2026-01-24 05:44:00,2,1502,0,0
803,solo_etiqueta,2026-01-24 06:37:00,2026-01-24 06:38:00,2,1502,0,0
803,solo_etiqueta,2026-01-24 10:43:00,2026-01-24 10:44:00,2,1502,0,0
803,solo_etiqueta,2026-01-25 20:01:00,2026-01-25 20:02:00,2,1502,0,0
803,solo_etiqueta,2026-01-26 17:47:00,2026-01-26 17:48:00,2,1502,0,0
803,solo_etiqueta,2026-01-27 12:33:00,2026-01-27 12:34:00,2,1502,0,0
803,solo_etiqueta,2026-01-27 14:29:00,2026-01-27 14:30:00,2,1502,0,0
803,solo_etiqueta,2026-01-27 19:46:00,2026-01-27 19:47:00,2,1502,0,0
803,solo_etiqueta,2026-01-29 08:34:00,2026-01-29 08:35:00,2,1502,0,0
803,solo_etiqueta,2026-01-30 14:07:00,2026-01-30 14:08:00,2,1502,0,0
803,solo_etiqueta,2026-01-31 18:00:00,2026-01-31 18:01:00,2,1502,0,0
803,solo_etiqueta,2026-01-31 18:55:00,2026-01-31 18:56:00,2,"151,1502",0,0
803,solo_etiqueta,2026-02-01 07:13:00,2026-02-01 07:14:00,2,1502,0,0
803,solo_etiqueta,2026-02-02 20:21:00,2026-02-02 20:22:00,2,1502,0,0
803,solo_etiqueta,2026-02-02 20:43:00,2026-02-02 20:44:00,2,1502,0,0
803,solo_etiqueta,2026-02-03 07:36:00,2026-02-03 07:37:00,2,1502,0,0
803,solo_etiqueta,2026-02-03 23:20:00,2026-02-03 23:21:00,2,1502,0,0
803,solo_etiqueta,2026-02-06 16:47:00,2026-02-06 16:48:00,2,1502,0,0
803,solo_etiqueta,2026-02-06 18:27:00,2026-02-06 18:28:00,2,1502,0,0
803,solo_etiqueta,2026-02-06 20:13:00,2026-02-06 20:14:00,2,1502,0,0
803,solo_etiqueta,2026-02-07 08:49:00,2026-02-07 08:50:00,2,1502,0,0
803,solo_etiqueta,2026-02-07 14:55:00,2026-02-07 14:56:00,2,1502,0,0
803,solo_etiqueta,2026-02-08 18:51:00,2026-02-08 18:52:00,2,1502,0,0
803,solo_etiqueta,2026-02-08 20:37:00,2026-02-08 20:38:00,2,1502,0,0
803,solo_etiqueta,2026-02-09 20:36:00,2026-02-09 20:37:00,2,1502,0,0
803,solo_etiqueta,2026-02-10 03:40:00,2026-02-10 03:41:00,2,1502,0,0
803,solo_etiqueta,2026-02-10 05:19:00,2026-02-10 05:20:00,2,1502,0,0
803,solo_etiqueta,2026-02-10 11:17:00,2026-02-10 11:18:00,2,1502,0,0
803,solo_etiqueta,2026-02-10 13:34:00,2026-02-10 13:35:00,2,1502,0,0
803,solo_etiqueta,2026-02-10 15:47:00,2026-02-10 15:48:00,2,1502,0,0
803,solo_etiqueta,2026-02-11 00:15:00,2026-02-11 00:16:00,2,2,0,0
803,solo_etiqueta,2026-02-11 15:52:00,2026-02-11 15:53:00,2,1502,0,0
803,solo_etiqueta,2026-02-11 20:00:00,2026-02-11 20:01:00,2,1502,0,0
803,solo_etiqueta,2026-02-12 10:09:00,2026-02-12 10:10:00,2,1502,0,0
803,solo_etiqueta,2026-02-12 17:57:00,2026-02-12 17:58:00,2,1502,0,0
803,solo_etiqueta,2026-02-13 05:59:00,2026-02-13 06:00:00,2,1502,0,0
803,solo_etiqueta,2026-02-13 09:45:00,2026-02-13 09:46:00,2,1502,0,0
803,solo_etiqueta,2026-02-13 10:04:00,2026-02-13 10:05:00,2,1502,0,0
803,solo_etiqueta,2026-02-13 22:06:00,2026-02-13 22:07:00,2,1502,0,0
803,solo_etiqueta,2026-02-14 18:59:00,2026-02-14 19:00:00,2,1502,0,0
803,solo_etiqueta,2026-02-14 23:59:00,2026-02-15 00:00:00,2,1502,0,0
803,solo_etiqueta,2026-02-15 01:29:00,2026-02-15 01:30:00,2,1502,0,0
803,solo_etiqueta,2026-02-15 17:02:00,2026-02-15 17:03:00,2,1502,0,0
803,solo_etiqueta,2026-02-17 02:31:00,2026-02-17 02:32:00,2,1502,0,0
803,solo_etiqueta,2026-02-17 12:16:00,2026-02-17 12:17:00,2,1502,0,0
803,solo_etiqueta,2026-02-19 10:44:00,2026-02-19 10:45:00,2,1502,0,0
803,solo_etiqueta,2026-02-19 17:29:00,2026-02-19 17:30:00,2,1502,0,0
803,solo_etiqueta,2026-02-20 04:19:00,2026-02-20 04:20:00,2,1502,0,0
803,solo_etiqueta,2026-02-20 15:26:00,2026-02-20 15:27:00,2,1502,0,0
803,solo_etiqueta,2026-02-21 21:01:00,2026-02-21 21:02:00,2,1502,0,0
803,solo_etiqueta,2026-02-21 21:42:00,2026-02-21 21:43:00,2,1502,0,0
803,solo_etiqueta,2026-02-21 22:33:00,2026-02-21 22:34:00,2,1502,0,0
803,solo_etiqueta,2026-02-22 06:23:00,2026-02-22 06:24:00,2,1502,0,0
803,solo_etiqueta,2026-02-24 08:19:00,2026-02-24 08:20:00,2,1502,0,0
803,solo_etiqueta,2026-02-24 14:11:00,2026-02-24 14:12:00,2,1502,0,0
803,solo_etiqueta,2026-02-25 15:04:00,2026-02-25 15:05:00,2,1502,0,0
803,solo_etiqueta,2026-02-26 07:10:00,2026-02-26 07:11:00,2,1502,0,0
803,solo_etiqueta,2026-02-26 19:37:00,2026-02-26 19:38:00,2,1502,0,0
803,solo_etiqueta,2026-02-26 21:05:00,2026-02-26 21:06:00,2,1502,0,0
803,solo_etiqueta,2026-02-26 21:53:00,2026-02-26 21:54:00,2,1502,0,0
803,solo_etiqueta,2026-02-27 18:30:00,2026-02-27 18:31:00,2,1502,0,0
803,solo_etiqueta,2026-02-28 04:38:00,2026-02-28 04:39:00,2,1502,0,0
803,solo_etiqueta,2026-02-28 06:37:00,2026-02-28 06:38:00,2,1502,0,0
803,solo_etiqueta,2026-02-28 15:06:00,2026-02-28 15:07:00,2,1502,0,0
803,solo_etiqueta,2026-02-28 17:39:00,2026-02-28 17:40:00,2,1502,0,0
803,solo_etiqueta,2026-02-28 22:00:00,2026-02-28 22:01:00,2,1502,0,0
803,solo_etiqueta,2026-03-01 05:58:00,2026-03-01 05:59:00,2,1502,0,0
803,solo_etiqueta,2026-03-01 07:29:00,2026-03-01 07:30:00,2,1502,0,0
803,solo_etiqueta,2026-03-01 08:28:00,2026-03-01 08:29:00,2,1502,0,0
803,solo_etiqueta,2026-03-01 15:55:00,2026-03-01 15:56:00,2,1502,0,0
803,solo_etiqueta,2026-03-02 00:32:00,2026-03-02 00:33:00,2,1502,0,0
803,solo_etiqueta,2026-03-02 07:02:00,2026-03-02 07:03:00,2,1502,0,0
803,solo_etiqueta,2026-03-02 07:15:00,2026-03-02 07:16:00,2,1502,0,0
803,solo_etiqueta,2026-03-02 07:52:00,2026-03-02 07:53:00,2,1502,0,0
803,solo_etiqueta,2026-03-02 09:09:00,2026-03-02 09:10:00,2,1502,0,0
803,solo_etiqueta,2026-03-03 04:08:00,2026-03-03 04:09:00,2,1502,0,0
803,solo_etiqueta,2026-03-04 00:57:00,2026-03-04 00:58:00,2,1502,0,0
803,solo_etiqueta,2026-03-04 15:29:00,2026-03-04 15:30:00,2,1502,0,0
803,solo_etiqueta,2026-03-04 21:06:00,2026-03-04 21:07:00,2,1502,0,0
803,solo_etiqueta,2026-03-05 07:49:00,2026-03-05 07:50:00,2,1502,0,0
803,solo_etiqueta,2026-03-05 09:28:00,2026-03-05 09:29:00,2,1502,0,0
803,solo_etiqueta,2026-03-05 19:42:00,2026-03-05 19:43:00,2,1502,0,0
803,solo_etiqueta,2026-03-05 20:11:00,2026-03-05 20:12:00,2,1502,0,0
803,solo_etiqueta,2026-03-06 14:35:00,2026-03-06 14:36:00,2,1502,0,0
803,solo_etiqueta,2026-03-06 18:04:00,2026-03-06 18:05:00,2,1502,0,0
803,solo_etiqueta,2026-03-07 14:13:00,2026-03-07 14:14:00,2,1502,0,0
803,solo_etiqueta,2026-03-08 18:42:00,2026-03-08 18:43:00,2,1502,0,0
803,solo_etiqueta,2026-03-08 18:58:00,2026-03-08 18:59:00,2,1502,0,0
803,solo_etiqueta,2026-03-09 01:42:00,2026-03-09 01:43:00,2,1502,0,0
803,solo_etiqueta,2026-03-09 05:11:00,2026-03-09 05:12:00,2,1502,0,0
803,solo_etiqueta,2026-03-09 07:56:00,2026-03-09 07:57:00,2,1502,0,0
803,solo_etiqueta,2026-03-09 11:21:00,2026-03-09 11:22:00,2,1502,0,0
803,solo_etiqueta,2026-03-11 13:27:00,2026-03-11 13:28:00,2,1502,0,0
803,solo_etiqueta,2026-03-11 16:03:00,2026-03-11 16:04:00,2,1502,0,0
803,solo_etiqueta,2026-03-12 06:51:00,2026-03-12 06:52:00,2,1502,0,0
803,solo_etiqueta,2026-03-12 14:32:00,2026-03-12 14:33:00,2,1502,0,0
803,solo_etiqueta,2026-03-13 01:47:00,2026-03-13 01:48:00,2,1502,0,0
803,solo_etiqueta,2026-03-13 02:28:00,2026-03-13 02:29:00,2,1502,0,0
803,solo_etiqueta,2026-03-14 00:28:00,2026-03-14 00:29:00,2,1502,0,0
803,solo_etiqueta,2026-03-14 17:30:00,2026-03-14 17:31:00,2,151,0,0
803,solo_etiqueta,2026-03-15 16:51:00,2026-03-15 16:52:00,2,1502,0,0
803,solo_etiqueta,2026-03-15 19:55:00,2026-03-15 19:56:00,2,1502,0,0
803,solo_etiqueta,2026-03-16 09:35:00,2026-03-16 09:36:00,2,151,0,0
803,solo_etiqueta,2026-03-17 13:14:00,2026-03-17 13:15:00,2,1502,0,0
803,solo_etiqueta,2026-03-17 21:53:00,2026-03-17 21:54:00,2,1502,0,0
803,solo_etiqueta,2026-03-18 07:16:00,2026-03-18 07:17:00,2,1502,0,0
803,solo_etiqueta,2026-03-18 08:41:00,2026-03-18 08:42:00,2,1502,0,0
803,solo_etiqueta,2026-03-18 15:41:00,2026-03-18 15:42:00,2,1502,0,0
803,solo_etiqueta,2026-03-20 04:59:00,2026-03-20 05:00:00,2,1502,0,0
803,solo_etiqueta,2026-03-20 11:14:00,2026-03-20 11:15:00,2,1502,0,0
803,solo_etiqueta,2026-03-20 12:14:00,2026-03-20 12:15:00,2,1502,0,0
803,solo_etiqueta,2026-03-20 15:12:00,2026-03-20 15:13:00,2,1502,0,0
803,solo_etiqueta,2026-03-20 16:49:00,2026-03-20 16:50:00,2,1502,0,0
803,solo_etiqueta,2026-03-21 01:27:00,2026-03-21 01:28:00,2,1502,0,0
803,solo_etiqueta,2026-03-22 04:05:00,2026-03-22 04:06:00,2,1502,0,0
803,solo_etiqueta,2026-03-22 06:25:00,2026-03-22 06:26:00,2,1502,0,0
803,solo_etiqueta,2026-03-22 08:58:00,2026-03-22 08:59:00,2,1502,0,0
803,solo_etiqueta,2026-03-22 11:28:00,2026-03-22 11:29:00,2,1502,0,0
803,solo_etiqueta,2026-03-22 15:59:00,2026-03-22 16:00:00,2,1502,0,0
803,solo_etiqueta,2026-03-23 21:26:00,2026-03-23 21:27:00,2,1502,0,0
803,solo_etiqueta,2026-03-24 07:36:00,2026-03-24 07:37:00,2,1502,0,0
803,solo_etiqueta,2026-03-24 16:29:00,2026-03-24 16:30:00,2,1502,0,0
803,solo_etiqueta,2026-03-24 19:38:00,2026-03-24 19:39:00,2,1502,0,0
803,solo_etiqueta,2026-03-24 20:47:00,2026-03-24 20:48:00,2,1502,0,0
803,solo_etiqueta,2026-03-25 11:09:00,2026-03-25 11:10:00,2,1502,0,0
803,solo_etiqueta,2026-03-25 11:54:00,2026-03-25 11:55:00,2,1502,0,0
803,solo_etiqueta,2026-03-26 07:27:00,2026-03-26 07:28:00,2,1502,0,0
803,solo_etiqueta,2026-03-26 09:30:00,2026-03-26 09:31:00,2,1502,0,0
803,solo_etiqueta,2026-03-26 13:41:00,2026-03-26 13:42:00,2,1502,0,0
803,solo_etiqueta,2026-03-26 13:55:00,2026-03-26 13:56:00,2,1502,0,0
803,solo_etiqueta,2026-03-27 05:06:00,2026-03-27 05:07:00,2,1502,0,0
803,solo_etiqueta,2026-03-27 06:38:00,2026-03-27 06:39:00,2,1502,0,0
803,solo_etiqueta,2026-03-27 21:02:00,2026-03-27 21:03:00,2,1502,0,0
803,solo_etiqueta,2026-03-28 07:09:00,2026-03-28 07:10:00,2,1502,0,0
803,solo_etiqueta,2026-03-30 07:59:00,2026-03-30 08:00:00,2,1502,0,0
803,solo_etiqueta,2026-03-31 19:11:00,2026-03-31 19:12:00,2,1502,0,0
803,solo_etiqueta,2026-03-31 19:52:00,2026-03-31 19:53:00,2,1502,0,0
803,solo_etiqueta,2026-04-03 09:44:00,2026-04-03 09:45:00,2,1502,0,0
803,solo_etiqueta,2026-04-03 20:15:00,2026-04-03 20:16:00,2,1502,0,0
803,solo_etiqueta,2026-04-03 21:49:00,2026-04-03 21:50:00,2,1502,0,0
803,solo_etiqueta,2026-04-04 00:11:00,2026-04-04 00:12:00,2,1502,0,0
803,solo_etiqueta,2026-04-05 08:23:00,2026-04-05 08:24:00,2,1502,0,0
803,solo_etiqueta,2026-04-06 09:04:00,2026-04-06 09:05:00,2,1502,0,0
803,solo_etiqueta,2026-04-06 15:23:00,2026-04-06 15:24:00,2,1502,0,0
803,solo_etiqueta,2026-04-07 00:19:00,2026-04-07 00:20:00,2,1502,0,0
803,solo_etiqueta,2026-04-07 01:59:00,2026-04-07 02:00:00,2,1502,0,0
803,solo_etiqueta,2026-04-07 03:43:00,2026-04-07 03:44:00,2,1502,0,0
803,solo_etiqueta,2026-04-07 05:58:00,2026-04-07 05:59:00,2,1502,0,0
803,solo_etiqueta,2026-04-07 06:18:00,2026-04-07 06:19:00,2,1502,0,0
803,solo_etiqueta,2026-04-07 06:48:00,2026-04-07 06:49:00,2,1502,0,0
803,solo_etiqueta,2026-04-07 08:22:00,2026-04-07 08:23:00,2,1502,0,0
803,solo_etiqueta,2026-04-07 11:08:00,2026-04-07 11:09:00,2,1502,0,0
803,solo_etiqueta,2026-04-07 15:27:00,2026-04-07 15:28:00,2,1502,0,0
803,solo_etiqueta,2026-04-07 16:21:00,2026-04-07 16:22:00,2,1502,0,0
803,solo_etiqueta,2026-04-07 19:19:00,2026-04-07 19:20:00,2,1502,0,0
803,solo_etiqueta,2026-04-08 00:34:00,2026-04-08 00:35:00,2,1502,0,0
803,solo_etiqueta,2026-04-08 04:05:00,2026-04-08 04:06:00,2,1502,0,0
803,solo_etiqueta,2026-04-08 05:32:00,2026-04-08 05:33:00,2,1502,0,0
803,solo_etiqueta,2026-04-08 12:49:00,2026-04-08 12:50:00,2,1502,0,0
803,solo_etiqueta,2026-04-09 10:12:00,2026-04-09 10:13:00,2,1502,0,0
803,solo_etiqueta,2026-04-09 14:20:00,2026-04-09 14:21:00,2,1502,0,0
803,solo_etiqueta,2026-04-09 20:15:00,2026-04-09 20:16:00,2,1502,0,0
803,solo_etiqueta,2026-04-10 01:18:00,2026-04-10 01:19:00,2,1502,0,0
803,solo_etiqueta,2026-04-10 04:48:00,2026-04-10 04:49:00,2,1502,0,0
803,solo_etiqueta,2026-04-10 05:54:00,2026-04-10 05:55:00,2,1502,0,0
803,solo_etiqueta,2026-04-10 07:29:00,2026-04-10 07:30:00,2,1502,0,0
803,solo_etiqueta,2026-04-11 19:12:00,2026-04-11 19:13:00,2,1502,0,0
803,solo_etiqueta,2026-04-11 19:54:00,2026-04-11 19:55:00,2,1502,0,0
803,solo_etiqueta,2026-04-11 22:56:00,2026-04-11 22:57:00,2,1502,0,0
803,solo_etiqueta,2026-04-13 17:39:00,2026-04-13 17:40:00,2,1502,0,0
803,solo_etiqueta,2026-04-14 12:39:00,2026-04-14 12:40:00,2,1502,0,0
803,solo_etiqueta,2026-04-15 02:20:00,2026-04-15 02:21:00,2,1502,0,0
803,solo_etiqueta,2026-04-15 11:27:00,2026-04-15 11:28:00,2,1502,0,0
803,solo_etiqueta,2026-04-18 09:58:00,2026-04-18 09:59:00,2,1502,0,0
803,solo_etiqueta,2026-04-18 12:33:00,2026-04-18 12:34:00,2,1502,0,0
803,solo_etiqueta,2026-04-19 05:53:00,2026-04-19 05:54:00,2,1502,0,0
803,solo_etiqueta,2026-04-20 10:11:00,2026-04-20 10:12:00,2,1502,0,0
803,solo_etiqueta,2026-04-20 14:11:00,2026-04-20 14:12:00,2,1502,0,0
803,solo_etiqueta,2026-04-20 17:46:00,2026-04-20 17:47:00,2,1502,0,0
803,solo_etiqueta,2026-04-21 17:38:00,2026-04-21 17:39:00,2,1502,0,0
803,solo_etiqueta,2026-04-21 22:20:00,2026-04-21 22:21:00,2,1502,0,0
803,solo_etiqueta,2026-04-23 16:13:00,2026-04-23 16:14:00,2,1502,0,0
803,solo_etiqueta,2026-04-23 18:27:00,2026-04-23 18:28:00,2,"151,1502",0,0
803,solo_etiqueta,2026-04-23 23:10:00,2026-04-23 23:11:00,2,1502,0,0
803,solo_etiqueta,2026-04-24 01:57:00,2026-04-24 01:58:00,2,1502,0,0
803,solo_etiqueta,2026-04-24 18:05:00,2026-04-24 18:06:00,2,1502,0,0
803,solo_etiqueta,2026-04-24 18:52:00,2026-04-24 18:53:00,2,1502,0,0
803,solo_etiqueta,2026-04-25 08:25:00,2026-04-25 08:26:00,2,1502,0,0
803,solo_etiqueta,2026-04-25 16:28:00,2026-04-25 16:29:00,2,1502,0,0
803,solo_etiqueta,2026-04-25 20:35:00,2026-04-25 20:36:00,2,1502,0,0
803,solo_etiqueta,2026-04-26 12:30:00,2026-04-26 12:31:00,2,1502,0,0
803,solo_etiqueta,2026-04-26 21:02:00,2026-04-26 21:03:00,2,1502,0,0
803,solo_etiqueta,2026-04-27 04:26:00,2026-04-27 04:27:00,2,1502,0,0
803,solo_etiqueta,2026-04-27 07:28:00,2026-04-27 07:29:00,2,1502,0,0
803,solo_etiqueta,2026-04-27 08:24:00,2026-04-27 08:25:00,2,1502,0,0
803,solo_etiqueta,2026-04-28 05:45:00,2026-04-28 05:46:00,2,1502,0,0
803,solo_etiqueta,2026-04-28 06:57:00,2026-04-28 06:58:00,2,1502,0,0
803,solo_etiqueta,2026-04-28 08:20:00,2026-04-28 08:21:00,2,1502,0,0
803,solo_etiqueta,2026-04-28 19:01:00,2026-04-28 19:02:00,2,1502,0,0
803,solo_etiqueta,2026-04-29 10:09:00,2026-04-29 10:10:00,2,1502,0,0
803,solo_etiqueta,2026-04-29 11:05:00,2026-04-29 11:06:00,2,1502,0,0
803,solo_etiqueta,2026-04-29 22:40:00,2026-04-29 22:41:00,2,1502,0,0
803,solo_etiqueta,2026-04-30 01:36:00,2026-04-30 01:37:00,2,1502,0,0
803,solo_etiqueta,2026-04-30 04:39:00,2026-04-30 04:40:00,2,1502,0,0
803,solo_etiqueta,2025-12-01 11:03:00,2025-12-01 11:03:00,1,1502,0,0
803,solo_etiqueta,2025-12-01 14:06:00,2025-12-01 14:06:00,1,1502,0,0
803,solo_etiqueta,2025-12-02 12:09:00,2025-12-02 12:09:00,1,1502,0,0
803,solo_etiqueta,2025-12-02 13:13:00,2025-12-02 13:13:00,1,1502,0,0
803,solo_etiqueta,2025-12-02 14:51:00,2025-12-02 14:51:00,1,1502,0,0
803,solo_etiqueta,2025-12-05 12:02:00,2025-12-05 12:02:00,1,1502,0,0
803,solo_etiqueta,2025-12-05 17:34:00,2025-12-05 17:34:00,1,1502,0,0
803,solo_etiqueta,2025-12-05 17:47:00,2025-12-05 17:47:00,1,1502,0,0
803,solo_etiqueta,2025-12-05 18:49:00,2025-12-05 18:49:00,1,1502,0,0
803,solo_etiqueta,2025-12-06 00:50:00,2025-12-06 00:50:00,1,1502,0,0
803,solo_etiqueta,2025-12-06 01:25:00,2025-12-06 01:25:00,1,1502,0,0
803,solo_etiqueta,2025-12-06 02:20:00,2025-12-06 02:20:00,1,1502,0,0
803,solo_etiqueta,2025-12-06 04:19:00,2025-12-06 04:19:00,1,1502,0,0
803,solo_etiqueta,2025-12-06 04:31:00,2025-12-06 04:31:00,1,1502,0,0
803,solo_etiqueta,2025-12-06 10:17:00,2025-12-06 10:17:00,1,1502,0,0
803,solo_etiqueta,2025-12-06 12:14:00,2025-12-06 12:14:00,1,1502,0,0
803,solo_etiqueta,2025-12-06 12:33:00,2025-12-06 12:33:00,1,1502,0,0
803,solo_etiqueta,2025-12-06 14:16:00,2025-12-06 14:16:00,1,1502,0,0
803,solo_etiqueta,2025-12-06 16:08:00,2025-12-06 16:08:00,1,1502,0,0
803,solo_etiqueta,2025-12-07 06:46:00,2025-12-07 06:46:00,1,1502,0,0
803,solo_etiqueta,2025-12-07 11:52:00,2025-12-07 11:52:00,1,1502,0,0
803,solo_etiqueta,2025-12-07 13:41:00,2025-12-07 13:41:00,1,1502,0,0
803,solo_etiqueta,2025-12-10 06:32:00,2025-12-10 06:32:00,1,1502,0,0
803,solo_etiqueta,2025-12-10 07:47:00,2025-12-10 07:47:00,1,1502,0,0
803,solo_etiqueta,2025-12-10 08:16:00,2025-12-10 08:16:00,1,1502,0,0
803,solo_etiqueta,2025-12-10 10:05:00,2025-12-10 10:05:00,1,1502,0,0
803,solo_etiqueta,2025-12-10 10:18:00,2025-12-10 10:18:00,1,1502,0,0
803,solo_etiqueta,2025-12-10 10:58:00,2025-12-10 10:58:00,1,1502,0,0
803,solo_etiqueta,2025-12-10 11:21:00,2025-12-10 11:21:00,1,1502,0,0
803,solo_etiqueta,2025-12-10 15:17:00,2025-12-10 15:17:00,1,1502,0,0
803,solo_etiqueta,2025-12-10 19:06:00,2025-12-10 19:06:00,1,1502,0,0
803,solo_etiqueta,2025-12-10 23:08:00,2025-12-10 23:08:00,1,1502,0,0
803,solo_etiqueta,2025-12-11 13:27:00,2025-12-11 13:27:00,1,1502,0,0
803,solo_etiqueta,2025-12-11 14:21:00,2025-12-11 14:21:00,1,1502,0,0
803,solo_etiqueta,2025-12-11 17:18:00,2025-12-11 17:18:00,1,1502,0,0
803,solo_etiqueta,2025-12-12 13:47:00,2025-12-12 13:47:00,1,1502,0,0
803,solo_etiqueta,2025-12-12 15:35:00,2025-12-12 15:35:00,1,1502,0,0
803,solo_etiqueta,2025-12-12 18:19:00,2025-12-12 18:19:00,1,1502,0,0
803,solo_etiqueta,2025-12-12 21:42:00,2025-12-12 21:42:00,1,1502,0,0
803,solo_etiqueta,2025-12-13 12:53:00,2025-12-13 12:53:00,1,1502,0,0
803,solo_etiqueta,2025-12-13 13:51:00,2025-12-13 13:51:00,1,2502,0,0
803,solo_etiqueta,2025-12-14 13:29:00,2025-12-14 13:29:00,1,2502,0,0
803,solo_etiqueta,2025-12-14 13:57:00,2025-12-14 13:57:00,1,2502,0,0
803,solo_etiqueta,2025-12-14 20:22:00,2025-12-14 20:22:00,1,2502,0,0
803,solo_etiqueta,2025-12-15 09:38:00,2025-12-15 09:38:00,1,2502,0,0
803,solo_etiqueta,2025-12-15 10:52:00,2025-12-15 10:52:00,1,2502,0,0
803,solo_etiqueta,2025-12-15 23:11:00,2025-12-15 23:11:00,1,2502,0,0
803,solo_etiqueta,2025-12-16 13:12:00,2025-12-16 13:12:00,1,2502,0,0
803,solo_etiqueta,2025-12-16 13:24:00,2025-12-16 13:24:00,1,2502,0,0
803,solo_etiqueta,2025-12-17 10:25:00,2025-12-17 10:25:00,1,2502,0,0
803,solo_etiqueta,2025-12-17 23:29:00,2025-12-17 23:29:00,1,2502,0,0
803,solo_etiqueta,2025-12-18 05:22:00,2025-12-18 05:22:00,1,2502,0,0
803,solo_etiqueta,2025-12-18 11:24:00,2025-12-18 11:24:00,1,2502,0,0
803,solo_etiqueta,2025-12-18 12:36:00,2025-12-18 12:36:00,1,2502,0,0
803,solo_etiqueta,2025-12-18 21:19:00,2025-12-18 21:19:00,1,2502,0,0
803,solo_etiqueta,2025-12-19 00:45:00,2025-12-19 00:45:00,1,2502,0,0
803,solo_etiqueta,2025-12-19 04:03:00,2025-12-19 04:03:00,1,2502,0,0
803,solo_etiqueta,2025-12-19 12:29:00,2025-12-19 12:29:00,1,2502,0,0
803,solo_etiqueta,2025-12-19 13:06:00,2025-12-19 13:06:00,1,2502,0,0
803,solo_etiqueta,2025-12-19 13:23:00,2025-12-19 13:23:00,1,2502,0,0
803,solo_etiqueta,2025-12-19 13:35:00,2025-12-19 13:35:00,1,2502,0,0
803,solo_etiqueta,2025-12-19 17:09:00,2025-12-19 17:09:00,1,151,0,0
803,solo_etiqueta,2025-12-20 21:27:00,2025-12-20 21:27:00,1,1502,0,0
803,solo_etiqueta,2025-12-21 00:26:00,2025-12-21 00:26:00,1,1502,0,0
803,solo_etiqueta,2025-12-21 03:01:00,2025-12-21 03:01:00,1,1502,0,0
803,solo_etiqueta,2025-12-21 10:32:00,2025-12-21 10:32:00,1,1502,0,0
803,solo_etiqueta,2025-12-21 11:21:00,2025-12-21 11:21:00,1,1502,0,0
803,solo_etiqueta,2025-12-21 12:00:00,2025-12-21 12:00:00,1,1502,0,0
803,solo_etiqueta,2025-12-21 20:59:00,2025-12-21 20:59:00,1,1502,0,0
803,solo_etiqueta,2025-12-22 01:10:00,2025-12-22 01:10:00,1,1502,0,0
803,solo_etiqueta,2025-12-22 06:26:00,2025-12-22 06:26:00,1,1502,0,0
803,solo_etiqueta,2025-12-22 10:21:00,2025-12-22 10:21:00,1,1502,0,0
803,solo_etiqueta,2025-12-22 16:25:00,2025-12-22 16:25:00,1,1502,0,0
803,solo_etiqueta,2025-12-23 04:38:00,2025-12-23 04:38:00,1,1502,0,0
803,solo_etiqueta,2025-12-23 05:15:00,2025-12-23 05:15:00,1,1502,0,0
803,solo_etiqueta,2025-12-23 06:20:00,2025-12-23 06:20:00,1,1502,0,0
803,solo_etiqueta,2025-12-23 09:53:00,2025-12-23 09:53:00,1,2502,0,0
803,solo_etiqueta,2025-12-23 13:28:00,2025-12-23 13:28:00,1,1502,0,0
803,solo_etiqueta,2025-12-23 14:42:00,2025-12-23 14:42:00,1,1502,0,0
803,solo_etiqueta,2025-12-23 16:58:00,2025-12-23 16:58:00,1,1502,0,0
803,solo_etiqueta,2025-12-23 17:59:00,2025-12-23 17:59:00,1,1502,0,0
803,solo_etiqueta,2025-12-23 18:22:00,2025-12-23 18:22:00,1,1502,0,0
803,solo_etiqueta,2025-12-23 19:44:00,2025-12-23 19:44:00,1,1502,0,0
803,solo_etiqueta,2025-12-23 22:19:00,2025-12-23 22:19:00,1,1502,0,0
803,solo_etiqueta,2025-12-23 22:36:00,2025-12-23 22:36:00,1,1502,0,0
803,solo_etiqueta,2025-12-24 04:17:00,2025-12-24 04:17:00,1,1502,0,0
803,solo_etiqueta,2025-12-24 13:17:00,2025-12-24 13:17:00,1,1502,0,0
803,solo_etiqueta,2025-12-24 13:30:00,2025-12-24 13:30:00,1,1502,0,0
803,solo_etiqueta,2025-12-24 16:25:00,2025-12-24 16:25:00,1,151,0,0
803,solo_etiqueta,2025-12-24 17:45:00,2025-12-24 17:45:00,1,1502,0,0
803,solo_etiqueta,2025-12-24 18:34:00,2025-12-24 18:34:00,1,1502,0,0
803,solo_etiqueta,2025-12-25 10:22:00,2025-12-25 10:22:00,1,1502,0,0
803,solo_etiqueta,2025-12-25 17:27:00,2025-12-25 17:27:00,1,1502,0,0
803,solo_etiqueta,2025-12-26 01:18:00,2025-12-26 01:18:00,1,1502,0,0
803,solo_etiqueta,2025-12-26 03:54:00,2025-12-26 03:54:00,1,1502,0,0
803,solo_etiqueta,2025-12-27 02:28:00,2025-12-27 02:28:00,1,1502,0,0
803,solo_etiqueta,2025-12-27 11:16:00,2025-12-27 11:16:00,1,1502,0,0
803,solo_etiqueta,2025-12-27 13:49:00,2025-12-27 13:49:00,1,1502,0,0
803,solo_etiqueta,2025-12-27 19:58:00,2025-12-27 19:58:00,1,1502,0,0
803,solo_etiqueta,2025-12-28 00:40:00,2025-12-28 00:40:00,1,1502,0,0
803,solo_etiqueta,2025-12-28 14:51:00,2025-12-28 14:51:00,1,1502,0,0
803,solo_etiqueta,2025-12-28 17:14:00,2025-12-28 17:14:00,1,1502,0,0
803,solo_etiqueta,2025-12-28 20:41:00,2025-12-28 20:41:00,1,1502,0,0
803,solo_etiqueta,2025-12-28 22:07:00,2025-12-28 22:07:00,1,1502,0,0
803,solo_etiqueta,2025-12-29 06:25:00,2025-12-29 06:25:00,1,1502,0,0
803,solo_etiqueta,2025-12-29 06:38:00,2025-12-29 06:38:00,1,1502,0,0
803,solo_etiqueta,2025-12-29 08:53:00,2025-12-29 08:53:00,1,1502,0,0
803,solo_etiqueta,2025-12-29 22:46:00,2025-12-29 22:46:00,1,1502,0,0
803,solo_etiqueta,2025-12-30 09:06:00,2025-12-30 09:06:00,1,1502,0,0
803,solo_etiqueta,2025-12-31 07:53:00,2025-12-31 07:53:00,1,1502,0,0
803,solo_etiqueta,2025-12-31 10:37:00,2025-12-31 10:37:00,1,1502,0,0
803,solo_etiqueta,2025-12-31 11:31:00,2025-12-31 11:31:00,1,1502,0,0
803,solo_etiqueta,2025-12-31 12:29:00,2025-12-31 12:29:00,1,1502,0,0
803,solo_etiqueta,2025-12-31 13:55:00,2025-12-31 13:55:00,1,1502,0,0
803,solo_etiqueta,2025-12-31 17:01:00,2025-12-31 17:01:00,1,1502,0,0
803,solo_etiqueta,2025-12-31 21:07:00,2025-12-31 21:07:00,1,1502,0,0
803,solo_etiqueta,2025-12-31 23:31:00,2025-12-31 23:31:00,1,1502,0,0
803,solo_etiqueta,2025-12-31 23:43:00,2025-12-31 23:43:00,1,1502,0,0
803,solo_etiqueta,2026-01-01 01:17:00,2026-01-01 01:17:00,1,1502,0,0
803,solo_etiqueta,2026-01-01 06:21:00,2026-01-01 06:21:00,1,1502,0,0
803,solo_etiqueta,2026-01-01 12:58:00,2026-01-01 12:58:00,1,1502,0,0
803,solo_etiqueta,2026-01-01 14:50:00,2026-01-01 14:50:00,1,1502,0,0
803,solo_etiqueta,2026-01-01 15:43:00,2026-01-01 15:43:00,1,1502,0,0
803,solo_etiqueta,2026-01-01 16:11:00,2026-01-01 16:11:00,1,1502,0,0
803,solo_etiqueta,2026-01-01 19:29:00,2026-01-01 19:29:00,1,1502,0,0
803,solo_etiqueta,2026-01-01 21:17:00,2026-01-01 21:17:00,1,1502,0,0
803,solo_etiqueta,2026-01-02 08:16:00,2026-01-02 08:16:00,1,1502,0,0
803,solo_etiqueta,2026-01-02 09:15:00,2026-01-02 09:15:00,1,1502,0,0
803,solo_etiqueta,2026-01-02 09:28:00,2026-01-02 09:28:00,1,1502,0,0
803,solo_etiqueta,2026-01-02 09:53:00,2026-01-02 09:53:00,1,1502,0,0
803,solo_etiqueta,2026-01-02 14:59:00,2026-01-02 14:59:00,1,1502,0,0
803,solo_etiqueta,2026-01-02 19:18:00,2026-01-02 19:18:00,1,1502,0,0
803,solo_etiqueta,2026-01-03 08:12:00,2026-01-03 08:12:00,1,1502,0,0
803,solo_etiqueta,2026-01-03 23:14:00,2026-01-03 23:14:00,1,1502,0,0
803,solo_etiqueta,2026-01-04 23:47:00,2026-01-04 23:47:00,1,1502,0,0
803,solo_etiqueta,2026-01-05 05:03:00,2026-01-05 05:03:00,1,1502,0,0
803,solo_etiqueta,2026-01-05 07:38:00,2026-01-05 07:38:00,1,1502,0,0
803,solo_etiqueta,2026-01-06 03:26:00,2026-01-06 03:26:00,1,1502,0,0
803,solo_etiqueta,2026-01-07 01:28:00,2026-01-07 01:28:00,1,1502,0,0
803,solo_etiqueta,2026-01-07 02:35:00,2026-01-07 02:35:00,1,1502,0,0
803,solo_etiqueta,2026-01-07 14:41:00,2026-01-07 14:41:00,1,1502,0,0
803,solo_etiqueta,2026-01-07 16:13:00,2026-01-07 16:13:00,1,1502,0,0
803,solo_etiqueta,2026-01-07 17:08:00,2026-01-07 17:08:00,1,1502,0,0
803,solo_etiqueta,2026-01-07 22:54:00,2026-01-07 22:54:00,1,1502,0,0
803,solo_etiqueta,2026-01-07 23:18:00,2026-01-07 23:18:00,1,1502,0,0
803,solo_etiqueta,2026-01-07 23:34:00,2026-01-07 23:34:00,1,1502,0,0
803,solo_etiqueta,2026-01-08 02:41:00,2026-01-08 02:41:00,1,1502,0,0
803,solo_etiqueta,2026-01-08 03:03:00,2026-01-08 03:03:00,1,1502,0,0
803,solo_etiqueta,2026-01-08 04:13:00,2026-01-08 04:13:00,1,1502,0,0
803,solo_etiqueta,2026-01-08 08:07:00,2026-01-08 08:07:00,1,1502,0,0
803,solo_etiqueta,2026-01-08 08:27:00,2026-01-08 08:27:00,1,1502,0,0
803,solo_etiqueta,2026-01-08 10:33:00,2026-01-08 10:33:00,1,1502,0,0
803,solo_etiqueta,2026-01-08 11:49:00,2026-01-08 11:49:00,1,1502,0,0
803,solo_etiqueta,2026-01-08 12:05:00,2026-01-08 12:05:00,1,2,0,0
803,solo_etiqueta,2026-01-08 14:27:00,2026-01-08 14:27:00,1,1502,0,0
803,solo_etiqueta,2026-01-08 18:29:00,2026-01-08 18:29:00,1,1502,0,0
803,solo_etiqueta,2026-01-08 19:07:00,2026-01-08 19:07:00,1,1502,0,0
803,solo_etiqueta,2026-01-08 22:20:00,2026-01-08 22:20:00,1,1502,0,0
803,solo_etiqueta,2026-01-08 23:34:00,2026-01-08 23:34:00,1,1502,0,0
803,solo_etiqueta,2026-01-09 03:04:00,2026-01-09 03:04:00,1,151,0,0
803,solo_etiqueta,2026-01-09 05:38:00,2026-01-09 05:38:00,1,1502,0,0
803,solo_etiqueta,2026-01-09 06:57:00,2026-01-09 06:57:00,1,1502,0,0
803,solo_etiqueta,2026-01-09 08:58:00,2026-01-09 08:58:00,1,1502,0,0
803,solo_etiqueta,2026-01-09 12:30:00,2026-01-09 12:30:00,1,1502,0,0
803,solo_etiqueta,2026-01-09 17:40:00,2026-01-09 17:40:00,1,1502,0,0
803,solo_etiqueta,2026-01-10 02:32:00,2026-01-10 02:32:00,1,1502,0,0
803,solo_etiqueta,2026-01-10 05:59:00,2026-01-10 05:59:00,1,1502,0,0
803,solo_etiqueta,2026-01-10 09:48:00,2026-01-10 09:48:00,1,1502,0,0
803,solo_etiqueta,2026-01-10 11:30:00,2026-01-10 11:30:00,1,1502,0,0
803,solo_etiqueta,2026-01-10 12:50:00,2026-01-10 12:50:00,1,1502,0,0
803,solo_etiqueta,2026-01-10 14:54:00,2026-01-10 14:54:00,1,1502,0,0
803,solo_etiqueta,2026-01-10 16:20:00,2026-01-10 16:20:00,1,151,0,0
803,solo_etiqueta,2026-01-11 21:28:00,2026-01-11 21:28:00,1,1502,0,0
803,solo_etiqueta,2026-01-12 07:06:00,2026-01-12 07:06:00,1,1502,0,0
803,solo_etiqueta,2026-01-12 22:06:00,2026-01-12 22:06:00,1,1502,0,0
803,solo_etiqueta,2026-01-12 22:33:00,2026-01-12 22:33:00,1,1502,0,0
803,solo_etiqueta,2026-01-13 15:07:00,2026-01-13 15:07:00,1,1502,0,0
803,solo_etiqueta,2026-01-13 15:23:00,2026-01-13 15:23:00,1,1502,0,0
803,solo_etiqueta,2026-01-13 15:54:00,2026-01-13 15:54:00,1,1502,0,0
803,solo_etiqueta,2026-01-13 17:00:00,2026-01-13 17:00:00,1,1502,0,0
803,solo_etiqueta,2026-01-13 17:45:00,2026-01-13 17:45:00,1,1502,0,0
803,solo_etiqueta,2026-01-13 18:14:00,2026-01-13 18:14:00,1,1502,0,0
803,solo_etiqueta,2026-01-13 19:46:00,2026-01-13 19:46:00,1,1502,0,0
803,solo_etiqueta,2026-01-14 11:38:00,2026-01-14 11:38:00,1,2,0,0
803,solo_etiqueta,2026-01-14 16:17:00,2026-01-14 16:17:00,1,1502,0,0
803,solo_etiqueta,2026-01-15 08:54:00,2026-01-15 08:54:00,1,1502,0,0
803,solo_etiqueta,2026-01-15 09:19:00,2026-01-15 09:19:00,1,1502,0,0
803,solo_etiqueta,2026-01-15 09:33:00,2026-01-15 09:33:00,1,1502,0,0
803,solo_etiqueta,2026-01-15 09:49:00,2026-01-15 09:49:00,1,151,0,0
803,solo_etiqueta,2026-01-15 18:27:00,2026-01-15 18:27:00,1,1502,0,0
803,solo_etiqueta,2026-01-16 12:30:00,2026-01-16 12:30:00,1,1502,0,0
803,solo_etiqueta,2026-01-16 16:25:00,2026-01-16 16:25:00,1,1502,0,0
803,solo_etiqueta,2026-01-17 09:35:00,2026-01-17 09:35:00,1,1502,0,0
803,solo_etiqueta,2026-01-17 17:32:00,2026-01-17 17:32:00,1,1502,0,0
803,solo_etiqueta,2026-01-17 19:46:00,2026-01-17 19:46:00,1,1502,0,0
803,solo_etiqueta,2026-01-17 20:11:00,2026-01-17 20:11:00,1,1502,0,0
803,solo_etiqueta,2026-01-18 17:24:00,2026-01-18 17:24:00,1,1502,0,0
803,solo_etiqueta,2026-01-19 01:28:00,2026-01-19 01:28:00,1,1502,0,0
803,solo_etiqueta,2026-01-19 09:34:00,2026-01-19 09:34:00,1,1502,0,0
803,solo_etiqueta,2026-01-19 16:04:00,2026-01-19 16:04:00,1,1502,0,0
803,solo_etiqueta,2026-01-19 21:35:00,2026-01-19 21:35:00,1,1502,0,0
803,solo_etiqueta,2026-01-19 22:49:00,2026-01-19 22:49:00,1,1502,0,0
803,solo_etiqueta,2026-01-20 01:53:00,2026-01-20 01:53:00,1,1502,0,0
803,solo_etiqueta,2026-01-20 06:34:00,2026-01-20 06:34:00,1,1502,0,0
803,solo_etiqueta,2026-01-20 07:40:00,2026-01-20 07:40:00,1,1502,0,0
803,solo_etiqueta,2026-01-20 07:55:00,2026-01-20 07:55:00,1,1502,0,0
803,solo_etiqueta,2026-01-20 17:27:00,2026-01-20 17:27:00,1,1502,0,0
803,solo_etiqueta,2026-01-20 17:46:00,2026-01-20 17:46:00,1,1502,0,0
803,solo_etiqueta,2026-01-20 18:16:00,2026-01-20 18:16:00,1,1502,0,0
803,solo_etiqueta,2026-01-20 19:15:00,2026-01-20 19:15:00,1,1502,0,0
803,solo_etiqueta,2026-01-20 21:49:00,2026-01-20 21:49:00,1,1502,0,0
803,solo_etiqueta,2026-01-20 22:25:00,2026-01-20 22:25:00,1,1502,0,0
803,solo_etiqueta,2026-01-21 03:08:00,2026-01-21 03:08:00,1,1502,0,0
803,solo_etiqueta,2026-01-21 09:06:00,2026-01-21 09:06:00,1,1502,0,0
803,solo_etiqueta,2026-01-21 09:18:00,2026-01-21 09:18:00,1,1502,0,0
803,solo_etiqueta,2026-01-21 10:48:00,2026-01-21 10:48:00,1,1502,0,0
803,solo_etiqueta,2026-01-21 18:58:00,2026-01-21 18:58:00,1,1502,0,0
803,solo_etiqueta,2026-01-21 23:03:00,2026-01-21 23:03:00,1,1502,0,0
803,solo_etiqueta,2026-01-22 06:21:00,2026-01-22 06:21:00,1,1502,0,0
803,solo_etiqueta,2026-01-22 07:22:00,2026-01-22 07:22:00,1,1502,0,0
803,solo_etiqueta,2026-01-22 08:03:00,2026-01-22 08:03:00,1,1502,0,0
803,solo_etiqueta,2026-01-22 08:47:00,2026-01-22 08:47:00,1,1502,0,0
803,solo_etiqueta,2026-01-22 10:11:00,2026-01-22 10:11:00,1,1502,0,0
803,solo_etiqueta,2026-01-22 13:05:00,2026-01-22 13:05:00,1,1502,0,0
803,solo_etiqueta,2026-01-22 14:33:00,2026-01-22 14:33:00,1,1502,0,0
803,solo_etiqueta,2026-01-22 14:57:00,2026-01-22 14:57:00,1,1502,0,0
803,solo_etiqueta,2026-01-22 19:12:00,2026-01-22 19:12:00,1,1502,0,0
803,solo_etiqueta,2026-01-22 20:53:00,2026-01-22 20:53:00,1,1502,0,0
803,solo_etiqueta,2026-01-22 21:58:00,2026-01-22 21:58:00,1,1502,0,0
803,solo_etiqueta,2026-01-22 22:51:00,2026-01-22 22:51:00,1,1502,0,0
803,solo_etiqueta,2026-01-23 00:31:00,2026-01-23 00:31:00,1,1502,0,0
803,solo_etiqueta,2026-01-23 01:19:00,2026-01-23 01:19:00,1,1502,0,0
803,solo_etiqueta,2026-01-23 02:06:00,2026-01-23 02:06:00,1,1502,0,0
803,solo_etiqueta,2026-01-23 04:38:00,2026-01-23 04:38:00,1,1502,0,0
803,solo_etiqueta,2026-01-23 05:53:00,2026-01-23 05:53:00,1,1502,0,0
803,solo_etiqueta,2026-01-23 06:09:00,2026-01-23 06:09:00,1,1502,0,0
803,solo_etiqueta,2026-01-23 07:25:00,2026-01-23 07:25:00,1,1502,0,0
803,solo_etiqueta,2026-01-23 07:48:00,2026-01-23 07:48:00,1,1502,0,0
803,solo_etiqueta,2026-01-23 12:16:00,2026-01-23 12:16:00,1,1502,0,0
803,solo_etiqueta,2026-01-23 15:50:00,2026-01-23 15:50:00,1,1502,0,0
803,solo_etiqueta,2026-01-23 19:57:00,2026-01-23 19:57:00,1,1502,0,0
803,solo_etiqueta,2026-01-23 22:16:00,2026-01-23 22:16:00,1,1502,0,0
803,solo_etiqueta,2026-01-24 00:54:00,2026-01-24 00:54:00,1,1502,0,0
803,solo_etiqueta,2026-01-24 04:41:00,2026-01-24 04:41:00,1,1502,0,0
803,solo_etiqueta,2026-01-24 08:27:00,2026-01-24 08:27:00,1,1502,0,0
803,solo_etiqueta,2026-01-24 10:58:00,2026-01-24 10:58:00,1,1502,0,0
803,solo_etiqueta,2026-01-24 11:33:00,2026-01-24 11:33:00,1,1502,0,0
803,solo_etiqueta,2026-01-24 13:49:00,2026-01-24 13:49:00,1,1502,0,0
803,solo_etiqueta,2026-01-24 16:06:00,2026-01-24 16:06:00,1,1502,0,0
803,solo_etiqueta,2026-01-24 16:21:00,2026-01-24 16:21:00,1,1502,0,0
803,solo_etiqueta,2026-01-24 20:40:00,2026-01-24 20:40:00,1,1502,0,0
803,solo_etiqueta,2026-01-24 21:28:00,2026-01-24 21:28:00,1,1502,0,0
803,solo_etiqueta,2026-01-25 08:01:00,2026-01-25 08:01:00,1,1502,0,0
803,solo_etiqueta,2026-01-25 11:32:00,2026-01-25 11:32:00,1,151,0,0
803,solo_etiqueta,2026-01-25 12:31:00,2026-01-25 12:31:00,1,1502,0,0
803,solo_etiqueta,2026-01-25 14:25:00,2026-01-25 14:25:00,1,1502,0,0
803,solo_etiqueta,2026-01-25 15:38:00,2026-01-25 15:38:00,1,1502,0,0
803,solo_etiqueta,2026-01-25 15:56:00,2026-01-25 15:56:00,1,1502,0,0
803,solo_etiqueta,2026-01-25 19:49:00,2026-01-25 19:49:00,1,1502,0,0
803,solo_etiqueta,2026-01-25 23:02:00,2026-01-25 23:02:00,1,1502,0,0
803,solo_etiqueta,2026-01-26 11:16:00,2026-01-26 11:16:00,1,1502,0,0
803,solo_etiqueta,2026-01-26 18:59:00,2026-01-26 18:59:00,1,1502,0,0
803,solo_etiqueta,2026-01-27 10:40:00,2026-01-27 10:40:00,1,1502,0,0
803,solo_etiqueta,2026-01-27 10:57:00,2026-01-27 10:57:00,1,1502,0,0
803,solo_etiqueta,2026-01-27 12:19:00,2026-01-27 12:19:00,1,1502,0,0
803,solo_etiqueta,2026-01-27 17:46:00,2026-01-27 17:46:00,1,1502,0,0
803,solo_etiqueta,2026-01-27 18:18:00,2026-01-27 18:18:00,1,1502,0,0
803,solo_etiqueta,2026-01-28 00:11:00,2026-01-28 00:11:00,1,1502,0,0
803,solo_etiqueta,2026-01-28 06:32:00,2026-01-28 06:32:00,1,1502,0,0
803,solo_etiqueta,2026-01-28 07:59:00,2026-01-28 07:59:00,1,1502,0,0
803,solo_etiqueta,2026-01-28 21:51:00,2026-01-28 21:51:00,1,1502,0,0
803,solo_etiqueta,2026-01-28 22:23:00,2026-01-28 22:23:00,1,1502,0,0
803,solo_etiqueta,2026-01-28 23:21:00,2026-01-28 23:21:00,1,1502,0,0
803,solo_etiqueta,2026-01-29 01:43:00,2026-01-29 01:43:00,1,1502,0,0
803,solo_etiqueta,2026-01-29 09:53:00,2026-01-29 09:53:00,1,1502,0,0
803,solo_etiqueta,2026-01-29 10:15:00,2026-01-29 10:15:00,1,1502,0,0
803,solo_etiqueta,2026-01-29 19:47:00,2026-01-29 19:47:00,1,1502,0,0
803,solo_etiqueta,2026-01-29 22:07:00,2026-01-29 22:07:00,1,1502,0,0
803,solo_etiqueta,2026-01-29 22:44:00,2026-01-29 22:44:00,1,1502,0,0
803,solo_etiqueta,2026-01-29 23:04:00,2026-01-29 23:04:00,1,1502,0,0
803,solo_etiqueta,2026-01-30 01:12:00,2026-01-30 01:12:00,1,1502,0,0
803,solo_etiqueta,2026-01-30 06:58:00,2026-01-30 06:58:00,1,1502,0,0
803,solo_etiqueta,2026-01-30 07:59:00,2026-01-30 07:59:00,1,1502,0,0
803,solo_etiqueta,2026-01-30 09:49:00,2026-01-30 09:49:00,1,1502,0,0
803,solo_etiqueta,2026-01-30 14:35:00,2026-01-30 14:35:00,1,1502,0,0
803,solo_etiqueta,2026-01-30 14:53:00,2026-01-30 14:53:00,1,1502,0,0
803,solo_etiqueta,2026-01-30 15:23:00,2026-01-30 15:23:00,1,1502,0,0
803,solo_etiqueta,2026-01-30 18:52:00,2026-01-30 18:52:00,1,1502,0,0
803,solo_etiqueta,2026-01-30 22:23:00,2026-01-30 22:23:00,1,1502,0,0
803,solo_etiqueta,2026-01-31 01:40:00,2026-01-31 01:40:00,1,1502,0,0
803,solo_etiqueta,2026-01-31 01:56:00,2026-01-31 01:56:00,1,1502,0,0
803,solo_etiqueta,2026-01-31 04:05:00,2026-01-31 04:05:00,1,1502,0,0
803,solo_etiqueta,2026-01-31 07:46:00,2026-01-31 07:46:00,1,1502,0,0
803,solo_etiqueta,2026-01-31 09:00:00,2026-01-31 09:00:00,1,1502,0,0
803,solo_etiqueta,2026-01-31 09:47:00,2026-01-31 09:47:00,1,1502,0,0
803,solo_etiqueta,2026-01-31 14:59:00,2026-01-31 14:59:00,1,1502,0,0
803,solo_etiqueta,2026-01-31 16:08:00,2026-01-31 16:08:00,1,1502,0,0
803,solo_etiqueta,2026-01-31 17:16:00,2026-01-31 17:16:00,1,1502,0,0
803,solo_etiqueta,2026-01-31 20:33:00,2026-01-31 20:33:00,1,1502,0,0
803,solo_etiqueta,2026-01-31 21:06:00,2026-01-31 21:06:00,1,1502,0,0
803,solo_etiqueta,2026-01-31 23:03:00,2026-01-31 23:03:00,1,1502,0,0
803,solo_etiqueta,2026-01-31 23:48:00,2026-01-31 23:48:00,1,1502,0,0
803,solo_etiqueta,2026-02-01 10:41:00,2026-02-01 10:41:00,1,1502,0,0
803,solo_etiqueta,2026-02-01 19:22:00,2026-02-01 19:22:00,1,1502,0,0
803,solo_etiqueta,2026-02-02 07:49:00,2026-02-02 07:49:00,1,1502,0,0
803,solo_etiqueta,2026-02-02 10:42:00,2026-02-02 10:42:00,1,1502,0,0
803,solo_etiqueta,2026-02-02 11:03:00,2026-02-02 11:03:00,1,1502,0,0
803,solo_etiqueta,2026-02-02 11:16:00,2026-02-02 11:16:00,1,1502,0,0
803,solo_etiqueta,2026-02-02 11:39:00,2026-02-02 11:39:00,1,1502,0,0
803,solo_etiqueta,2026-02-02 13:16:00,2026-02-02 13:16:00,1,1502,0,0
803,solo_etiqueta,2026-02-03 07:20:00,2026-02-03 07:20:00,1,1502,0,0
803,solo_etiqueta,2026-02-03 09:35:00,2026-02-03 09:35:00,1,1502,0,0
803,solo_etiqueta,2026-02-03 13:31:00,2026-02-03 13:31:00,1,1502,0,0
803,solo_etiqueta,2026-02-03 13:48:00,2026-02-03 13:48:00,1,1502,0,0
803,solo_etiqueta,2026-02-04 09:50:00,2026-02-04 09:50:00,1,1502,0,0
803,solo_etiqueta,2026-02-04 13:46:00,2026-02-04 13:46:00,1,1502,0,0
803,solo_etiqueta,2026-02-04 14:12:00,2026-02-04 14:12:00,1,1502,0,0
803,solo_etiqueta,2026-02-04 15:40:00,2026-02-04 15:40:00,1,1502,0,0
803,solo_etiqueta,2026-02-04 18:24:00,2026-02-04 18:24:00,1,1502,0,0
803,solo_etiqueta,2026-02-05 08:03:00,2026-02-05 08:03:00,1,1502,0,0
803,solo_etiqueta,2026-02-05 09:33:00,2026-02-05 09:33:00,1,1502,0,0
803,solo_etiqueta,2026-02-05 09:52:00,2026-02-05 09:52:00,1,1502,0,0
803,solo_etiqueta,2026-02-05 10:10:00,2026-02-05 10:10:00,1,1502,0,0
803,solo_etiqueta,2026-02-05 13:09:00,2026-02-05 13:09:00,1,1502,0,0
803,solo_etiqueta,2026-02-05 13:21:00,2026-02-05 13:21:00,1,1502,0,0
803,solo_etiqueta,2026-02-05 19:53:00,2026-02-05 19:53:00,1,1502,0,0
803,solo_etiqueta,2026-02-05 20:28:00,2026-02-05 20:28:00,1,1502,0,0
803,solo_etiqueta,2026-02-06 12:42:00,2026-02-06 12:42:00,1,1502,0,0
803,solo_etiqueta,2026-02-06 18:58:00,2026-02-06 18:58:00,1,1502,0,0
803,solo_etiqueta,2026-02-06 20:45:00,2026-02-06 20:45:00,1,1502,0,0
803,solo_etiqueta,2026-02-06 21:04:00,2026-02-06 21:04:00,1,1502,0,0
803,solo_etiqueta,2026-02-06 21:25:00,2026-02-06 21:25:00,1,1502,0,0
803,solo_etiqueta,2026-02-07 01:19:00,2026-02-07 01:19:00,1,1502,0,0
803,solo_etiqueta,2026-02-07 01:32:00,2026-02-07 01:32:00,1,1502,0,0
803,solo_etiqueta,2026-02-07 03:37:00,2026-02-07 03:37:00,1,1502,0,0
803,solo_etiqueta,2026-02-07 04:38:00,2026-02-07 04:38:00,1,1502,0,0
803,solo_etiqueta,2026-02-07 05:05:00,2026-02-07 05:05:00,1,1502,0,0
803,solo_etiqueta,2026-02-07 06:29:00,2026-02-07 06:29:00,1,1502,0,0
803,solo_etiqueta,2026-02-07 09:08:00,2026-02-07 09:08:00,1,1502,0,0
803,solo_etiqueta,2026-02-07 09:52:00,2026-02-07 09:52:00,1,1502,0,0
803,solo_etiqueta,2026-02-07 11:00:00,2026-02-07 11:00:00,1,1502,0,0
803,solo_etiqueta,2026-02-07 12:21:00,2026-02-07 12:21:00,1,1502,0,0
803,solo_etiqueta,2026-02-07 13:00:00,2026-02-07 13:00:00,1,1502,0,0
803,solo_etiqueta,2026-02-07 13:47:00,2026-02-07 13:47:00,1,1502,0,0
803,solo_etiqueta,2026-02-07 17:09:00,2026-02-07 17:09:00,1,1502,0,0
803,solo_etiqueta,2026-02-07 18:26:00,2026-02-07 18:26:00,1,1502,0,0
803,solo_etiqueta,2026-02-07 18:56:00,2026-02-07 18:56:00,1,1502,0,0
803,solo_etiqueta,2026-02-07 19:44:00,2026-02-07 19:44:00,1,1502,0,0
803,solo_etiqueta,2026-02-08 02:25:00,2026-02-08 02:25:00,1,1502,0,0
803,solo_etiqueta,2026-02-08 04:04:00,2026-02-08 04:04:00,1,1502,0,0
803,solo_etiqueta,2026-02-08 05:02:00,2026-02-08 05:02:00,1,1502,0,0
803,solo_etiqueta,2026-02-08 07:06:00,2026-02-08 07:06:00,1,1502,0,0
803,solo_etiqueta,2026-02-08 07:33:00,2026-02-08 07:33:00,1,1502,0,0
803,solo_etiqueta,2026-02-08 08:58:00,2026-02-08 08:58:00,1,1502,0,0
803,solo_etiqueta,2026-02-08 15:04:00,2026-02-08 15:04:00,1,1502,0,0
803,solo_etiqueta,2026-02-08 15:39:00,2026-02-08 15:39:00,1,1502,0,0
803,solo_etiqueta,2026-02-08 16:16:00,2026-02-08 16:16:00,1,1502,0,0
803,solo_etiqueta,2026-02-08 16:31:00,2026-02-08 16:31:00,1,1502,0,0
803,solo_etiqueta,2026-02-08 17:59:00,2026-02-08 17:59:00,1,1502,0,0
803,solo_etiqueta,2026-02-08 20:02:00,2026-02-08 20:02:00,1,1502,0,0
803,solo_etiqueta,2026-02-08 21:48:00,2026-02-08 21:48:00,1,1502,0,0
803,solo_etiqueta,2026-02-08 22:40:00,2026-02-08 22:40:00,1,1502,0,0
803,solo_etiqueta,2026-02-09 02:29:00,2026-02-09 02:29:00,1,1502,0,0
803,solo_etiqueta,2026-02-09 07:51:00,2026-02-09 07:51:00,1,1502,0,0
803,solo_etiqueta,2026-02-09 11:16:00,2026-02-09 11:16:00,1,1502,0,0
803,solo_etiqueta,2026-02-09 13:12:00,2026-02-09 13:12:00,1,1502,0,0
803,solo_etiqueta,2026-02-09 19:38:00,2026-02-09 19:38:00,1,1502,0,0
803,solo_etiqueta,2026-02-09 21:46:00,2026-02-09 21:46:00,1,1502,0,0
803,solo_etiqueta,2026-02-09 23:01:00,2026-02-09 23:01:00,1,1502,0,0
803,solo_etiqueta,2026-02-09 23:18:00,2026-02-09 23:18:00,1,1502,0,0
803,solo_etiqueta,2026-02-10 02:07:00,2026-02-10 02:07:00,1,1502,0,0
803,solo_etiqueta,2026-02-10 04:21:00,2026-02-10 04:21:00,1,1502,0,0
803,solo_etiqueta,2026-02-10 06:14:00,2026-02-10 06:14:00,1,1502,0,0
803,solo_etiqueta,2026-02-10 06:44:00,2026-02-10 06:44:00,1,1502,0,0
803,solo_etiqueta,2026-02-10 07:18:00,2026-02-10 07:18:00,1,1502,0,0
803,solo_etiqueta,2026-02-10 22:49:00,2026-02-10 22:49:00,1,1502,0,0
803,solo_etiqueta,2026-02-10 23:07:00,2026-02-10 23:07:00,1,1502,0,0
803,solo_etiqueta,2026-02-11 00:35:00,2026-02-11 00:35:00,1,1502,0,0
803,solo_etiqueta,2026-02-11 04:01:00,2026-02-11 04:01:00,1,1502,0,0
803,solo_etiqueta,2026-02-11 04:32:00,2026-02-11 04:32:00,1,1502,0,0
803,solo_etiqueta,2026-02-11 11:13:00,2026-02-11 11:13:00,1,1502,0,0
803,solo_etiqueta,2026-02-12 02:59:00,2026-02-12 02:59:00,1,1502,0,0
803,solo_etiqueta,2026-02-12 11:35:00,2026-02-12 11:35:00,1,1502,0,0
803,solo_etiqueta,2026-02-12 11:51:00,2026-02-12 11:51:00,1,1502,0,0
803,solo_etiqueta,2026-02-12 12:41:00,2026-02-12 12:41:00,1,1502,0,0
803,solo_etiqueta,2026-02-12 13:04:00,2026-02-12 13:04:00,1,1502,0,0
803,solo_etiqueta,2026-02-12 13:38:00,2026-02-12 13:38:00,1,1502,0,0
803,solo_etiqueta,2026-02-12 15:25:00,2026-02-12 15:25:00,1,1502,0,0
803,solo_etiqueta,2026-02-12 16:47:00,2026-02-12 16:47:00,1,1502,0,0
803,solo_etiqueta,2026-02-12 17:34:00,2026-02-12 17:34:00,1,1502,0,0
803,solo_etiqueta,2026-02-13 03:36:00,2026-02-13 03:36:00,1,1502,0,0
803,solo_etiqueta,2026-02-13 07:34:00,2026-02-13 07:34:00,1,1502,0,0
803,solo_etiqueta,2026-02-13 10:30:00,2026-02-13 10:30:00,1,1502,0,0
803,solo_etiqueta,2026-02-13 20:38:00,2026-02-13 20:38:00,1,1502,0,0
803,solo_etiqueta,2026-02-13 21:44:00,2026-02-13 21:44:00,1,2,0,0
803,solo_etiqueta,2026-02-14 04:27:00,2026-02-14 04:27:00,1,1502,0,0
803,solo_etiqueta,2026-02-14 04:56:00,2026-02-14 04:56:00,1,1502,0,0
803,solo_etiqueta,2026-02-14 05:56:00,2026-02-14 05:56:00,1,1502,0,0
803,solo_etiqueta,2026-02-14 10:46:00,2026-02-14 10:46:00,1,1502,0,0
803,solo_etiqueta,2026-02-14 13:30:00,2026-02-14 13:30:00,1,1502,0,0
803,solo_etiqueta,2026-02-15 01:48:00,2026-02-15 01:48:00,1,1502,0,0
803,solo_etiqueta,2026-02-15 03:32:00,2026-02-15 03:32:00,1,1502,0,0
803,solo_etiqueta,2026-02-15 06:49:00,2026-02-15 06:49:00,1,1502,0,0
803,solo_etiqueta,2026-02-15 07:04:00,2026-02-15 07:04:00,1,1502,0,0
803,solo_etiqueta,2026-02-15 11:03:00,2026-02-15 11:03:00,1,1502,0,0
803,solo_etiqueta,2026-02-16 00:04:00,2026-02-16 00:04:00,1,1502,0,0
803,solo_etiqueta,2026-02-16 01:46:00,2026-02-16 01:46:00,1,1502,0,0
803,solo_etiqueta,2026-02-16 05:26:00,2026-02-16 05:26:00,1,1502,0,0
803,solo_etiqueta,2026-02-16 06:14:00,2026-02-16 06:14:00,1,1502,0,0
803,solo_etiqueta,2026-02-16 08:16:00,2026-02-16 08:16:00,1,1502,0,0
803,solo_etiqueta,2026-02-16 08:41:00,2026-02-16 08:41:00,1,1502,0,0
803,solo_etiqueta,2026-02-16 11:57:00,2026-02-16 11:57:00,1,2,0,0
803,solo_etiqueta,2026-02-16 19:29:00,2026-02-16 19:29:00,1,1502,0,0
803,solo_etiqueta,2026-02-16 19:43:00,2026-02-16 19:43:00,1,1502,0,0
803,solo_etiqueta,2026-02-17 01:14:00,2026-02-17 01:14:00,1,1502,0,0
803,solo_etiqueta,2026-02-17 03:07:00,2026-02-17 03:07:00,1,1502,0,0
803,solo_etiqueta,2026-02-17 03:27:00,2026-02-17 03:27:00,1,1502,0,0
803,solo_etiqueta,2026-02-17 03:52:00,2026-02-17 03:52:00,1,1502,0,0
803,solo_etiqueta,2026-02-17 04:14:00,2026-02-17 04:14:00,1,1502,0,0
803,solo_etiqueta,2026-02-17 05:34:00,2026-02-17 05:34:00,1,1502,0,0
803,solo_etiqueta,2026-02-17 14:03:00,2026-02-17 14:03:00,1,1502,0,0
803,solo_etiqueta,2026-02-17 15:41:00,2026-02-17 15:41:00,1,1502,0,0
803,solo_etiqueta,2026-02-17 16:37:00,2026-02-17 16:37:00,1,1502,0,0
803,solo_etiqueta,2026-02-17 17:34:00,2026-02-17 17:34:00,1,1502,0,0
803,solo_etiqueta,2026-02-17 20:04:00,2026-02-17 20:04:00,1,1502,0,0
803,solo_etiqueta,2026-02-17 22:49:00,2026-02-17 22:49:00,1,1502,0,0
803,solo_etiqueta,2026-02-18 01:29:00,2026-02-18 01:29:00,1,1502,0,0
803,solo_etiqueta,2026-02-18 13:55:00,2026-02-18 13:55:00,1,1502,0,0
803,solo_etiqueta,2026-02-18 16:10:00,2026-02-18 16:10:00,1,1502,0,0
803,solo_etiqueta,2026-02-18 21:50:00,2026-02-18 21:50:00,1,1502,0,0
803,solo_etiqueta,2026-02-19 00:20:00,2026-02-19 00:20:00,1,1502,0,0
803,solo_etiqueta,2026-02-19 00:35:00,2026-02-19 00:35:00,1,1502,0,0
803,solo_etiqueta,2026-02-19 07:05:00,2026-02-19 07:05:00,1,1502,0,0
803,solo_etiqueta,2026-02-19 07:48:00,2026-02-19 07:48:00,1,1502,0,0
803,solo_etiqueta,2026-02-19 08:31:00,2026-02-19 08:31:00,1,2,0,0
803,solo_etiqueta,2026-02-19 13:21:00,2026-02-19 13:21:00,1,1502,0,0
803,solo_etiqueta,2026-02-19 16:06:00,2026-02-19 16:06:00,1,1502,0,0
803,solo_etiqueta,2026-02-19 16:54:00,2026-02-19 16:54:00,1,1502,0,0
803,solo_etiqueta,2026-02-19 17:07:00,2026-02-19 17:07:00,1,1502,0,0
803,solo_etiqueta,2026-02-19 20:10:00,2026-02-19 20:10:00,1,1502,0,0
803,solo_etiqueta,2026-02-19 21:03:00,2026-02-19 21:03:00,1,1502,0,0
803,solo_etiqueta,2026-02-19 22:04:00,2026-02-19 22:04:00,1,1502,0,0
803,solo_etiqueta,2026-02-19 23:00:00,2026-02-19 23:00:00,1,1502,0,0
803,solo_etiqueta,2026-02-20 01:26:00,2026-02-20 01:26:00,1,1502,0,0
803,solo_etiqueta,2026-02-20 02:13:00,2026-02-20 02:13:00,1,1502,0,0
803,solo_etiqueta,2026-02-20 03:23:00,2026-02-20 03:23:00,1,1502,0,0
803,solo_etiqueta,2026-02-20 07:17:00,2026-02-20 07:17:00,1,1502,0,0
803,solo_etiqueta,2026-02-20 10:15:00,2026-02-20 10:15:00,1,1502,0,0
803,solo_etiqueta,2026-02-20 10:55:00,2026-02-20 10:55:00,1,1502,0,0
803,solo_etiqueta,2026-02-20 12:11:00,2026-02-20 12:11:00,1,1502,0,0
803,solo_etiqueta,2026-02-20 12:28:00,2026-02-20 12:28:00,1,1502,0,0
803,solo_etiqueta,2026-02-20 13:02:00,2026-02-20 13:02:00,1,1502,0,0
803,solo_etiqueta,2026-02-20 13:27:00,2026-02-20 13:27:00,1,1502,0,0
803,solo_etiqueta,2026-02-20 13:44:00,2026-02-20 13:44:00,1,1502,0,0
803,solo_etiqueta,2026-02-20 17:28:00,2026-02-20 17:28:00,1,151,0,0
803,solo_etiqueta,2026-02-20 19:02:00,2026-02-20 19:02:00,1,1502,0,0
803,solo_etiqueta,2026-02-21 03:59:00,2026-02-21 03:59:00,1,1502,0,0
803,solo_etiqueta,2026-02-21 04:20:00,2026-02-21 04:20:00,1,1502,0,0
803,solo_etiqueta,2026-02-21 05:30:00,2026-02-21 05:30:00,1,1502,0,0
803,solo_etiqueta,2026-02-21 07:36:00,2026-02-21 07:36:00,1,1502,0,0
803,solo_etiqueta,2026-02-21 14:35:00,2026-02-21 14:35:00,1,1502,0,0
803,solo_etiqueta,2026-02-21 17:31:00,2026-02-21 17:31:00,1,1502,0,0
803,solo_etiqueta,2026-02-22 00:20:00,2026-02-22 00:20:00,1,1502,0,0
803,solo_etiqueta,2026-02-22 00:58:00,2026-02-22 00:58:00,1,1502,0,0
803,solo_etiqueta,2026-02-22 01:45:00,2026-02-22 01:45:00,1,1502,0,0
803,solo_etiqueta,2026-02-22 02:57:00,2026-02-22 02:57:00,1,1502,0,0
803,solo_etiqueta,2026-02-22 03:17:00,2026-02-22 03:17:00,1,1502,0,0
803,solo_etiqueta,2026-02-22 05:33:00,2026-02-22 05:33:00,1,1502,0,0
803,solo_etiqueta,2026-02-22 09:22:00,2026-02-22 09:22:00,1,1502,0,0
803,solo_etiqueta,2026-02-22 10:03:00,2026-02-22 10:03:00,1,1502,0,0
803,solo_etiqueta,2026-02-22 11:23:00,2026-02-22 11:23:00,1,1502,0,0
803,solo_etiqueta,2026-02-22 12:32:00,2026-02-22 12:32:00,1,1502,0,0
803,solo_etiqueta,2026-02-23 04:20:00,2026-02-23 04:20:00,1,1502,0,0
803,solo_etiqueta,2026-02-23 08:31:00,2026-02-23 08:31:00,1,1502,0,0
803,solo_etiqueta,2026-02-23 11:14:00,2026-02-23 11:14:00,1,1502,0,0
803,solo_etiqueta,2026-02-23 12:34:00,2026-02-23 12:34:00,1,1502,0,0
803,solo_etiqueta,2026-02-23 22:53:00,2026-02-23 22:53:00,1,1502,0,0
803,solo_etiqueta,2026-02-24 05:29:00,2026-02-24 05:29:00,1,1502,0,0
803,solo_etiqueta,2026-02-24 07:13:00,2026-02-24 07:13:00,1,1502,0,0
803,solo_etiqueta,2026-02-24 11:19:00,2026-02-24 11:19:00,1,1502,0,0
803,solo_etiqueta,2026-02-24 12:13:00,2026-02-24 12:13:00,1,1502,0,0
803,solo_etiqueta,2026-02-24 13:03:00,2026-02-24 13:03:00,1,1502,0,0
803,solo_etiqueta,2026-02-24 13:28:00,2026-02-24 13:28:00,1,1502,0,0
803,solo_etiqueta,2026-02-24 14:36:00,2026-02-24 14:36:00,1,1502,0,0
803,solo_etiqueta,2026-02-24 16:49:00,2026-02-24 16:49:00,1,1502,0,0
803,solo_etiqueta,2026-02-26 12:12:00,2026-02-26 12:12:00,1,1502,0,0
803,solo_etiqueta,2026-02-26 20:53:00,2026-02-26 20:53:00,1,1502,0,0
803,solo_etiqueta,2026-02-27 04:56:00,2026-02-27 04:56:00,1,1502,0,0
803,solo_etiqueta,2026-02-27 06:54:00,2026-02-27 06:54:00,1,1502,0,0
803,solo_etiqueta,2026-02-27 08:32:00,2026-02-27 08:32:00,1,1502,0,0
803,solo_etiqueta,2026-02-27 14:10:00,2026-02-27 14:10:00,1,1502,0,0
803,solo_etiqueta,2026-02-27 16:23:00,2026-02-27 16:23:00,1,1502,0,0
803,solo_etiqueta,2026-02-27 17:34:00,2026-02-27 17:34:00,1,1502,0,0
803,solo_etiqueta,2026-02-27 18:04:00,2026-02-27 18:04:00,1,1502,0,0
803,solo_etiqueta,2026-02-27 20:00:00,2026-02-27 20:00:00,1,1502,0,0
803,solo_etiqueta,2026-02-28 07:25:00,2026-02-28 07:25:00,1,1502,0,0
803,solo_etiqueta,2026-02-28 08:48:00,2026-02-28 08:48:00,1,1502,0,0
803,solo_etiqueta,2026-02-28 11:05:00,2026-02-28 11:05:00,1,1502,0,0
803,solo_etiqueta,2026-02-28 11:51:00,2026-02-28 11:51:00,1,1502,0,0
803,solo_etiqueta,2026-02-28 13:33:00,2026-02-28 13:33:00,1,1502,0,0
803,solo_etiqueta,2026-02-28 16:32:00,2026-02-28 16:32:00,1,1502,0,0
803,solo_etiqueta,2026-03-01 00:22:00,2026-03-01 00:22:00,1,1502,0,0
803,solo_etiqueta,2026-03-01 01:57:00,2026-03-01 01:57:00,1,1502,0,0
803,solo_etiqueta,2026-03-01 12:10:00,2026-03-01 12:10:00,1,1502,0,0
803,solo_etiqueta,2026-03-01 12:50:00,2026-03-01 12:50:00,1,1502,0,0
803,solo_etiqueta,2026-03-01 13:02:00,2026-03-01 13:02:00,1,1502,0,0
803,solo_etiqueta,2026-03-01 20:00:00,2026-03-01 20:00:00,1,1502,0,0
803,solo_etiqueta,2026-03-01 20:55:00,2026-03-01 20:55:00,1,1502,0,0
803,solo_etiqueta,2026-03-01 23:49:00,2026-03-01 23:49:00,1,1502,0,0
803,solo_etiqueta,2026-03-02 01:43:00,2026-03-02 01:43:00,1,1502,0,0
803,solo_etiqueta,2026-03-02 08:56:00,2026-03-02 08:56:00,1,1502,0,0
803,solo_etiqueta,2026-03-02 11:58:00,2026-03-02 11:58:00,1,2,0,0
803,solo_etiqueta,2026-03-02 12:21:00,2026-03-02 12:21:00,1,1502,0,0
803,solo_etiqueta,2026-03-02 13:08:00,2026-03-02 13:08:00,1,1502,0,0
803,solo_etiqueta,2026-03-02 16:33:00,2026-03-02 16:33:00,1,1502,0,0
803,solo_etiqueta,2026-03-02 21:51:00,2026-03-02 21:51:00,1,1502,0,0
803,solo_etiqueta,2026-03-03 05:06:00,2026-03-03 05:06:00,1,1502,0,0
803,solo_etiqueta,2026-03-03 10:00:00,2026-03-03 10:00:00,1,1502,0,0
803,solo_etiqueta,2026-03-03 10:20:00,2026-03-03 10:20:00,1,1502,0,0
803,solo_etiqueta,2026-03-03 13:33:00,2026-03-03 13:33:00,1,1502,0,0
803,solo_etiqueta,2026-03-03 17:01:00,2026-03-03 17:01:00,1,1502,0,0
803,solo_etiqueta,2026-03-04 07:50:00,2026-03-04 07:50:00,1,1502,0,0
803,solo_etiqueta,2026-03-04 08:04:00,2026-03-04 08:04:00,1,1502,0,0
803,solo_etiqueta,2026-03-04 10:04:00,2026-03-04 10:04:00,1,1502,0,0
803,solo_etiqueta,2026-03-05 07:32:00,2026-03-05 07:32:00,1,1502,0,0
803,solo_etiqueta,2026-03-05 11:52:00,2026-03-05 11:52:00,1,1502,0,0
803,solo_etiqueta,2026-03-05 12:06:00,2026-03-05 12:06:00,1,1502,0,0
803,solo_etiqueta,2026-03-05 19:16:00,2026-03-05 19:16:00,1,1502,0,0
803,solo_etiqueta,2026-03-06 11:52:00,2026-03-06 11:52:00,1,1502,0,0
803,solo_etiqueta,2026-03-06 13:59:00,2026-03-06 13:59:00,1,1502,0,0
803,solo_etiqueta,2026-03-06 14:55:00,2026-03-06 14:55:00,1,1502,0,0
803,solo_etiqueta,2026-03-06 20:08:00,2026-03-06 20:08:00,1,1502,0,0
803,solo_etiqueta,2026-03-06 21:19:00,2026-03-06 21:19:00,1,1502,0,0
803,solo_etiqueta,2026-03-07 11:16:00,2026-03-07 11:16:00,1,1502,0,0
803,solo_etiqueta,2026-03-07 11:56:00,2026-03-07 11:56:00,1,1502,0,0
803,solo_etiqueta,2026-03-07 14:55:00,2026-03-07 14:55:00,1,1502,0,0
803,solo_etiqueta,2026-03-07 21:16:00,2026-03-07 21:16:00,1,1502,0,0
803,solo_etiqueta,2026-03-07 22:54:00,2026-03-07 22:54:00,1,1502,0,0
803,solo_etiqueta,2026-03-08 00:07:00,2026-03-08 00:07:00,1,1502,0,0
803,solo_etiqueta,2026-03-08 15:20:00,2026-03-08 15:20:00,1,1502,0,0
803,solo_etiqueta,2026-03-08 16:18:00,2026-03-08 16:18:00,1,1502,0,0
803,solo_etiqueta,2026-03-08 19:51:00,2026-03-08 19:51:00,1,1502,0,0
803,solo_etiqueta,2026-03-08 22:03:00,2026-03-08 22:03:00,1,1502,0,0
803,solo_etiqueta,2026-03-08 22:23:00,2026-03-08 22:23:00,1,1502,0,0
803,solo_etiqueta,2026-03-09 04:40:00,2026-03-09 04:40:00,1,1502,0,0
803,solo_etiqueta,2026-03-09 06:53:00,2026-03-09 06:53:00,1,1502,0,0
803,solo_etiqueta,2026-03-09 09:26:00,2026-03-09 09:26:00,1,1502,0,0
803,solo_etiqueta,2026-03-09 11:59:00,2026-03-09 11:59:00,1,1502,0,0
803,solo_etiqueta,2026-03-09 12:14:00,2026-03-09 12:14:00,1,1502,0,0
803,solo_etiqueta,2026-03-09 12:50:00,2026-03-09 12:50:00,1,1502,0,0
803,solo_etiqueta,2026-03-10 04:15:00,2026-03-10 04:15:00,1,1502,0,0
803,solo_etiqueta,2026-03-10 10:34:00,2026-03-10 10:34:00,1,1502,0,0
803,solo_etiqueta,2026-03-11 06:06:00,2026-03-11 06:06:00,1,1502,0,0
803,solo_etiqueta,2026-03-11 06:34:00,2026-03-11 06:34:00,1,1502,0,0
803,solo_etiqueta,2026-03-11 14:24:00,2026-03-11 14:24:00,1,1502,0,0
803,solo_etiqueta,2026-03-11 17:33:00,2026-03-11 17:33:00,1,1502,0,0
803,solo_etiqueta,2026-03-11 18:32:00,2026-03-11 18:32:00,1,1502,0,0
803,solo_etiqueta,2026-03-11 18:53:00,2026-03-11 18:53:00,1,1502,0,0
803,solo_etiqueta,2026-03-12 11:40:00,2026-03-12 11:40:00,1,1502,0,0
803,solo_etiqueta,2026-03-12 13:23:00,2026-03-12 13:23:00,1,1502,0,0
803,solo_etiqueta,2026-03-12 15:01:00,2026-03-12 15:01:00,1,1502,0,0
803,solo_etiqueta,2026-03-12 16:37:00,2026-03-12 16:37:00,1,1502,0,0
803,solo_etiqueta,2026-03-13 20:54:00,2026-03-13 20:54:00,1,1502,0,0
803,solo_etiqueta,2026-03-13 21:19:00,2026-03-13 21:19:00,1,1502,0,0
803,solo_etiqueta,2026-03-14 12:00:00,2026-03-14 12:00:00,1,1502,0,0
803,solo_etiqueta,2026-03-14 13:22:00,2026-03-14 13:22:00,1,1502,0,0
803,solo_etiqueta,2026-03-14 13:39:00,2026-03-14 13:39:00,1,1502,0,0
803,solo_etiqueta,2026-03-14 20:08:00,2026-03-14 20:08:00,1,151,0,0
803,solo_etiqueta,2026-03-15 07:33:00,2026-03-15 07:33:00,1,151,0,0
803,solo_etiqueta,2026-03-15 15:58:00,2026-03-15 15:58:00,1,1502,0,0
803,solo_etiqueta,2026-03-15 19:14:00,2026-03-15 19:14:00,1,1502,0,0
803,solo_etiqueta,2026-03-15 22:40:00,2026-03-15 22:40:00,1,1502,0,0
803,solo_etiqueta,2026-03-15 22:56:00,2026-03-15 22:56:00,1,1502,0,0
803,solo_etiqueta,2026-03-15 23:36:00,2026-03-15 23:36:00,1,1502,0,0
803,solo_etiqueta,2026-03-16 07:04:00,2026-03-16 07:04:00,1,151,0,0
803,solo_etiqueta,2026-03-16 11:05:00,2026-03-16 11:05:00,1,151,0,0
803,solo_etiqueta,2026-03-18 13:31:00,2026-03-18 13:31:00,1,1502,0,0
803,solo_etiqueta,2026-03-18 14:07:00,2026-03-18 14:07:00,1,1502,0,0
803,solo_etiqueta,2026-03-18 15:26:00,2026-03-18 15:26:00,1,1502,0,0
803,solo_etiqueta,2026-03-19 03:08:00,2026-03-19 03:08:00,1,1502,0,0
803,solo_etiqueta,2026-03-19 06:00:00,2026-03-19 06:00:00,1,1502,0,0
803,solo_etiqueta,2026-03-19 10:39:00,2026-03-19 10:39:00,1,1502,0,0
803,solo_etiqueta,2026-03-19 12:35:00,2026-03-19 12:35:00,1,1502,0,0
803,solo_etiqueta,2026-03-19 13:38:00,2026-03-19 13:38:00,1,1502,0,0
803,solo_etiqueta,2026-03-19 19:20:00,2026-03-19 19:20:00,1,151,0,0
803,solo_etiqueta,2026-03-19 23:20:00,2026-03-19 23:20:00,1,1502,0,0
803,solo_etiqueta,2026-03-20 10:57:00,2026-03-20 10:57:00,1,1502,0,0
803,solo_etiqueta,2026-03-20 11:29:00,2026-03-20 11:29:00,1,1502,0,0
803,solo_etiqueta,2026-03-20 13:14:00,2026-03-20 13:14:00,1,1502,0,0
803,solo_etiqueta,2026-03-21 09:06:00,2026-03-21 09:06:00,1,1502,0,0
803,solo_etiqueta,2026-03-21 11:34:00,2026-03-21 11:34:00,1,1502,0,0
803,solo_etiqueta,2026-03-21 13:55:00,2026-03-21 13:55:00,1,1502,0,0
803,solo_etiqueta,2026-03-21 14:14:00,2026-03-21 14:14:00,1,1502,0,0
803,solo_etiqueta,2026-03-21 14:38:00,2026-03-21 14:38:00,1,1502,0,0
803,solo_etiqueta,2026-03-22 04:27:00,2026-03-22 04:27:00,1,1502,0,0
803,solo_etiqueta,2026-03-22 14:12:00,2026-03-22 14:12:00,1,1502,0,0
803,solo_etiqueta,2026-03-22 15:02:00,2026-03-22 15:02:00,1,1502,0,0
803,solo_etiqueta,2026-03-23 12:08:00,2026-03-23 12:08:00,1,1502,0,0
803,solo_etiqueta,2026-03-23 20:06:00,2026-03-23 20:06:00,1,1502,0,0
803,solo_etiqueta,2026-03-23 22:26:00,2026-03-23 22:26:00,1,1502,0,0
803,solo_etiqueta,2026-03-24 04:49:00,2026-03-24 04:49:00,1,1502,0,0
803,solo_etiqueta,2026-03-25 10:41:00,2026-03-25 10:41:00,1,1502,0,0
803,solo_etiqueta,2026-03-25 12:42:00,2026-03-25 12:42:00,1,1502,0,0
803,solo_etiqueta,2026-03-26 01:27:00,2026-03-26 01:27:00,1,1502,0,0
803,solo_etiqueta,2026-03-26 05:22:00,2026-03-26 05:22:00,1,1502,0,0
803,solo_etiqueta,2026-03-26 12:00:00,2026-03-26 12:00:00,1,1502,0,0
803,solo_etiqueta,2026-03-26 15:18:00,2026-03-26 15:18:00,1,1502,0,0
803,solo_etiqueta,2026-03-27 06:19:00,2026-03-27 06:19:00,1,1502,0,0
803,solo_etiqueta,2026-03-27 15:33:00,2026-03-27 15:33:00,1,1502,0,0
803,solo_etiqueta,2026-03-28 07:29:00,2026-03-28 07:29:00,1,1502,0,0
803,solo_etiqueta,2026-03-29 10:42:00,2026-03-29 10:42:00,1,1502,0,0
803,solo_etiqueta,2026-03-29 10:54:00,2026-03-29 10:54:00,1,1502,0,0
803,solo_etiqueta,2026-03-29 11:06:00,2026-03-29 11:06:00,1,1502,0,0
803,solo_etiqueta,2026-03-30 12:53:00,2026-03-30 12:53:00,1,1502,0,0
803,solo_etiqueta,2026-03-30 14:39:00,2026-03-30 14:39:00,1,1502,0,0
803,solo_etiqueta,2026-03-30 20:26:00,2026-03-30 20:26:00,1,1502,0,0
803,solo_etiqueta,2026-03-31 10:05:00,2026-03-31 10:05:00,1,1502,0,0
803,solo_etiqueta,2026-03-31 15:32:00,2026-03-31 15:32:00,1,1502,0,0
803,solo_etiqueta,2026-03-31 17:45:00,2026-03-31 17:45:00,1,1502,0,0
803,solo_etiqueta,2026-03-31 19:31:00,2026-03-31 19:31:00,1,1502,0,0
803,solo_etiqueta,2026-03-31 20:47:00,2026-03-31 20:47:00,1,1502,0,0
803,solo_etiqueta,2026-04-01 17:37:00,2026-04-01 17:37:00,1,1502,0,0
803,solo_etiqueta,2026-04-01 17:52:00,2026-04-01 17:52:00,1,1502,0,0
803,solo_etiqueta,2026-04-01 23:57:00,2026-04-01 23:57:00,1,1502,0,0
803,solo_etiqueta,2026-04-02 03:09:00,2026-04-02 03:09:00,1,1502,0,0
803,solo_etiqueta,2026-04-02 11:31:00,2026-04-02 11:31:00,1,151,0,0
803,solo_etiqueta,2026-04-02 12:45:00,2026-04-02 12:45:00,1,151,0,0
803,solo_etiqueta,2026-04-03 09:22:00,2026-04-03 09:22:00,1,1502,0,0
803,solo_etiqueta,2026-04-03 10:00:00,2026-04-03 10:00:00,1,1502,0,0
803,solo_etiqueta,2026-04-03 11:48:00,2026-04-03 11:48:00,1,1502,0,0
803,solo_etiqueta,2026-04-03 13:24:00,2026-04-03 13:24:00,1,1502,0,0
803,solo_etiqueta,2026-04-03 16:53:00,2026-04-03 16:53:00,1,1502,0,0
803,solo_etiqueta,2026-04-03 18:04:00,2026-04-03 18:04:00,1,1502,0,0
803,solo_etiqueta,2026-04-03 20:00:00,2026-04-03 20:00:00,1,1502,0,0
803,solo_etiqueta,2026-04-03 23:08:00,2026-04-03 23:08:00,1,1502,0,0
803,solo_etiqueta,2026-04-03 23:43:00,2026-04-03 23:43:00,1,1502,0,0
803,solo_etiqueta,2026-04-04 14:45:00,2026-04-04 14:45:00,1,1502,0,0
803,solo_etiqueta,2026-04-04 15:10:00,2026-04-04 15:10:00,1,1502,0,0
803,solo_etiqueta,2026-04-05 07:22:00,2026-04-05 07:22:00,1,1502,0,0
803,solo_etiqueta,2026-04-05 08:09:00,2026-04-05 08:09:00,1,1502,0,0
803,solo_etiqueta,2026-04-05 09:01:00,2026-04-05 09:01:00,1,1502,0,0
803,solo_etiqueta,2026-04-05 09:53:00,2026-04-05 09:53:00,1,1502,0,0
803,solo_etiqueta,2026-04-05 17:21:00,2026-04-05 17:21:00,1,1502,0,0
803,solo_etiqueta,2026-04-06 06:22:00,2026-04-06 06:22:00,1,1502,0,0
803,solo_etiqueta,2026-04-06 09:27:00,2026-04-06 09:27:00,1,1502,0,0
803,solo_etiqueta,2026-04-06 10:57:00,2026-04-06 10:57:00,1,1502,0,0
803,solo_etiqueta,2026-04-06 12:00:00,2026-04-06 12:00:00,1,1502,0,0
803,solo_etiqueta,2026-04-06 12:17:00,2026-04-06 12:17:00,1,1502,0,0
803,solo_etiqueta,2026-04-06 20:13:00,2026-04-06 20:13:00,1,1502,0,0
803,solo_etiqueta,2026-04-07 00:55:00,2026-04-07 00:55:00,1,1502,0,0
803,solo_etiqueta,2026-04-07 05:25:00,2026-04-07 05:25:00,1,1502,0,0
803,solo_etiqueta,2026-04-07 07:16:00,2026-04-07 07:16:00,1,1502,0,0
803,solo_etiqueta,2026-04-07 13:38:00,2026-04-07 13:38:00,1,1502,0,0
803,solo_etiqueta,2026-04-07 17:48:00,2026-04-07 17:48:00,1,1502,0,0
803,solo_etiqueta,2026-04-07 20:17:00,2026-04-07 20:17:00,1,1502,0,0
803,solo_etiqueta,2026-04-07 21:21:00,2026-04-07 21:21:00,1,1502,0,0
803,solo_etiqueta,2026-04-07 23:01:00,2026-04-07 23:01:00,1,1502,0,0
803,solo_etiqueta,2026-04-07 23:16:00,2026-04-07 23:16:00,1,1502,0,0
803,solo_etiqueta,2026-04-08 01:02:00,2026-04-08 01:02:00,1,1502,0,0
803,solo_etiqueta,2026-04-08 11:02:00,2026-04-08 11:02:00,1,1502,0,0
803,solo_etiqueta,2026-04-08 12:33:00,2026-04-08 12:33:00,1,1502,0,0
803,solo_etiqueta,2026-04-09 05:12:00,2026-04-09 05:12:00,1,1502,0,0
803,solo_etiqueta,2026-04-09 05:52:00,2026-04-09 05:52:00,1,1502,0,0
803,solo_etiqueta,2026-04-09 07:06:00,2026-04-09 07:06:00,1,1502,0,0
803,solo_etiqueta,2026-04-09 10:25:00,2026-04-09 10:25:00,1,1502,0,0
803,solo_etiqueta,2026-04-09 10:41:00,2026-04-09 10:41:00,1,1502,0,0
803,solo_etiqueta,2026-04-09 13:44:00,2026-04-09 13:44:00,1,1502,0,0
803,solo_etiqueta,2026-04-09 14:05:00,2026-04-09 14:05:00,1,1502,0,0
803,solo_etiqueta,2026-04-09 16:00:00,2026-04-09 16:00:00,1,1502,0,0
803,solo_etiqueta,2026-04-09 16:46:00,2026-04-09 16:46:00,1,1502,0,0
803,solo_etiqueta,2026-04-09 17:22:00,2026-04-09 17:22:00,1,1502,0,0
803,solo_etiqueta,2026-04-09 17:44:00,2026-04-09 17:44:00,1,1502,0,0
803,solo_etiqueta,2026-04-10 00:59:00,2026-04-10 00:59:00,1,1502,0,0
803,solo_etiqueta,2026-04-10 04:12:00,2026-04-10 04:12:00,1,1502,0,0
803,solo_etiqueta,2026-04-10 05:03:00,2026-04-10 05:03:00,1,1502,0,0
803,solo_etiqueta,2026-04-10 08:12:00,2026-04-10 08:12:00,1,1502,0,0
803,solo_etiqueta,2026-04-10 17:13:00,2026-04-10 17:13:00,1,1502,0,0
803,solo_etiqueta,2026-04-11 15:57:00,2026-04-11 15:57:00,1,1502,0,0
803,solo_etiqueta,2026-04-12 00:04:00,2026-04-12 00:04:00,1,1502,0,0
803,solo_etiqueta,2026-04-12 16:00:00,2026-04-12 16:00:00,1,1502,0,0
803,solo_etiqueta,2026-04-12 16:20:00,2026-04-12 16:20:00,1,1502,0,0
803,solo_etiqueta,2026-04-12 19:44:00,2026-04-12 19:44:00,1,1502,0,0
803,solo_etiqueta,2026-04-12 21:09:00,2026-04-12 21:09:00,1,1502,0,0
803,solo_etiqueta,2026-04-12 21:38:00,2026-04-12 21:38:00,1,1502,0,0
803,solo_etiqueta,2026-04-13 03:41:00,2026-04-13 03:41:00,1,1502,0,0
803,solo_etiqueta,2026-04-13 04:58:00,2026-04-13 04:58:00,1,1502,0,0
803,solo_etiqueta,2026-04-13 17:08:00,2026-04-13 17:08:00,1,1502,0,0
803,solo_etiqueta,2026-04-13 19:51:00,2026-04-13 19:51:00,1,1502,0,0
803,solo_etiqueta,2026-04-14 04:53:00,2026-04-14 04:53:00,1,1502,0,0
803,solo_etiqueta,2026-04-14 19:11:00,2026-04-14 19:11:00,1,151,0,0
803,solo_etiqueta,2026-04-14 19:35:00,2026-04-14 19:35:00,1,1502,0,0
803,solo_etiqueta,2026-04-14 23:23:00,2026-04-14 23:23:00,1,1502,0,0
803,solo_etiqueta,2026-04-15 04:34:00,2026-04-15 04:34:00,1,1502,0,0
803,solo_etiqueta,2026-04-15 08:39:00,2026-04-15 08:39:00,1,1502,0,0
803,solo_etiqueta,2026-04-15 10:04:00,2026-04-15 10:04:00,1,1502,0,0
803,solo_etiqueta,2026-04-15 10:29:00,2026-04-15 10:29:00,1,1502,0,0
803,solo_etiqueta,2026-04-17 12:28:00,2026-04-17 12:28:00,1,1502,0,0
803,solo_etiqueta,2026-04-17 12:51:00,2026-04-17 12:51:00,1,1502,0,0
803,solo_etiqueta,2026-04-18 06:24:00,2026-04-18 06:24:00,1,1502,0,0
803,solo_etiqueta,2026-04-18 12:53:00,2026-04-18 12:53:00,1,1502,0,0
803,solo_etiqueta,2026-04-18 16:49:00,2026-04-18 16:49:00,1,1502,0,0
803,solo_etiqueta,2026-04-18 17:49:00,2026-04-18 17:49:00,1,1502,0,0
803,solo_etiqueta,2026-04-18 22:17:00,2026-04-18 22:17:00,1,1502,0,0
803,solo_etiqueta,2026-04-19 00:21:00,2026-04-19 00:21:00,1,1502,0,0
803,solo_etiqueta,2026-04-19 04:37:00,2026-04-19 04:37:00,1,1502,0,0
803,solo_etiqueta,2026-04-19 10:03:00,2026-04-19 10:03:00,1,1502,0,0
803,solo_etiqueta,2026-04-19 12:16:00,2026-04-19 12:16:00,1,1502,0,0
803,solo_etiqueta,2026-04-19 15:46:00,2026-04-19 15:46:00,1,1502,0,0
803,solo_etiqueta,2026-04-19 16:20:00,2026-04-19 16:20:00,1,1502,0,0
803,solo_etiqueta,2026-04-20 03:26:00,2026-04-20 03:26:00,1,1502,0,0
803,solo_etiqueta,2026-04-20 11:13:00,2026-04-20 11:13:00,1,1502,0,0
803,solo_etiqueta,2026-04-20 12:38:00,2026-04-20 12:38:00,1,1502,0,0
803,solo_etiqueta,2026-04-20 13:42:00,2026-04-20 13:42:00,1,1502,0,0
803,solo_etiqueta,2026-04-20 14:33:00,2026-04-20 14:33:00,1,1502,0,0
803,solo_etiqueta,2026-04-20 16:40:00,2026-04-20 16:40:00,1,1502,0,0
803,solo_etiqueta,2026-04-20 20:30:00,2026-04-20 20:30:00,1,1502,0,0
803,solo_etiqueta,2026-04-21 00:53:00,2026-04-21 00:53:00,1,1502,0,0
803,solo_etiqueta,2026-04-21 07:50:00,2026-04-21 07:50:00,1,1502,0,0
803,solo_etiqueta,2026-04-21 09:29:00,2026-04-21 09:29:00,1,1502,0,0
803,solo_etiqueta,2026-04-21 17:19:00,2026-04-21 17:19:00,1,1502,0,0
803,solo_etiqueta,2026-04-21 22:00:00,2026-04-21 22:00:00,1,1502,0,0
803,solo_etiqueta,2026-04-21 22:34:00,2026-04-21 22:34:00,1,1502,0,0
803,solo_etiqueta,2026-04-21 23:06:00,2026-04-21 23:06:00,1,1502,0,0
803,solo_etiqueta,2026-04-22 00:20:00,2026-04-22 00:20:00,1,1502,0,0
803,solo_etiqueta,2026-04-22 06:28:00,2026-04-22 06:28:00,1,1502,0,0
803,solo_etiqueta,2026-04-22 10:32:00,2026-04-22 10:32:00,1,1502,0,0
803,solo_etiqueta,2026-04-22 11:28:00,2026-04-22 11:28:00,1,1502,0,0
803,solo_etiqueta,2026-04-22 15:32:00,2026-04-22 15:32:00,1,1502,0,0
803,solo_etiqueta,2026-04-22 16:32:00,2026-04-22 16:32:00,1,1502,0,0
803,solo_etiqueta,2026-04-22 17:06:00,2026-04-22 17:06:00,1,1502,0,0
803,solo_etiqueta,2026-04-22 17:57:00,2026-04-22 17:57:00,1,1502,0,0
803,solo_etiqueta,2026-04-22 21:04:00,2026-04-22 21:04:00,1,1502,0,0
803,solo_etiqueta,2026-04-23 05:26:00,2026-04-23 05:26:00,1,1502,0,0
803,solo_etiqueta,2026-04-23 06:20:00,2026-04-23 06:20:00,1,1502,0,0
803,solo_etiqueta,2026-04-23 07:08:00,2026-04-23 07:08:00,1,1502,0,0
803,solo_etiqueta,2026-04-23 07:56:00,2026-04-23 07:56:00,1,1502,0,0
803,solo_etiqueta,2026-04-23 10:00:00,2026-04-23 10:00:00,1,1502,0,0
803,solo_etiqueta,2026-04-23 14:46:00,2026-04-23 14:46:00,1,1502,0,0
803,solo_etiqueta,2026-04-23 15:19:00,2026-04-23 15:19:00,1,1502,0,0
803,solo_etiqueta,2026-04-24 02:57:00,2026-04-24 02:57:00,1,1502,0,0
803,solo_etiqueta,2026-04-24 05:20:00,2026-04-24 05:20:00,1,1502,0,0
803,solo_etiqueta,2026-04-24 05:35:00,2026-04-24 05:35:00,1,1502,0,0
803,solo_etiqueta,2026-04-24 17:20:00,2026-04-24 17:20:00,1,1502,0,0
803,solo_etiqueta,2026-04-24 18:36:00,2026-04-24 18:36:00,1,1502,0,0
803,solo_etiqueta,2026-04-24 19:26:00,2026-04-24 19:26:00,1,1502,0,0
803,solo_etiqueta,2026-04-25 01:02:00,2026-04-25 01:02:00,1,1502,0,0
803,solo_etiqueta,2026-04-25 01:48:00,2026-04-25 01:48:00,1,1502,0,0
803,solo_etiqueta,2026-04-25 06:16:00,2026-04-25 06:16:00,1,1502,0,0
803,solo_etiqueta,2026-04-25 07:15:00,2026-04-25 07:15:00,1,1502,0,0
803,solo_etiqueta,2026-04-25 13:12:00,2026-04-25 13:12:00,1,1502,0,0
803,solo_etiqueta,2026-04-25 14:26:00,2026-04-25 14:26:00,1,1502,0,0
803,solo_etiqueta,2026-04-25 15:23:00,2026-04-25 15:23:00,1,1502,0,0
803,solo_etiqueta,2026-04-25 16:42:00,2026-04-25 16:42:00,1,1502,0,0
803,solo_etiqueta,2026-04-25 21:07:00,2026-04-25 21:07:00,1,1502,0,0
803,solo_etiqueta,2026-04-25 21:19:00,2026-04-25 21:19:00,1,1502,0,0
803,solo_etiqueta,2026-04-26 10:37:00,2026-04-26 10:37:00,1,1502,0,0
803,solo_etiqueta,2026-04-26 12:45:00,2026-04-26 12:45:00,1,1502,0,0
803,solo_etiqueta,2026-04-26 13:03:00,2026-04-26 13:03:00,1,1502,0,0
803,solo_etiqueta,2026-04-26 13:40:00,2026-04-26 13:40:00,1,1502,0,0
803,solo_etiqueta,2026-04-26 14:40:00,2026-04-26 14:40:00,1,1502,0,0
803,solo_etiqueta,2026-04-26 15:00:00,2026-04-26 15:00:00,1,1502,0,0
803,solo_etiqueta,2026-04-27 09:27:00,2026-04-27 09:27:00,1,1502,0,0
803,solo_etiqueta,2026-04-27 09:41:00,2026-04-27 09:41:00,1,1502,0,0
803,solo_etiqueta,2026-04-27 10:58:00,2026-04-27 10:58:00,1,1502,0,0
803,solo_etiqueta,2026-04-27 12:05:00,2026-04-27 12:05:00,1,1502,0,0
803,solo_etiqueta,2026-04-27 12:21:00,2026-04-27 12:21:00,1,1502,0,0
803,solo_etiqueta,2026-04-27 12:33:00,2026-04-27 12:33:00,1,1502,0,0
803,solo_etiqueta,2026-04-27 21:54:00,2026-04-27 21:54:00,1,1502,0,0
803,solo_etiqueta,2026-04-28 06:34:00,2026-04-28 06:34:00,1,1502,0,0
803,solo_etiqueta,2026-04-28 19:21:00,2026-04-28 19:21:00,1,1502,0,0
803,solo_etiqueta,2026-04-28 20:44:00,2026-04-28 20:44:00,1,1502,0,0
803,solo_etiqueta,2026-04-28 22:23:00,2026-04-28 22:23:00,1,1502,0,0
803,solo_etiqueta,2026-04-29 02:16:00,2026-04-29 02:16:00,1,1502,0,0
803,solo_etiqueta,2026-04-29 06:02:00,2026-04-29 06:02:00,1,1502,0,0
803,solo_etiqueta,2026-04-29 15:13:00,2026-04-29 15:13:00,1,1502,0,0
803,solo_etiqueta,2026-04-29 15:25:00,2026-04-29 15:25:00,1,1502,0,0
803,solo_etiqueta,2026-04-29 16:20:00,2026-04-29 16:20:00,1,1502,0,0
803,solo_etiqueta,2026-04-29 18:59:00,2026-04-29 18:59:00,1,1502,0,0
803,solo_etiqueta,2026-04-29 22:20:00,2026-04-29 22:20:00,1,1502,0,0
803,solo_etiqueta,2026-04-30 02:17:00,2026-04-30 02:17:00,1,1502,0,0
803,solo_etiqueta,2026-04-30 05:51:00,2026-04-30 05:51:00,1,1502,0,0
803,solo_etiqueta,2026-04-30 08:26:00,2026-04-30 08:26:00,1,1502,0,0
803,solo_etiqueta,2026-04-30 09:49:00,2026-04-30 09:49:00,1,1502,0,0
803,solo_etiqueta,2026-04-30 15:20:00,2026-04-30 15:20:00,1,151,0,0
803,solo_etiqueta,2026-04-30 15:43:00,2026-04-30 15:43:00,1,151,0,0
803,solo_etiqueta,2026-04-30 18:55:00,2026-04-30 18:55:00,1,1502,0,0
803,solo_etiqueta,2026-04-30 20:01:00,2026-04-30 20:01:00,1,1502,0,0
803,solo_etiqueta,2026-04-30 21:55:00,2026-04-30 21:55:00,1,1502,0,0
803,solo_reglas,2026-01-04 23:16:00,2026-01-05 05:00:00,345,"1,1502",287,0
803,solo_reglas,2026-04-15 04:40:00,2026-04-15 09:30:00,291,"1,151,1502",280,1
803,solo_reglas,2026-02-19 00:41:00,2026-02-19 04:20:00,220,1,159,0
803,solo_reglas,2026-02-05 02:14:00,2026-02-05 05:32:00,199,"1,1502",126,14
803,solo_reglas,2026-02-13 00:07:00,2026-02-13 03:23:00,197,"1,1502",175,4
803,solo_reglas,2026-04-13 22:46:00,2026-04-14 02:02:00,197,"1,1502",141,0
803,solo_reglas,2026-03-01 23:38:00,2026-03-02 02:35:00,178,"1,1502",141,0
803,solo_reglas,2026-02-27 01:49:00,2026-02-27 04:33:00,165,1,131,0
803,solo_reglas,2026-04-08 02:02:00,2026-04-08 04:40:00,159,"1,1502",130,0
803,solo_reglas,2026-04-10 22:47:00,2026-04-11 01:22:00,156,"1,1502",146,5
803,solo_reglas,2026-04-14 02:16:00,2026-04-14 04:48:00,153,"1,1502",135,1
803,solo_reglas,2026-02-21 01:51:00,2026-02-21 04:18:00,148,"1,1502",112,2
803,solo_reglas,2026-04-12 21:14:00,2026-04-12 23:38:00,145,"1,1502",112,0
803,solo_reglas,2026-04-13 04:49:00,2026-04-13 07:13:00,145,"1,1502",105,0
803,solo_reglas,2026-01-22 01:14:00,2026-01-22 03:29:00,136,1,87,0
803,solo_reglas,2026-01-02 21:06:00,2026-01-02 23:19:00,134,"1,1502",52,3
803,solo_reglas,2026-02-20 22:21:00,2026-02-21 00:08:00,108,"1,1502",67,4
803,solo_reglas,2026-02-19 19:16:00,2026-02-19 21:02:00,107,"1,1502",46,5
803,solo_reglas,2026-02-22 23:15:00,2026-02-23 01:01:00,107,1,78,0
803,solo_reglas,2026-03-13 02:23:00,2026-03-13 04:07:00,105,"1,1502",103,0
803,solo_reglas,2026-01-25 20:08:00,2026-01-25 21:41:00,94,"1,1502",59,5
803,solo_reglas,2026-02-26 00:31:00,2026-02-26 02:03:00,93,1,62,0
803,solo_reglas,2026-01-31 01:57:00,2026-01-31 03:28:00,92,"1,1502",80,3
803,solo_reglas,2026-04-25 21:20:00,2026-04-25 22:51:00,92,1,31,0
803,solo_reglas,2026-03-01 04:52:00,2026-03-01 06:22:00,91,"1,1502",53,0
803,solo_reglas,2026-03-14 05:10:00,2026-03-14 06:37:00,88,1,68,0
803,solo_reglas,2026-01-25 07:06:00,2026-01-25 08:32:00,87,"1,1502",50,0
803,solo_reglas,2026-04-14 22:38:00,2026-04-15 00:04:00,87,"1,1502",69,1
803,solo_reglas,2026-01-27 04:34:00,2026-01-27 05:56:00,83,1,42,0
803,solo_reglas,2026-01-19 00:10:00,2026-01-19 01:27:00,78,"1,1502",75,3
803,solo_reglas,2026-01-25 21:53:00,2026-01-25 23:10:00,78,"1,1502",41,1
803,solo_reglas,2026-01-30 23:54:00,2026-01-31 01:11:00,78,1,49,0
803,solo_reglas,2026-02-26 04:21:00,2026-02-26 05:38:00,78,"1,1502",64,5
803,solo_reglas,2026-04-09 05:39:00,2026-04-09 06:56:00,78,"1,1502",51,0
803,solo_reglas,2026-01-25 23:43:00,2026-01-26 00:58:00,76,1,58,2
803,solo_reglas,2026-04-15 02:30:00,2026-04-15 03:45:00,76,1,76,0
803,solo_reglas,2026-04-30 22:13:00,2026-04-30 23:26:00,74,"1,151,1502",35,1
803,solo_reglas,2026-02-28 18:58:00,2026-02-28 20:09:00,72,"1,1502",23,8
803,solo_reglas,2026-02-09 21:12:00,2026-02-09 22:22:00,71,"1,1502",36,0
803,solo_reglas,2026-02-16 06:47:00,2026-02-16 07:55:00,69,1,51,0
803,solo_reglas,2026-02-27 00:29:00,2026-02-27 01:37:00,69,1,52,0
803,solo_reglas,2026-03-01 22:17:00,2026-03-01 23:25:00,69,1,60,0
803,solo_reglas,2026-02-20 01:06:00,2026-02-20 02:11:00,66,"1,1502",38,0
803,solo_reglas,2026-02-03 22:49:00,2026-02-03 23:50:00,62,"1,1502",30,1
803,solo_reglas,2026-02-14 23:29:00,2026-02-15 00:29:00,61,"1,1502",26,0
803,solo_reglas,2026-04-15 01:17:00,2026-04-15 02:17:00,61,"1,1502",45,10
803,solo_reglas,2026-04-27 05:55:00,2026-04-27 06:55:00,61,"1,1502",25,0
803,solo_reglas,2026-02-20 03:26:00,2026-02-20 04:24:00,59,"1,1502",42,0
803,solo_reglas,2026-03-14 01:04:00,2026-03-14 02:01:00,58,1,39,0
803,solo_reglas,2026-01-03 02:04:00,2026-01-03 03:00:00,57,1,43,0
803,solo_reglas,2026-01-03 03:29:00,2026-01-03 04:23:00,55,1,30,5
803,solo_reglas,2026-01-19 03:46:00,2026-01-19 04:40:00,55,1,43,0
803,solo_reglas,2026-01-22 20:25:00,2026-01-22 21:19:00,55,"1,1502",12,0
803,solo_reglas,2026-01-28 18:30:00,2026-01-28 19:24:00,55,1,32,0
803,solo_reglas,2026-02-22 01:06:00,2026-02-22 01:58:00,53,"1,1502",31,3
803,solo_reglas,2026-01-24 22:20:00,2026-01-24 23:10:00,51,1,23,0
803,solo_reglas,2026-01-29 04:15:00,2026-01-29 05:05:00,51,1,34,0
803,solo_reglas,2026-02-24 18:43:00,2026-02-24 19:33:00,51,1,30,0
803,solo_reglas,2026-02-01 00:29:00,2026-02-01 01:18:00,50,"1,1502",24,2
803,solo_reglas,2026-02-16 04:21:00,2026-02-16 05:09:00,49,"1,1502",16,1
803,solo_reglas,2026-01-03 22:31:00,2026-01-03 23:18:00,48,"1,1502",16,1
803,solo_reglas,2026-01-15 15:35:00,2026-01-15 16:22:00,48,1,19,0
803,solo_reglas,2026-01-28 20:20:00,2026-01-28 21:07:00,48,"1,1502",31,0
803,solo_reglas,2026-02-01 02:37:00,2026-02-01 03:22:00,46,1,19,0
803,solo_reglas,2026-02-28 03:30:00,2026-02-28 04:15:00,46,1,42,0
803,solo_reglas,2026-02-17 03:45:00,2026-02-17 04:29:00,45,"1,1502",24,4
803,solo_reglas,2026-03-01 20:20:00,2026-03-01 21:04:00,45,"1,1502",13,3
803,solo_reglas,2026-04-13 03:30:00,2026-04-13 04:14:00,45,"1,1502",30,0
803,solo_reglas,2026-01-26 06:23:00,2026-01-26 07:06:00,44,"1,1502",29,10
803,solo_reglas,2026-01-25 19:12:00,2026-01-25 19:54:00,43,"1,1502",16,3
803,solo_reglas,2026-02-16 05:53:00,2026-02-16 06:35:00,43,"1,1502",26,0
803,solo_reglas,2026-02-17 02:39:00,2026-02-17 03:21:00,43,"1,1502",23,2
803,solo_reglas,2026-04-26 20:42:00,2026-04-26 21:24:00,43,"1,1502",22,0
803,solo_reglas,2026-01-03 20:10:00,2026-01-03 20:51:00,42,"1,1502",8,0
803,solo_reglas,2026-02-01 01:34:00,2026-02-01 02:15:00,42,1,23,0
803,solo_reglas,2026-02-05 07:29:00,2026-02-05 08:10:00,42,"1,1502",19,0
803,solo_reglas,2026-02-23 19:04:00,2026-02-23 19:45:00,42,1,22,0
803,solo_reglas,2026-01-02 19:20:00,2026-01-02 20:00:00,41,"1,1502",30,5
803,solo_reglas,2026-01-05 05:18:00,2026-01-05 05:58:00,41,"1,1502",18,0
803,solo_reglas,2026-01-21 04:31:00,2026-01-21 05:11:00,41,1,25,0
803,solo_reglas,2026-01-30 01:04:00,2026-01-30 01:44:00,41,"1,1502",26,3
803,solo_reglas,2026-02-13 03:38:00,2026-02-13 04:18:00,41,1,39,0
803,solo_reglas,2026-04-14 15:12:00,2026-04-14 15:52:00,41,1,23,2
803,solo_reglas,2026-01-08 22:13:00,2026-01-08 22:52:00,40,"1,1502",13,3
803,solo_reglas,2026-01-12 20:23:00,2026-01-12 21:02:00,40,"1,1502",11,2
803,solo_reglas,2026-01-17 07:41:00,2026-01-17 08:19:00,39,1,16,0
803,solo_reglas,2026-03-01 21:27:00,2026-03-01 22:05:00,39,"1,1502",27,0
803,solo_reglas,2026-01-13 13:44:00,2026-01-13 14:21:00,38,1,21,0
803,solo_reglas,2026-02-10 05:12:00,2026-02-10 05:49:00,38,"1,1502",11,2
803,solo_reglas,2026-04-13 01:06:00,2026-04-13 01:43:00,38,1,34,0
803,solo_reglas,2026-02-22 21:37:00,2026-02-22 22:13:00,37,"1,1502",27,0
803,solo_reglas,2026-02-28 23:22:00,2026-02-28 23:58:00,37,"1,1502",8,0
803,solo_reglas,2026-01-21 03:39:00,2026-01-21 04:14:00,36,1,33,0
803,solo_reglas,2026-02-01 03:39:00,2026-02-01 04:14:00,36,1,17,0
803,solo_reglas,2026-02-21 01:02:00,2026-02-21 01:37:00,36,1,21,0
803,solo_reglas,2026-02-28 21:15:00,2026-02-28 21:50:00,36,1,19,0
803,solo_reglas,2026-01-02 20:13:00,2026-01-02 20:47:00,35,"1,1502",16,0
803,solo_reglas,2026-02-07 06:33:00,2026-02-07 07:07:00,35,"1,1502",17,4
803,solo_reglas,2026-02-15 18:42:00,2026-02-15 19:16:00,35,"1,1502",16,1
803,solo_reglas,2026-02-21 04:43:00,2026-02-21 05:17:00,35,"1,1502",27,1
803,solo_reglas,2026-01-28 02:51:00,2026-01-28 03:24:00,34,1,25,0
803,solo_reglas,2026-02-08 06:52:00,2026-02-08 07:25:00,34,"1,1502",29,3
803,solo_reglas,2026-02-21 05:32:00,2026-02-21 06:05:00,34,1,32,0
803,solo_reglas,2026-04-25 23:42:00,2026-04-26 00:15:00,34,1,27,1
803,solo_reglas,2026-01-10 22:36:00,2026-01-10 23:08:00,33,1,24,0
803,solo_reglas,2026-02-07 05:19:00,2026-02-07 05:51:00,33,"1,1502",19,3
803,solo_reglas,2026-02-17 01:21:00,2026-02-17 01:53:00,33,1,14,0
803,solo_reglas,2026-01-27 16:48:00,2026-01-27 17:19:00,32,"1,1502",11,1
803,solo_reglas,2026-02-04 04:15:00,2026-02-04 04:46:00,32,"1,1502",11,0
803,solo_reglas,2026-02-23 23:52:00,2026-02-24 00:23:00,32,1,25,0
803,solo_reglas,2026-01-13 10:52:00,2026-01-13 11:22:00,31,1,16,0
803,solo_reglas,2026-01-31 08:28:00,2026-01-31 08:58:00,31,"1,1502",13,0
803,solo_reglas,2026-04-21 00:11:00,2026-04-21 00:41:00,31,"1,1502",18,0
803,solo_reglas,2026-01-15 20:59:00,2026-01-15 21:28:00,30,1,13,0
803,solo_reglas,2026-02-22 22:34:00,2026-02-22 23:03:00,30,"1,1502",19,0
803,solo_reglas,2026-02-10 00:13:00,2026-02-10 00:41:00,29,"1,1502",11,0
803,solo_reglas,2026-02-12 01:48:00,2026-02-12 02:16:00,29,"1,1502",18,0
803,solo_reglas,2026-01-09 19:56:00,2026-01-09 20:23:00,28,1,9,0
803,solo_reglas,2026-02-25 18:47:00,2026-02-25 19:14:00,28,1,18,0
803,solo_reglas,2026-03-01 07:51:00,2026-03-01 08:18:00,28,1,17,0
803,solo_reglas,2026-02-08 07:38:00,2026-02-08 08:04:00,27,"1,1502",17,1
803,solo_reglas,2026-02-09 19:58:00,2026-02-09 20:24:00,27,1,10,0
803,solo_reglas,2026-02-26 06:24:00,2026-02-26 06:50:00,27,1,17,0
803,solo_reglas,2026-01-29 07:16:00,2026-01-29 07:41:00,26,1,17,0
803,solo_reglas,2026-02-07 00:02:00,2026-02-07 00:27:00,26,1,16,0
803,solo_reglas,2026-02-21 23:49:00,2026-02-22 00:14:00,26,1,13,0
803,solo_reglas,2026-02-26 21:37:00,2026-02-26 22:02:00,26,"1,1502",13,0
803,solo_reglas,2026-01-24 07:22:00,2026-01-24 07:46:00,25,1,11,0
803,solo_reglas,2026-02-22 00:30:00,2026-02-22 00:54:00,25,"1,1502",14,2
803,solo_reglas,2026-01-26 21:20:00,2026-01-26 21:43:00,24,"1,151",10,1
803,solo_reglas,2026-02-09 07:03:00,2026-02-09 07:26:00,24,"1,1502",5,0
803,solo_reglas,2026-02-19 21:21:00,2026-02-19 21:44:00,24,1,11,0
803,solo_reglas,2026-02-21 07:50:00,2026-02-21 08:13:00,24,1,19,0
803,solo_reglas,2026-01-08 19:04:00,2026-01-08 19:26:00,23,"1,1502",8,1
803,solo_reglas,2026-01-21 07:13:00,2026-01-21 07:35:00,23,1,10,0
803,solo_reglas,2026-02-23 04:54:00,2026-02-23 05:16:00,23,1,13,0
803,solo_reglas,2026-02-25 20:02:00,2026-02-25 20:24:00,23,1,7,0
803,solo_reglas,2026-02-26 05:50:00,2026-02-26 06:12:00,23,1,12,0
803,solo_reglas,2026-02-28 17:56:00,2026-02-28 18:18:00,23,"1,1502",5,1
803,solo_reglas,2026-04-30 08:16:00,2026-04-30 08:38:00,23,"1,1502",10,0
803,solo_reglas,2026-01-08 21:16:00,2026-01-08 21:37:00,22,"1,1502",5,5
803,solo_reglas,2026-01-15 17:25:00,2026-01-15 17:46:00,22,1,10,0
803,solo_reglas,2026-01-15 20:23:00,2026-01-15 20:44:00,22,"1,1502",12,0
803,solo_reglas,2026-01-21 02:29:00,2026-01-21 02:50:00,22,"1,1502",11,0
803,solo_reglas,2026-02-05 00:59:00,2026-02-05 01:20:00,22,1,20,0
803,solo_reglas,2026-02-10 15:18:00,2026-02-10 15:39:00,22,"1,1502",7,0
803,solo_reglas,2026-02-22 19:48:00,2026-02-22 20:09:00,22,1,12,0
803,solo_reglas,2026-03-04 07:10:00,2026-03-04 07:31:00,22,1,10,0
803,solo_reglas,2026-01-19 16:54:00,2026-01-19 17:14:00,21,"1,1502",17,1
803,solo_reglas,2026-02-21 00:21:00,2026-02-21 00:41:00,21,1,19,0
803,solo_reglas,2026-02-23 08:49:00,2026-02-23 09:09:00,21,1,14,0
803,solo_reglas,2026-02-28 01:41:00,2026-02-28 02:01:00,21,1,12,0
803,solo_reglas,2026-04-30 23:39:00,2026-04-30 23:59:00,21,1,17,0
803,solo_reglas,2026-01-08 09:45:00,2026-01-08 10:04:00,20,1,9,0
803,solo_reglas,2026-01-16 21:18:00,2026-01-16 21:37:00,20,"1,1502",6,0
803,solo_reglas,2026-02-05 17:32:00,2026-02-05 17:51:00,20,1,16,0
803,solo_reglas,2026-02-21 07:16:00,2026-02-21 07:35:00,20,1,10,0
803,solo_reglas,2026-01-03 00:32:00,2026-01-03 00:50:00,19,1,8,0
803,solo_reglas,2026-02-06 22:30:00,2026-02-06 22:48:00,19,1,9,0
803,solo_reglas,2026-02-10 21:17:00,2026-02-10 21:35:00,19,1,4,0
803,solo_reglas,2026-01-08 08:17:00,2026-01-08 08:34:00,18,"1,1502",8,0
803,solo_reglas,2026-01-08 20:41:00,2026-01-08 20:58:00,18,"1,1502",4,4
803,solo_reglas,2026-01-21 01:30:00,2026-01-21 01:47:00,18,1,4,0
803,solo_reglas,2026-02-03 22:04:00,2026-02-03 22:21:00,18,1,6,0
803,solo_reglas,2026-02-05 05:44:00,2026-02-05 06:01:00,18,1,11,0
803,solo_reglas,2026-02-26 22:15:00,2026-02-26 22:32:00,18,"1,1502",11,1
803,solo_reglas,2026-02-27 06:13:00,2026-02-27 06:30:00,18,1,6,0
803,solo_reglas,2026-02-28 07:00:00,2026-02-28 07:17:00,18,1,9,0
803,solo_reglas,2026-03-01 06:42:00,2026-03-01 06:59:00,18,"1,1502",17,0
803,solo_reglas,2026-01-11 00:27:00,2026-01-11 00:43:00,17,"1,1502",7,5
803,solo_reglas,2026-01-22 04:00:00,2026-01-22 04:16:00,17,1,17,0
803,solo_reglas,2026-02-02 18:39:00,2026-02-02 18:55:00,17,"1,1502",9,0
803,solo_reglas,2026-02-06 23:34:00,2026-02-06 23:50:00,17,1,14,0
803,solo_reglas,2026-02-07 02:07:00,2026-02-07 02:23:00,17,1,5,0
803,solo_reglas,2026-04-13 02:57:00,2026-04-13 03:13:00,17,1,14,0
803,solo_reglas,2026-01-06 09:38:00,2026-01-06 09:53:00,16,1,6,0
803,solo_reglas,2026-02-14 22:58:00,2026-02-14 23:13:00,16,1,6,0
803,solo_reglas,2026-02-15 19:42:00,2026-02-15 19:57:00,16,1,11,0
803,solo_reglas,2026-01-03 14:38:00,2026-01-03 14:52:00,15,1,5,0
803,solo_reglas,2026-01-09 22:04:00,2026-01-09 22:18:00,15,1,7,0
803,solo_reglas,2026-01-22 21:56:00,2026-01-22 22:10:00,15,"1,1502",4,0
803,solo_reglas,2026-02-19 00:11:00,2026-02-19 00:25:00,15,"1,1502",6,0
803,solo_reglas,2026-02-28 02:16:00,2026-02-28 02:30:00,15,1,15,0
803,solo_reglas,2026-04-09 22:53:00,2026-04-09 23:07:00,15,"1,1502",8,0
803,solo_reglas,2026-01-15 14:45:00,2026-01-15 14:58:00,14,1,5,0
803,solo_reglas,2026-01-15 21:41:00,2026-01-15 21:54:00,14,1,11,0
803,solo_reglas,2026-02-05 17:06:00,2026-02-05 17:19:00,14,1,4,0
803,solo_reglas,2026-02-10 04:25:00,2026-02-10 04:38:00,14,1,6,0
803,solo_reglas,2026-02-21 09:10:00,2026-02-21 09:23:00,14,1,6,0
803,solo_reglas,2026-02-22 06:38:00,2026-02-22 06:51:00,14,1,9,0
803,solo_reglas,2026-02-23 10:31:00,2026-02-23 10:44:00,14,1,6,1
803,solo_reglas,2026-01-03 04:37:00,2026-01-03 04:49:00,13,1,13,0
803,solo_reglas,2026-01-03 21:24:00,2026-01-03 21:36:00,13,1,3,0
803,solo_reglas,2026-01-16 18:56:00,2026-01-16 19:08:00,13,1,5,0
803,solo_reglas,2026-01-18 18:14:00,2026-01-18 18:26:00,13,1,5,0
803,solo_reglas,2026-01-31 09:11:00,2026-01-31 09:23:00,13,1,9,0
803,solo_reglas,2026-02-06 19:37:00,2026-02-06 19:49:00,13,1,3,0
803,solo_reglas,2026-01-06 04:20:00,2026-01-06 04:31:00,12,1,2,0
803,solo_reglas,2026-01-08 20:17:00,2026-01-08 20:28:00,12,1,3,0
803,solo_reglas,2026-01-19 18:30:00,2026-01-19 18:41:00,12,"1,1502",8,1
803,solo_reglas,2026-01-22 18:00:00,2026-01-22 18:11:00,12,1,5,0
803,solo_reglas,2026-01-24 17:57:00,2026-01-24 18:08:00,12,1,5,0
803,solo_reglas,2026-01-26 02:08:00,2026-01-26 02:19:00,12,1,12,0
803,solo_reglas,2026-01-26 04:05:00,2026-01-26 04:16:00,12,1,3,1
803,solo_reglas,2026-01-28 19:48:00,2026-01-28 19:59:00,12,"1,1502",8,0
803,solo_reglas,2026-02-08 08:18:00,2026-02-08 08:29:00,12,1,6,0
803,solo_reglas,2026-02-21 22:38:00,2026-02-21 22:49:00,12,"1,1502",5,1
803,solo_reglas,2026-02-28 20:28:00,2026-02-28 20:39:00,12,"1,1502",4,1
803,solo_reglas,2026-03-04 08:03:00,2026-03-04 08:14:00,12,"1,1502",4,0
803,solo_reglas,2026-03-14 03:29:00,2026-03-14 03:40:00,12,"1,1502",8,0
803,solo_reglas,2026-04-09 02:49:00,2026-04-09 03:00:00,12,1,7,0
803,solo_reglas,2026-04-13 02:29:00,2026-04-13 02:40:00,12,1,3,0
803,solo_reglas,2026-04-21 04:48:00,2026-04-21 04:59:00,12,1,6,0
803,solo_reglas,2026-04-25 23:11:00,2026-04-25 23:22:00,12,1,7,2
803,solo_reglas,2026-01-03 01:04:00,2026-01-03 01:14:00,11,1,5,0
803,solo_reglas,2026-01-04 22:31:00,2026-01-04 22:41:00,11,1,5,0
803,solo_reglas,2026-01-08 09:18:00,2026-01-08 09:28:00,11,"1,1502",3,2
803,solo_reglas,2026-01-09 06:38:00,2026-01-09 06:48:00,11,1,5,0
803,solo_reglas,2026-01-22 17:35:00,2026-01-22 17:45:00,11,1,3,0
803,solo_reglas,2026-01-31 06:12:00,2026-01-31 06:22:00,11,1,5,0
803,solo_reglas,2026-02-02 05:33:00,2026-02-02 05:43:00,11,"1,1502",5,0
803,solo_reglas,2026-02-07 06:11:00,2026-02-07 06:21:00,11,"1,1502",7,1
803,solo_reglas,2026-02-09 01:04:00,2026-02-09 01:14:00,11,1,5,0
803,solo_reglas,2026-02-09 20:41:00,2026-02-09 20:51:00,11,1,5,0
803,solo_reglas,2026-02-13 09:33:00,2026-02-13 09:43:00,11,1,8,0
803,solo_reglas,2026-02-18 09:21:00,2026-02-18 09:31:00,11,1,6,0
803,solo_reglas,2026-02-26 07:05:00,2026-02-26 07:15:00,11,"1,1502",4,0
803,solo_reglas,2026-02-28 23:00:00,2026-02-28 23:10:00,11,1,4,0
803,solo_reglas,2026-04-09 07:38:00,2026-04-09 07:48:00,11,1,2,0
803,solo_reglas,2026-01-02 17:14:00,2026-01-02 17:23:00,10,1,3,0
803,solo_reglas,2026-01-11 08:10:00,2026-01-11 08:19:00,10,1,4,0
803,solo_reglas,2026-01-14 22:44:00,2026-01-14 22:53:00,10,"1,1502",3,0
803,solo_reglas,2026-01-19 16:10:00,2026-01-19 16:19:00,10,1,2,0
803,solo_reglas,2026-01-24 07:58:00,2026-01-24 08:07:00,10,1,10,0
803,solo_reglas,2026-01-26 20:55:00,2026-01-26 21:04:00,10,"1,1502",3,0
803,solo_reglas,2026-01-31 06:36:00,2026-01-31 06:45:00,10,1,2,0
803,solo_reglas,2026-02-03 10:31:00,2026-02-03 10:40:00,10,1,4,0
803,solo_reglas,2026-02-12 03:49:00,2026-02-12 03:58:00,10,1,7,0
803,solo_reglas,2026-02-14 19:05:00,2026-02-14 19:14:00,10,1,4,0
803,solo_reglas,2026-03-04 06:47:00,2026-03-04 06:56:00,10,"1,1502",9,0
803,solo_reglas,2026-03-04 09:05:00,2026-03-04 09:14:00,10,1,5,0
803,solo_reglas,2026-03-14 00:38:00,2026-03-14 00:47:00,10,"1,1502",5,0
803,solo_reglas,2026-04-13 00:45:00,2026-04-13 00:54:00,10,"1,1502",7,0
803,solo_reglas,2026-04-26 17:28:00,2026-04-26 17:37:00,10,1,3,0
803,solo_reglas,2026-01-03 12:26:00,2026-01-03 12:34:00,9,1,2,0
803,solo_reglas,2026-01-09 07:38:00,2026-01-09 07:46:00,9,"1,1502",7,0
803,solo_reglas,2026-01-09 20:59:00,2026-01-09 21:07:00,9,1,5,0
803,solo_reglas,2026-01-10 23:59:00,2026-01-11 00:07:00,9,1,7,0
803,solo_reglas,2026-01-15 22:23:00,2026-01-15 22:31:00,9,1,9,0
803,solo_reglas,2026-01-24 06:04:00,2026-01-24 06:12:00,9,"1,1502",4,3
803,solo_reglas,2026-01-27 17:32:00,2026-01-27 17:40:00,9,1,7,0
803,solo_reglas,2026-01-28 03:36:00,2026-01-28 03:44:00,9,1,4,0
803,solo_reglas,2026-02-02 19:50:00,2026-02-02 19:58:00,9,"1,1502",3,0
803,solo_reglas,2026-02-06 22:08:00,2026-02-06 22:16:00,9,1,3,0
803,solo_reglas,2026-02-08 08:56:00,2026-02-08 09:04:00,9,"1,1502",2,0
803,solo_reglas,2026-02-12 00:49:00,2026-02-12 00:57:00,9,1,4,0
803,solo_reglas,2026-02-17 02:17:00,2026-02-17 02:25:00,9,1,5,0
803,solo_reglas,2026-02-18 20:29:00,2026-02-18 20:37:00,9,1,2,0
803,solo_reglas,2026-03-11 04:15:00,2026-03-11 04:23:00,9,1,2,0
803,solo_reglas,2026-04-13 02:03:00,2026-04-13 02:11:00,9,1,8,0
803,solo_reglas,2026-01-11 09:22:00,2026-01-11 09:29:00,8,1,6,0
803,solo_reglas,2026-01-13 23:55:00,2026-01-14 00:02:00,8,1,6,0
803,solo_reglas,2026-01-21 03:15:00,2026-01-21 03:22:00,8,1,8,0
803,solo_reglas,2026-01-23 01:40:00,2026-01-23 01:47:00,8,1,6,0
803,solo_reglas,2026-01-25 06:40:00,2026-01-25 06:47:00,8,1,2,0
803,solo_reglas,2026-01-30 23:09:00,2026-01-30 23:16:00,8,1,7,0
803,solo_reglas,2026-02-19 05:06:00,2026-02-19 05:13:00,8,"1,1502",3,2
803,solo_reglas,2026-02-19 23:54:00,2026-02-20 00:01:00,8,1,8,0
803,solo_reglas,2026-02-23 01:17:00,2026-02-23 01:24:00,8,1,3,0
803,solo_reglas,2026-02-24 11:37:00,2026-02-24 11:44:00,8,1,6,0
803,solo_reglas,2026-02-26 07:54:00,2026-02-26 08:01:00,8,1,8,0
803,solo_reglas,2026-03-01 08:34:00,2026-03-01 08:41:00,8,1,7,0
803,solo_reglas,2026-03-14 03:08:00,2026-03-14 03:15:00,8,"1,1502",3,0
803,solo_reglas,2026-03-14 04:51:00,2026-03-14 04:58:00,8,1,4,0
803,solo_reglas,2026-04-10 00:31:00,2026-04-10 00:38:00,8,1,3,0
803,solo_reglas,2026-04-14 13:41:00,2026-04-14 13:48:00,8,1,3,0
803,solo_reglas,2026-04-26 17:49:00,2026-04-26 17:56:00,8,1,3,0
803,solo_reglas,2026-01-10 23:21:00,2026-01-10 23:27:00,7,1,6,0
803,solo_reglas,2026-01-11 07:01:00,2026-01-11 07:07:00,7,"1,1502",3,0
803,solo_reglas,2026-01-15 20:04:00,2026-01-15 20:10:00,7,1,3,0
803,solo_reglas,2026-01-22 19:09:00,2026-01-22 19:15:00,7,"1,1502",2,1
803,solo_reglas,2026-01-25 09:05:00,2026-01-25 09:11:00,7,1,3,0
803,solo_reglas,2026-01-30 00:22:00,2026-01-30 00:28:00,7,1,7,0
803,solo_reglas,2026-01-31 20:31:00,2026-01-31 20:37:00,7,"1,1502",3,2
803,solo_reglas,2026-02-05 06:47:00,2026-02-05 06:53:00,7,1,6,0
803,solo_reglas,2026-02-15 13:23:00,2026-02-15 13:29:00,7,1,5,0
803,solo_reglas,2026-02-20 10:04:00,2026-02-20 10:10:00,7,1,3,0
803,solo_reglas,2026-02-23 07:21:00,2026-02-23 07:27:00,7,1,6,0
803,solo_reglas,2026-02-26 21:14:00,2026-02-26 21:20:00,7,1,5,0
803,solo_reglas,2026-02-28 18:38:00,2026-02-28 18:44:00,7,1,4,0
803,solo_reglas,2026-03-04 08:41:00,2026-03-04 08:47:00,7,1,6,0
803,solo_reglas,2026-04-13 00:27:00,2026-04-13 00:33:00,7,"1,1502",7,0
803,solo_reglas,2026-01-07 08:46:00,2026-01-07 08:51:00,6,1,2,0
803,solo_reglas,2026-01-09 20:36:00,2026-01-09 20:41:00,6,1,3,0
803,solo_reglas,2026-01-16 23:30:00,2026-01-16 23:35:00,6,1,5,0
803,solo_reglas,2026-01-21 05:30:00,2026-01-21 05:35:00,6,1,4,0
803,solo_reglas,2026-01-28 17:40:00,2026-01-28 17:45:00,6,1,6,0
803,solo_reglas,2026-02-01 00:09:00,2026-02-01 00:14:00,6,1,3,0
803,solo_reglas,2026-02-05 07:12:00,2026-02-05 07:17:00,6,1,6,0
803,solo_reglas,2026-02-07 08:11:00,2026-02-07 08:16:00,6,1,6,0
803,solo_reglas,2026-02-17 07:01:00,2026-02-17 07:06:00,6,1,3,0
803,solo_reglas,2026-04-14 05:01:00,2026-04-14 05:06:00,6,"1,1502",4,0
803,solo_reglas,2026-01-04 22:57:00,2026-01-04 23:01:00,5,1,5,0
803,solo_reglas,2026-01-06 20:48:00,2026-01-06 20:52:00,5,1,2,0
803,solo_reglas,2026-01-10 07:05:00,2026-01-10 07:09:00,5,1,3,0
803,solo_reglas,2026-01-11 09:04:00,2026-01-11 09:08:00,5,1,5,0
803,solo_reglas,2026-01-22 20:03:00,2026-01-22 20:07:00,5,1,3,0
803,solo_reglas,2026-01-26 01:25:00,2026-01-26 01:29:00,5,1,5,0
803,solo_reglas,2026-02-01 05:06:00,2026-02-01 05:10:00,5,1,2,0
803,solo_reglas,2026-02-04 00:05:00,2026-02-04 00:09:00,5,1,5,0
803,solo_reglas,2026-02-05 01:56:00,2026-02-05 02:00:00,5,1,4,0
803,solo_reglas,2026-02-05 08:46:00,2026-02-05 08:50:00,5,1,5,0
803,solo_reglas,2026-02-05 21:22:00,2026-02-05 21:26:00,5,1,3,0
803,solo_reglas,2026-02-14 21:11:00,2026-02-14 21:15:00,5,1,5,0
803,solo_reglas,2026-02-15 20:28:00,2026-02-15 20:32:00,5,1,5,0
803,solo_reglas,2026-02-18 05:45:00,2026-02-18 05:49:00,5,"1,1502",5,0
803,solo_reglas,2026-02-18 19:36:00,2026-02-18 19:40:00,5,1,2,0
803,solo_reglas,2026-02-19 06:43:00,2026-02-19 06:47:00,5,1,2,0
803,solo_reglas,2026-02-26 08:32:00,2026-02-26 08:36:00,5,1,5,0
803,solo_reglas,2026-02-28 03:13:00,2026-02-28 03:17:00,5,1,5,0
803,solo_reglas,2026-01-02 23:34:00,2026-01-02 23:37:00,4,1,3,0
803,solo_reglas,2026-01-09 06:21:00,2026-01-09 06:24:00,4,1,4,0
803,solo_reglas,2026-01-10 23:43:00,2026-01-10 23:46:00,4,1,4,0
803,solo_reglas,2026-01-19 17:29:00,2026-01-19 17:32:00,4,1,4,0
803,solo_reglas,2026-01-22 07:36:00,2026-01-22 07:39:00,4,1,2,0
803,solo_reglas,2026-01-26 18:51:00,2026-01-26 18:54:00,4,1,2,0
803,solo_reglas,2026-01-30 02:45:00,2026-01-30 02:48:00,4,1,2,0
803,solo_reglas,2026-01-31 08:02:00,2026-01-31 08:05:00,4,1,3,0
803,solo_reglas,2026-02-12 01:17:00,2026-02-12 01:20:00,4,1,4,0
803,solo_reglas,2026-02-14 22:07:00,2026-02-14 22:10:00,4,1,4,0
803,solo_reglas,2026-02-19 18:48:00,2026-02-19 18:51:00,4,1,3,0
803,solo_reglas,2026-02-22 20:41:00,2026-02-22 20:44:00,4,1,4,0
803,solo_reglas,2026-02-24 17:41:00,2026-02-24 17:44:00,4,1,2,0
803,solo_reglas,2026-02-25 23:38:00,2026-02-25 23:41:00,4,1,4,0
803,solo_reglas,2026-02-26 23:45:00,2026-02-26 23:48:00,4,1,4,0
803,solo_reglas,2026-03-01 19:36:00,2026-03-01 19:39:00,4,"1,1502",4,0
803,solo_reglas,2026-01-07 21:08:00,2026-01-07 21:10:00,3,1,3,0
803,solo_reglas,2026-01-11 08:42:00,2026-01-11 08:44:00,3,1,3,0
803,solo_reglas,2026-01-16 22:26:00,2026-01-16 22:28:00,3,1,3,0
803,solo_reglas,2026-01-17 08:50:00,2026-01-17 08:52:00,3,1,3,0
803,solo_reglas,2026-01-19 18:54:00,2026-01-19 18:56:00,3,1,3,0
803,solo_reglas,2026-01-22 00:20:00,2026-01-22 00:22:00,3,1,3,0
803,solo_reglas,2026-01-23 08:38:00,2026-01-23 08:40:00,3,1,2,0
803,solo_reglas,2026-01-24 09:18:00,2026-01-24 09:20:00,3,1,2,0
803,solo_reglas,2026-01-25 18:58:00,2026-01-25 19:00:00,3,1,3,0
803,solo_reglas,2026-01-26 17:35:00,2026-01-26 17:37:00,3,1,2,0
803,solo_reglas,2026-01-30 04:16:00,2026-01-30 04:18:00,3,1,3,0
803,solo_reglas,2026-01-30 04:56:00,2026-01-30 04:58:00,3,1,3,0
803,solo_reglas,2026-01-30 18:02:00,2026-01-30 18:04:00,3,1,3,0
803,solo_reglas,2026-02-02 06:19:00,2026-02-02 06:21:00,3,1,3,0
803,solo_reglas,2026-02-02 15:46:00,2026-02-02 15:48:00,3,1,3,0
803,solo_reglas,2026-02-04 05:06:00,2026-02-04 05:08:00,3,1,3,0
803,solo_reglas,2026-02-05 01:33:00,2026-02-05 01:35:00,3,1,3,0
803,solo_reglas,2026-02-05 08:32:00,2026-02-05 08:34:00,3,1,3,0
803,solo_reglas,2026-02-05 16:09:00,2026-02-05 16:11:00,3,1,3,0
803,solo_reglas,2026-02-05 20:30:00,2026-02-05 20:32:00,3,1,3,0
803,solo_reglas,2026-02-06 20:55:00,2026-02-06 20:57:00,3,1,2,0
803,solo_reglas,2026-02-09 19:44:00,2026-02-09 19:46:00,3,1,3,0
803,solo_reglas,2026-02-10 06:01:00,2026-02-10 06:03:00,3,1,3,0
803,solo_reglas,2026-02-12 01:34:00,2026-02-12 01:36:00,3,1,3,0
803,solo_reglas,2026-02-14 21:31:00,2026-02-14 21:33:00,3,1,3,0
803,solo_reglas,2026-02-17 05:25:00,2026-02-17 05:27:00,3,1,3,0
803,solo_reglas,2026-02-18 07:41:00,2026-02-18 07:43:00,3,1,3,0
803,solo_reglas,2026-02-20 04:40:00,2026-02-20 04:42:00,3,1,3,0
803,solo_reglas,2026-02-20 19:33:00,2026-02-20 19:35:00,3,1,3,0
803,solo_reglas,2026-02-22 07:10:00,2026-02-22 07:12:00,3,1,3,0
803,solo_reglas,2026-02-22 21:20:00,2026-02-22 21:22:00,3,1,3,0
803,solo_reglas,2026-02-23 21:53:00,2026-02-23 21:55:00,3,1,3,0
803,solo_reglas,2026-02-26 20:32:00,2026-02-26 20:34:00,3,1,3,0
803,solo_reglas,2026-04-09 08:35:00,2026-04-09 08:37:00,3,1,3,0
803,solo_reglas,2026-04-09 23:46:00,2026-04-09 23:48:00,3,1,3,0
803,solo_reglas,2026-04-26 17:08:00,2026-04-26 17:10:00,3,1,3,0
803,solo_reglas,2026-04-26 18:54:00,2026-04-26 18:56:00,3,1,3,0
803,solo_reglas,2026-04-27 05:35:00,2026-04-27 05:37:00,3,1,3,0
803,solo_reglas,2026-01-03 03:12:00,2026-01-03 03:13:00,2,1,2,0
803,solo_reglas,2026-01-03 19:56:00,2026-01-03 19:57:00,2,1,2,0
803,solo_reglas,2026-01-06 08:18:00,2026-01-06 08:19:00,2,1,2,0
803,solo_reglas,2026-01-06 21:09:00,2026-01-06 21:10:00,2,1,2,0
803,solo_reglas,2026-01-07 06:22:00,2026-01-07 06:23:00,2,1,2,0
803,solo_reglas,2026-01-08 14:02:00,2026-01-08 14:03:00,2,1,2,0
803,solo_reglas,2026-01-10 07:46:00,2026-01-10 07:47:00,2,1,2,0
803,solo_reglas,2026-01-13 17:12:00,2026-01-13 17:13:00,2,1,2,0
803,solo_reglas,2026-01-15 19:42:00,2026-01-15 19:43:00,2,1,2,0
803,solo_reglas,2026-01-16 23:00:00,2026-01-16 23:01:00,2,1,2,0
803,solo_reglas,2026-01-19 02:08:00,2026-01-19 02:09:00,2,1,2,0
803,solo_reglas,2026-01-19 21:13:00,2026-01-19 21:14:00,2,1,2,0
803,solo_reglas,2026-01-22 22:30:00,2026-01-22 22:31:00,2,1,2,0
803,solo_reglas,2026-01-23 02:22:00,2026-01-23 02:23:00,2,1,2,0
803,solo_reglas,2026-01-26 16:52:00,2026-01-26 16:53:00,2,1,2,0
803,solo_reglas,2026-01-28 18:01:00,2026-01-28 18:02:00,2,1,2,0
803,solo_reglas,2026-01-30 18:19:00,2026-01-30 18:20:00,2,1,2,0
803,solo_reglas,2026-01-31 01:32:00,2026-01-31 01:33:00,2,1,2,0
803,solo_reglas,2026-01-31 18:38:00,2026-01-31 18:39:00,2,1,2,0
803,solo_reglas,2026-01-31 19:24:00,2026-01-31 19:25:00,2,1,2,0
803,solo_reglas,2026-02-01 04:40:00,2026-02-01 04:41:00,2,1,2,0
803,solo_reglas,2026-02-02 16:40:00,2026-02-02 16:41:00,2,1,2,0
803,solo_reglas,2026-02-04 00:24:00,2026-02-04 00:25:00,2,1,2,0
803,solo_reglas,2026-02-09 00:04:00,2026-02-09 00:05:00,2,1,2,0
803,solo_reglas,2026-02-09 04:43:00,2026-02-09 04:44:00,2,1,2,0
803,solo_reglas,2026-02-09 05:55:00,2026-02-09 05:56:00,2,1,2,0
803,solo_reglas,2026-02-09 06:18:00,2026-02-09 06:19:00,2,1,2,0
803,solo_reglas,2026-02-10 20:55:00,2026-02-10 20:56:00,2,1,2,0
803,solo_reglas,2026-02-11 15:14:00,2026-02-11 15:15:00,2,1,2,0
803,solo_reglas,2026-02-12 23:17:00,2026-02-12 23:18:00,2,1,2,0
803,solo_reglas,2026-02-13 09:13:00,2026-02-13 09:14:00,2,1,2,0
803,solo_reglas,2026-02-15 10:38:00,2026-02-15 10:39:00,2,1,2,0
803,solo_reglas,2026-02-15 13:00:00,2026-02-15 13:01:00,2,1,2,0
803,solo_reglas,2026-02-15 22:08:00,2026-02-15 22:09:00,2,1,2,0
803,solo_reglas,2026-02-16 05:36:00,2026-02-16 05:37:00,2,1,2,0
803,solo_reglas,2026-02-17 19:14:00,2026-02-17 19:15:00,2,1,2,0
803,solo_reglas,2026-02-20 02:25:00,2026-02-20 02:26:00,2,1,2,0
803,solo_reglas,2026-02-20 03:09:00,2026-02-20 03:10:00,2,1,2,0
803,solo_reglas,2026-02-20 20:10:00,2026-02-20 20:11:00,2,1,2,0
803,solo_reglas,2026-02-21 21:36:00,2026-02-21 21:37:00,2,1,2,0
803,solo_reglas,2026-02-22 08:52:00,2026-02-22 08:53:00,2,1,2,0
803,solo_reglas,2026-02-22 10:37:00,2026-02-22 10:38:00,2,1,2,0
803,solo_reglas,2026-02-22 19:33:00,2026-02-22 19:34:00,2,1,2,0
803,solo_reglas,2026-02-22 21:03:00,2026-02-22 21:04:00,2,1,2,0
803,solo_reglas,2026-02-23 18:39:00,2026-02-23 18:40:00,2,1,2,0
803,solo_reglas,2026-02-24 12:06:00,2026-02-24 12:07:00,2,1,2,0
803,solo_reglas,2026-02-24 12:27:00,2026-02-24 12:28:00,2,1,2,0
803,solo_reglas,2026-02-28 16:52:00,2026-02-28 16:53:00,2,1,2,0
803,solo_reglas,2026-03-01 08:53:00,2026-03-01 08:54:00,2,1,2,0
803,solo_reglas,2026-03-01 19:55:00,2026-03-01 19:56:00,2,1,2,0
803,solo_reglas,2026-04-09 07:15:00,2026-04-09 07:16:00,2,1,2,0
803,solo_reglas,2026-04-12 23:54:00,2026-04-12 23:55:00,2,1,2,0
803,solo_reglas,2026-01-01 07:56:00,2026-01-01 07:56:00,1,1,1,0
803,solo_reglas,2026-01-02 16:59:00,2026-01-02 16:59:00,1,1,1,0
803,solo_reglas,2026-01-02 17:43:00,2026-01-02 17:43:00,1,1,1,0
803,solo_reglas,2026-01-03 00:06:00,2026-01-03 00:06:00,1,1,1,0
803,solo_reglas,2026-01-03 14:06:00,2026-01-03 14:06:00,1,1,1,0
803,solo_reglas,2026-01-03 21:12:00,2026-01-03 21:12:00,1,1,1,0
803,solo_reglas,2026-01-04 15:35:00,2026-01-04 15:35:00,1,1,1,0
803,solo_reglas,2026-01-04 15:53:00,2026-01-04 15:53:00,1,1,1,0
803,solo_reglas,2026-01-04 21:16:00,2026-01-04 21:16:00,1,1,1,0
803,solo_reglas,2026-01-06 09:04:00,2026-01-06 09:04:00,1,1,1,0
803,solo_reglas,2026-01-06 11:14:00,2026-01-06 11:14:00,1,1,1,0
803,solo_reglas,2026-01-06 11:27:00,2026-01-06 11:27:00,1,1,1,0
803,solo_reglas,2026-01-07 20:25:00,2026-01-07 20:25:00,1,1,1,0
803,solo_reglas,2026-01-07 22:45:00,2026-01-07 22:45:00,1,1,1,0
803,solo_reglas,2026-01-07 23:19:00,2026-01-07 23:19:00,1,1,1,0
803,solo_reglas,2026-01-08 10:32:00,2026-01-08 10:32:00,1,1,1,0
803,solo_reglas,2026-01-08 18:11:00,2026-01-08 18:11:00,1,1,1,0
803,solo_reglas,2026-01-08 18:27:00,2026-01-08 18:27:00,1,1,1,0
803,solo_reglas,2026-01-09 06:09:00,2026-01-09 06:09:00,1,1,1,0
803,solo_reglas,2026-01-09 21:26:00,2026-01-09 21:26:00,1,1,1,0
803,solo_reglas,2026-01-09 21:39:00,2026-01-09 21:39:00,1,1,1,0
803,solo_reglas,2026-01-10 07:30:00,2026-01-10 07:30:00,1,1,1,0
803,solo_reglas,2026-01-10 08:10:00,2026-01-10 08:10:00,1,1,1,0
803,solo_reglas,2026-01-10 21:48:00,2026-01-10 21:48:00,1,1,1,0
803,solo_reglas,2026-01-11 06:48:00,2026-01-11 06:48:00,1,1,1,0
803,solo_reglas,2026-01-11 07:35:00,2026-01-11 07:35:00,1,1,1,0
803,solo_reglas,2026-01-13 14:40:00,2026-01-13 14:40:00,1,1,1,0
803,solo_reglas,2026-01-13 17:43:00,2026-01-13 17:43:00,1,1,1,0
803,solo_reglas,2026-01-14 21:11:00,2026-01-14 21:11:00,1,1,1,0
803,solo_reglas,2026-01-15 07:31:00,2026-01-15 07:31:00,1,1,1,0
803,solo_reglas,2026-01-15 15:23:00,2026-01-15 15:23:00,1,1,1,0
803,solo_reglas,2026-01-15 18:09:00,2026-01-15 18:09:00,1,1,1,0
803,solo_reglas,2026-01-16 20:55:00,2026-01-16 20:55:00,1,1,1,0
803,solo_reglas,2026-01-16 22:04:00,2026-01-16 22:04:00,1,1,1,0
803,solo_reglas,2026-01-16 22:42:00,2026-01-16 22:42:00,1,1,1,0
803,solo_reglas,2026-01-16 23:52:00,2026-01-16 23:52:00,1,1,1,0
803,solo_reglas,2026-01-17 06:41:00,2026-01-17 06:41:00,1,1,1,0
803,solo_reglas,2026-01-17 07:01:00,2026-01-17 07:01:00,1,1,1,0
803,solo_reglas,2026-01-17 09:06:00,2026-01-17 09:06:00,1,1,1,0
803,solo_reglas,2026-01-18 23:07:00,2026-01-18 23:07:00,1,1,1,0
803,solo_reglas,2026-01-19 21:38:00,2026-01-19 21:38:00,1,1,1,0
803,solo_reglas,2026-01-20 03:16:00,2026-01-20 03:16:00,1,1,1,0
803,solo_reglas,2026-01-20 04:19:00,2026-01-20 04:19:00,1,1,1,0
803,solo_reglas,2026-01-20 04:42:00,2026-01-20 04:42:00,1,1,1,0
803,solo_reglas,2026-01-20 16:19:00,2026-01-20 16:19:00,1,1,1,0
803,solo_reglas,2026-01-21 08:46:00,2026-01-21 08:46:00,1,1,1,0
803,solo_reglas,2026-01-22 08:00:00,2026-01-22 08:00:00,1,1,1,0
803,solo_reglas,2026-01-22 21:40:00,2026-01-22 21:40:00,1,1,1,0
803,solo_reglas,2026-01-23 02:10:00,2026-01-23 02:10:00,1,1,1,0
803,solo_reglas,2026-01-23 16:49:00,2026-01-23 16:49:00,1,1,1,0
803,solo_reglas,2026-01-24 06:51:00,2026-01-24 06:51:00,1,1,1,0
803,solo_reglas,2026-01-24 19:31:00,2026-01-24 19:31:00,1,1,1,0
803,solo_reglas,2026-01-24 20:53:00,2026-01-24 20:53:00,1,1,1,0
803,solo_reglas,2026-01-24 21:34:00,2026-01-24 21:34:00,1,1,1,0
803,solo_reglas,2026-01-25 06:26:00,2026-01-25 06:26:00,1,1,1,0
803,solo_reglas,2026-01-26 02:42:00,2026-01-26 02:42:00,1,1,1,0
803,solo_reglas,2026-01-26 02:59:00,2026-01-26 02:59:00,1,1,1,0
803,solo_reglas,2026-01-26 08:20:00,2026-01-26 08:20:00,1,1,1,0
803,solo_reglas,2026-01-28 00:56:00,2026-01-28 00:56:00,1,1,1,0
803,solo_reglas,2026-01-28 01:19:00,2026-01-28 01:19:00,1,1,1,0
803,solo_reglas,2026-01-28 01:53:00,2026-01-28 01:53:00,1,1,1,0
803,solo_reglas,2026-01-28 23:03:00,2026-01-28 23:03:00,1,1,1,0
803,solo_reglas,2026-01-29 09:04:00,2026-01-29 09:04:00,1,1,1,0
803,solo_reglas,2026-01-29 11:07:00,2026-01-29 11:07:00,1,1,1,0
803,solo_reglas,2026-01-29 11:33:00,2026-01-29 11:33:00,1,1,1,0
803,solo_reglas,2026-01-29 12:17:00,2026-01-29 12:17:00,1,1,1,0
803,solo_reglas,2026-01-30 00:52:00,2026-01-30 00:52:00,1,1,1,0
803,solo_reglas,2026-01-30 01:58:00,2026-01-30 01:58:00,1,1,1,0
803,solo_reglas,2026-01-30 02:12:00,2026-01-30 02:12:00,1,1,1,0
803,solo_reglas,2026-01-30 04:37:00,2026-01-30 04:37:00,1,1,1,0
803,solo_reglas,2026-01-30 08:31:00,2026-01-30 08:31:00,1,1,1,0
803,solo_reglas,2026-01-30 19:35:00,2026-01-30 19:35:00,1,1,1,0
803,solo_reglas,2026-01-31 09:36:00,2026-01-31 09:36:00,1,1,1,0
803,solo_reglas,2026-01-31 10:48:00,2026-01-31 10:48:00,1,1,1,0
803,solo_reglas,2026-01-31 20:01:00,2026-01-31 20:01:00,1,1,1,0
803,solo_reglas,2026-01-31 20:53:00,2026-01-31 20:53:00,1,1,1,0
803,solo_reglas,2026-01-31 23:50:00,2026-01-31 23:50:00,1,1,1,0
803,solo_reglas,2026-02-01 19:01:00,2026-02-01 19:01:00,1,1,1,0
803,solo_reglas,2026-02-02 06:45:00,2026-02-02 06:45:00,1,1,1,0
803,solo_reglas,2026-02-02 07:20:00,2026-02-02 07:20:00,1,1,1,0
803,solo_reglas,2026-02-02 07:47:00,2026-02-02 07:47:00,1,1,1,0
803,solo_reglas,2026-02-02 16:22:00,2026-02-02 16:22:00,1,1,1,0
803,solo_reglas,2026-02-02 18:16:00,2026-02-02 18:16:00,1,1,1,0
803,solo_reglas,2026-02-02 19:32:00,2026-02-02 19:32:00,1,1,1,0
803,solo_reglas,2026-02-03 10:15:00,2026-02-03 10:15:00,1,1,1,0
803,solo_reglas,2026-02-04 23:57:00,2026-02-04 23:57:00,1,1,1,0
803,solo_reglas,2026-02-06 19:16:00,2026-02-06 19:16:00,1,1,1,0
803,solo_reglas,2026-02-06 23:01:00,2026-02-06 23:01:00,1,1,1,0
803,solo_reglas,2026-02-07 01:49:00,2026-02-07 01:49:00,1,1,1,0
803,solo_reglas,2026-02-07 07:38:00,2026-02-07 07:38:00,1,1,1,0
803,solo_reglas,2026-02-07 18:03:00,2026-02-07 18:03:00,1,1,1,0
803,solo_reglas,2026-02-09 04:56:00,2026-02-09 04:56:00,1,1,1,0
803,solo_reglas,2026-02-09 23:20:00,2026-02-09 23:20:00,1,1,1,0
803,solo_reglas,2026-02-09 23:58:00,2026-02-09 23:58:00,1,1,1,0
803,solo_reglas,2026-02-10 06:35:00,2026-02-10 06:35:00,1,1,1,0
803,solo_reglas,2026-02-10 20:29:00,2026-02-10 20:29:00,1,1,1,0
803,solo_reglas,2026-02-12 00:14:00,2026-02-12 00:14:00,1,1,1,0
803,solo_reglas,2026-02-12 00:33:00,2026-02-12 00:33:00,1,1,1,0
803,solo_reglas,2026-02-12 03:23:00,2026-02-12 03:23:00,1,1,1,0
803,solo_reglas,2026-02-12 09:42:00,2026-02-12 09:42:00,1,1,1,0
803,solo_reglas,2026-02-12 10:53:00,2026-02-12 10:53:00,1,1,1,0
803,solo_reglas,2026-02-12 11:23:00,2026-02-12 11:23:00,1,1,1,0
803,solo_reglas,2026-02-13 06:49:00,2026-02-13 06:49:00,1,1,1,0
803,solo_reglas,2026-02-13 10:07:00,2026-02-13 10:07:00,1,1,1,0
803,solo_reglas,2026-02-14 06:34:00,2026-02-14 06:34:00,1,1,1,0
803,solo_reglas,2026-02-14 06:54:00,2026-02-14 06:54:00,1,1,1,0
803,solo_reglas,2026-02-14 20:37:00,2026-02-14 20:37:00,1,1,1,0
803,solo_reglas,2026-02-15 10:57:00,2026-02-15 10:57:00,1,1,1,0
803,solo_reglas,2026-02-15 12:08:00,2026-02-15 12:08:00,1,1,1,0
803,solo_reglas,2026-02-15 18:12:00,2026-02-15 18:12:00,1,1,1,0
803,solo_reglas,2026-02-15 20:58:00,2026-02-15 20:58:00,1,1,1,0
803,solo_reglas,2026-02-16 09:52:00,2026-02-16 09:52:00,1,1,1,0
803,solo_reglas,2026-02-16 10:34:00,2026-02-16 10:34:00,1,1,1,0
803,solo_reglas,2026-02-16 22:48:00,2026-02-16 22:48:00,1,1,1,0
803,solo_reglas,2026-02-17 02:05:00,2026-02-17 02:05:00,1,1,1,0
803,solo_reglas,2026-02-17 17:33:00,2026-02-17 17:33:00,1,1,1,0
803,solo_reglas,2026-02-17 17:58:00,2026-02-17 17:58:00,1,1,1,0
803,solo_reglas,2026-02-17 18:33:00,2026-02-17 18:33:00,1,1,1,0
803,solo_reglas,2026-02-17 18:48:00,2026-02-17 18:48:00,1,1,1,0
803,solo_reglas,2026-02-17 20:06:00,2026-02-17 20:06:00,1,1,1,0
803,solo_reglas,2026-02-18 06:08:00,2026-02-18 06:08:00,1,1,1,0
803,solo_reglas,2026-02-18 09:04:00,2026-02-18 09:04:00,1,1,1,0
803,solo_reglas,2026-02-18 20:08:00,2026-02-18 20:08:00,1,1,1,0
803,solo_reglas,2026-02-18 20:59:00,2026-02-18 20:59:00,1,1,1,0
803,solo_reglas,2026-02-18 23:43:00,2026-02-18 23:43:00,1,1,1,0
803,solo_reglas,2026-02-19 05:54:00,2026-02-19 05:54:00,1,1,1,0
803,solo_reglas,2026-02-19 06:09:00,2026-02-19 06:09:00,1,1,1,0
803,solo_reglas,2026-02-19 17:05:00,2026-02-19 17:05:00,1,1,1,0
803,solo_reglas,2026-02-19 19:03:00,2026-02-19 19:03:00,1,1,1,0
803,solo_reglas,2026-02-20 07:21:00,2026-02-20 07:21:00,1,1,1,0
803,solo_reglas,2026-02-21 08:29:00,2026-02-21 08:29:00,1,1,1,0
803,solo_reglas,2026-02-21 18:53:00,2026-02-21 18:53:00,1,1,1,0
803,solo_reglas,2026-02-21 20:02:00,2026-02-21 20:02:00,1,1,1,0
803,solo_reglas,2026-02-21 22:21:00,2026-02-21 22:21:00,1,1,1,0
803,solo_reglas,2026-02-21 23:32:00,2026-02-21 23:32:00,1,1,1,0
803,solo_reglas,2026-02-22 08:39:00,2026-02-22 08:39:00,1,1,1,0
803,solo_reglas,2026-02-22 12:18:00,2026-02-22 12:18:00,1,1,1,0
803,solo_reglas,2026-02-22 12:40:00,2026-02-22 12:40:00,1,1,1,0
803,solo_reglas,2026-02-22 20:28:00,2026-02-22 20:28:00,1,1,1,0
803,solo_reglas,2026-02-23 05:44:00,2026-02-23 05:44:00,1,1,1,0
803,solo_reglas,2026-02-23 06:08:00,2026-02-23 06:08:00,1,1,1,0
803,solo_reglas,2026-02-23 08:21:00,2026-02-23 08:21:00,1,1,1,0
803,solo_reglas,2026-02-23 17:43:00,2026-02-23 17:43:00,1,1,1,0
803,solo_reglas,2026-02-23 18:07:00,2026-02-23 18:07:00,1,1,1,0
803,solo_reglas,2026-02-23 23:07:00,2026-02-23 23:07:00,1,1,1,0
803,solo_reglas,2026-02-24 12:51:00,2026-02-24 12:51:00,1,1,1,0
803,solo_reglas,2026-02-24 17:58:00,2026-02-24 17:58:00,1,1,1,0
803,solo_reglas,2026-02-24 18:11:00,2026-02-24 18:11:00,1,1,1,0
803,solo_reglas,2026-02-24 21:13:00,2026-02-24 21:13:00,1,1,1,0
803,solo_reglas,2026-02-25 20:43:00,2026-02-25 20:43:00,1,1,1,0
803,solo_reglas,2026-02-27 05:01:00,2026-02-27 05:01:00,1,1,1,0
803,solo_reglas,2026-02-27 05:48:00,2026-02-27 05:48:00,1,1,1,0
803,solo_reglas,2026-02-27 06:48:00,2026-02-27 06:48:00,1,1,1,0
803,solo_reglas,2026-02-27 20:14:00,2026-02-27 20:14:00,1,1,1,0
803,solo_reglas,2026-02-28 22:10:00,2026-02-28 22:10:00,1,1,1,0
803,solo_reglas,2026-02-28 22:34:00,2026-02-28 22:34:00,1,1,1,0
803,solo_reglas,2026-03-01 03:36:00,2026-03-01 03:36:00,1,1,1,0
803,solo_reglas,2026-03-01 03:51:00,2026-03-01 03:51:00,1,1,1,0
803,solo_reglas,2026-03-01 07:32:00,2026-03-01 07:32:00,1,1,1,0
803,solo_reglas,2026-03-01 09:06:00,2026-03-01 09:06:00,1,1,1,0
803,solo_reglas,2026-04-01 21:55:00,2026-04-01 21:55:00,1,1,1,0
803,solo_reglas,2026-04-01 22:14:00,2026-04-01 22:14:00,1,1,1,0
803,solo_reglas,2026-04-10 00:07:00,2026-04-10 00:07:00,1,1,1,0
803,solo_reglas,2026-04-10 00:57:00,2026-04-10 00:57:00,1,1,1,0
803,solo_reglas,2026-04-10 06:16:00,2026-04-10 06:16:00,1,1,1,0
803,solo_reglas,2026-04-10 06:56:00,2026-04-10 06:56:00,1,1,1,0
803,solo_reglas,2026-04-12 21:01:00,2026-04-12 21:01:00,1,1,1,0
803,solo_reglas,2026-04-15 00:19:00,2026-04-15 00:19:00,1,1,1,0
803,solo_reglas,2026-04-15 00:42:00,2026-04-15 00:42:00,1,1,1,0
803,solo_reglas,2026-04-15 04:23:00,2026-04-15 04:23:00,1,1,1,0
803,solo_reglas,2026-04-21 05:30:00,2026-04-21 05:30:00,1,1,1,0
803,solo_reglas,2026-04-21 06:28:00,2026-04-21 06:28:00,1,1,1,0
803,solo_reglas,2026-04-26 01:12:00,2026-04-26 01:12:00,1,1,1,0
803,solo_reglas,2026-04-30 08:01:00,2026-04-30 08:01:00,1,1,1,0
