estacion,variable,inicio,fin,minutos,fuentes,reglas,codigo_equipo,valor_pico_desviacion,lluvia_previa_mm,coincide_en_otras,clase,confianza,justificacion,accion,proteger_extremo
35,p1,2025-12-01 00:04:00,2025-12-01 00:17:00,14,"reglas,iforest",I:cociente_diario_p2_p1,1,0.762,1.27,0,evento_fisico_real,media,ambos canales registran lluvia; la diferencia es de intensidad,"conservar, marcar y no eliminar",True
35,p1,2025-12-01 04:03:00,2025-12-01 04:03:00,1,"reglas,etiqueta",I:cociente_diario_p2_p1,1512,0.0,21.34,0,falla_sensor,baja,un canal registra lluvia y el otro no,excluir de productos y programar revisión del sensor,False
35,p1,2025-12-01 18:09:00,2025-12-01 18:09:00,1,"reglas,etiqueta",I:cociente_diario_p2_p1,1512,0.0,3.3,0,falla_sensor,baja,un canal registra lluvia y el otro no,excluir de productos y programar revisión del sensor,False
35,p1,2025-12-01 23:00:00,2025-12-01 23:00:00,1,"reglas,etiqueta",I:cociente_diario_p2_p1,1511,0.254,1.27,0,falla_sensor,baja,un canal registra lluvia y el otro no,excluir de productos y programar revisión del sensor,False
35,p1,2025-12-04 22:06:00,2025-12-04 22:25:00,20,"reglas,iforest",I:canales_discrepan_10min,1,1.016,7.62,0,evento_fisico_real,media,ambos canales registran lluvia; la diferencia es de intensidad,"conservar, marcar y no eliminar",True
35,p1,2025-12-05 01:21:00,2025-12-05 01:21:00,1,"reglas,etiqueta",I:cociente_diario_p2_p1,1512,0.0,20.32,1,falla_sensor,baja,un canal registra lluvia y el otro no,excluir de productos y programar revisión del sensor,False
35,p1,2025-12-05 04:58:00,2025-12-05 05:01:00,4,"reglas,iforest",I:cociente_diario_p2_p1,1,0.254,1.27,0,evento_fisico_real,media,ambos canales registran lluvia; la diferencia es de intensidad,"conservar, marcar y no eliminar",True
35,p1,2025-12-05 06:15:00,2025-12-05 06:15:00,1,"reglas,iforest",I:cociente_diario_p2_p1,1,0.0,1.78,0,falla_sensor,baja,un canal registra lluvia y el otro no,excluir de productos y programar revisión del sensor,False
35,p1,2025-12-05 06:54:00,2025-12-05 07:02:00,9,"reglas,iforest",I:cociente_diario_p2_p1,1,0.508,2.54,0,evento_fisico_real,media,ambos canales registran lluvia; la diferencia es de intensidad,"conservar, marcar y no eliminar",True
35,p1,2025-12-15 13:26:00,2025-12-15 13:26:00,1,"iforest,etiqueta",,2,0.508,0.51,0,evento_fisico_real,media,intensidad extrema registrada por los dos canales,"conservar, marcar y no eliminar",True
35,p1,2025-12-16 10:51:00,2025-12-16 10:52:00,2,"reglas,iforest,etiqueta",E:lluvia_sin_respaldo_en_367,251,2.032,2.03,0,evento_fisico_real,media,intensidad extrema registrada por los dos canales,"conservar, marcar y no eliminar",True
35,p1,2025-12-16 15:26:00,2025-12-16 15:26:00,1,"reglas,iforest",I:canales_discrepan_10min,1,0.508,8.89,0,evento_fisico_real,media,ambos canales registran lluvia; la diferencia es de intensidad,"conservar, marcar y no eliminar",True
35,p1,2026-01-06 18:21:00,2026-01-06 18:23:00,3,"reglas,iforest",I:canales_discrepan_10min,1,0.254,14.99,0,evento_fisico_real,media,ambos canales registran lluvia; la diferencia es de intensidad,"conservar, marcar y no eliminar",True
35,p1,2026-01-08 11:26:00,2026-01-08 11:35:00,10,"reglas,etiqueta",F:centinela,151,0.0,0.06,2,falla_comunicacion,alta,faltante o centinela que coincide con huecos en 2 estación(es) más: causa común en la recepción,no imputar a ciegas; recuperar del datalogger,False
35,p1,2026-01-08 11:59:00,2026-01-08 12:01:00,3,"reglas,etiqueta",F:centinela,151,0.0,0.01,2,falla_comunicacion,alta,faltante o centinela que coincide con huecos en 2 estación(es) más: causa común en la recepción,no imputar a ciegas; recuperar del datalogger,False
35,p1,2026-01-08 16:16:00,2026-01-08 16:17:00,2,"reglas,etiqueta",F:centinela,151,,0.25,2,falla_comunicacion,alta,faltante o centinela que coincide con huecos en 2 estación(es) más: causa común en la recepción,no imputar a ciegas; recuperar del datalogger,False
35,p1,2026-01-10 16:34:00,2026-01-10 16:38:00,5,"reglas,iforest",I:canales_discrepan_10min,1,0.762,8.38,0,evento_fisico_real,media,ambos canales registran lluvia; la diferencia es de intensidad,"conservar, marcar y no eliminar",True
35,p1,2026-01-11 09:57:00,2026-01-11 10:04:00,8,"reglas,iforest",I:canales_discrepan_10min,1,1.016,6.35,0,evento_fisico_real,media,ambos canales registran lluvia; la diferencia es de intensidad,"conservar, marcar y no eliminar",True
35,p1,2026-01-12 09:20:00,2026-01-12 09:38:00,19,"reglas,iforest",I:canales_discrepan_10min,1,1.016,7.87,0,evento_fisico_real,media,ambos canales registran lluvia; la diferencia es de intensidad,"conservar, marcar y no eliminar",True
35,p1,2026-01-12 16:06:00,2026-01-12 16:07:00,2,"reglas,iforest",I:canales_discrepan_10min,1,0.762,13.72,0,evento_fisico_real,media,ambos canales registran lluvia; la diferencia es de intensidad,"conservar, marcar y no eliminar",True
35,p1,2026-01-13 04:24:00,2026-01-13 04:24:00,1,"reglas,etiqueta",I:cociente_diario_p2_p1,1511,0.254,1.02,0,falla_sensor,baja,un canal registra lluvia y el otro no,excluir de productos y programar revisión del sensor,False
35,p1,2026-01-13 08:02:00,2026-01-13 08:02:00,1,"reglas,etiqueta",I:cociente_diario_p2_p1,1511,0.254,1.52,0,falla_sensor,baja,un canal registra lluvia y el otro no,excluir de productos y programar revisión del sensor,False
35,p1,2026-01-16 11:09:00,2026-01-16 11:14:00,6,"reglas,iforest,etiqueta",I:canales_discrepan_10min;I:cociente_diario_p2_p1;E:lluvia_sin_respaldo_en_367,1512,2.032,0.0,0,evento_fisico_real,media,ambos canales registran lluvia; la diferencia es de intensidad,"conservar, marcar y no eliminar",True
35,p1,2026-02-06 02:13:00,2026-02-06 02:13:00,1,"reglas,iforest",I:canales_discrepan_10min,1,1.27,19.3,0,evento_fisico_real,media,ambos canales registran lluvia; la diferencia es de intensidad,"conservar, marcar y no eliminar",True
35,p1,2026-02-14 16:14:00,2026-02-14 16:17:00,4,"reglas,iforest",I:canales_discrepan_10min,1,0.508,11.43,0,evento_fisico_real,media,ambos canales registran lluvia; la diferencia es de intensidad,"conservar, marcar y no eliminar",True
35,p1,2026-02-18 12:13:00,2026-02-18 12:13:00,1,"reglas,etiqueta",I:canales_discrepan_10min,1511,0.254,0.76,0,falla_sensor,baja,un canal registra lluvia y el otro no,excluir de productos y programar revisión del sensor,False
35,p1,2026-02-18 12:27:00,2026-02-18 12:28:00,2,"reglas,iforest,etiqueta",I:canales_discrepan_10min;E:lluvia_sin_respaldo_en_367,1511,2.032,3.05,0,evento_fisico_real,media,ambos canales registran lluvia; la diferencia es de intensidad,"conservar, marcar y no eliminar",True
35,p1,2026-02-22 15:16:00,2026-02-22 15:21:00,6,"reglas,iforest",I:canales_discrepan_10min,1,0.508,8.64,0,evento_fisico_real,media,ambos canales registran lluvia; la diferencia es de intensidad,"conservar, marcar y no eliminar",True
35,p1,2026-02-25 01:08:00,2026-02-25 01:08:00,1,"reglas,iforest",I:cociente_diario_p2_p1,1,0.508,8.89,0,evento_fisico_real,media,ambos canales registran lluvia; la diferencia es de intensidad,"conservar, marcar y no eliminar",True
35,p1,2026-02-25 10:07:00,2026-02-25 10:07:00,1,"reglas,etiqueta",I:cociente_diario_p2_p1,1512,0.0,0.07,0,falla_sensor,baja,un canal registra lluvia y el otro no,excluir de productos y programar revisión del sensor,False
35,p1,2026-03-05 15:16:00,2026-03-05 15:21:00,6,"reglas,iforest,etiqueta",I:canales_discrepan_10min,1511,2.032,20.57,0,evento_fisico_real,media,ambos canales registran lluvia; la diferencia es de intensidad,"conservar, marcar y no eliminar",True
35,p1,2026-03-09 15:39:00,2026-03-09 15:39:00,1,"reglas,iforest",I:canales_discrepan_10min,1,0.0,15.75,0,falla_sensor,baja,un canal registra lluvia y el otro no,excluir de productos y programar revisión del sensor,False
35,p1,2026-03-23 06:02:00,2026-03-23 06:02:00,1,"iforest,etiqueta",,1512,0.0,2.03,0,indeterminado,baja,"señalado por iforest,etiqueta sin una regla determinista que identifique la causa",conservar marcado hasta contrastar con otras fuentes,False
35,p1,2026-03-25 19:46:00,2026-03-25 19:46:00,1,"reglas,etiqueta",F:centinela,151,,0.16,2,falla_comunicacion,alta,faltante o centinela que coincide con huecos en 2 estación(es) más: causa común en la recepción,no imputar a ciegas; recuperar del datalogger,False
35,p1,2026-03-27 10:05:00,2026-03-27 10:17:00,13,"reglas,iforest",I:canales_discrepan_10min,1,2.032,10.41,0,evento_fisico_real,media,ambos canales registran lluvia; la diferencia es de intensidad,"conservar, marcar y no eliminar",True
35,p1,2026-04-03 16:16:00,2026-04-03 16:27:00,12,"reglas,iforest",I:canales_discrepan_10min,1,2.286,17.02,0,evento_fisico_real,media,ambos canales registran lluvia; la diferencia es de intensidad,"conservar, marcar y no eliminar",True
35,p1,2026-04-16 05:20:00,2026-04-16 05:54:00,35,"reglas,iforest",I:canales_discrepan_10min,1,2.032,5.59,0,evento_fisico_real,media,ambos canales registran lluvia; la diferencia es de intensidad,"conservar, marcar y no eliminar",True
35,p1,2026-04-17 00:25:00,2026-04-17 00:25:00,1,"reglas,iforest",I:canales_discrepan_10min,1,0.254,24.64,0,falla_sensor,baja,un canal registra lluvia y el otro no,excluir de productos y programar revisión del sensor,False
35,p1,2026-04-17 21:30:00,2026-04-17 21:31:00,2,"reglas,iforest",I:canales_discrepan_10min,1,0.254,5.33,0,evento_fisico_real,media,ambos canales registran lluvia; la diferencia es de intensidad,"conservar, marcar y no eliminar",True
35,p1,2026-04-22 10:38:00,2026-04-22 10:41:00,4,"reglas,iforest,etiqueta",I:canales_discrepan_10min,1512,2.032,0.25,0,evento_fisico_real,media,ambos canales registran lluvia; la diferencia es de intensidad,"conservar, marcar y no eliminar",True
35,p1,2026-04-25 11:37:00,2026-04-25 11:37:00,1,"reglas,etiqueta",I:cociente_diario_p2_p1,1512,0.0,0.02,0,falla_sensor,baja,un canal registra lluvia y el otro no,excluir de productos y programar revisión del sensor,False
35,p1,2026-04-25 12:32:00,2026-04-25 12:32:00,1,"reglas,iforest,etiqueta",I:cociente_diario_p2_p1,1512,0.0,0.02,0,falla_sensor,baja,un canal registra lluvia y el otro no,excluir de productos y programar revisión del sensor,False
35,p1,2026-04-26 00:22:00,2026-04-26 00:29:00,8,"reglas,iforest",I:canales_discrepan_10min,1,1.016,4.83,0,evento_fisico_real,media,ambos canales registran lluvia; la diferencia es de intensidad,"conservar, marcar y no eliminar",True
35,p1,2026-04-27 15:04:00,2026-04-27 15:04:00,1,"reglas,iforest",I:canales_discrepan_10min,1,0.762,16.76,0,evento_fisico_real,media,ambos canales registran lluvia; la diferencia es de intensidad,"conservar, marcar y no eliminar",True
367,t,2025-12-02 11:01:00,2025-12-02 11:02:00,2,,F:faltante,-1,,0.02,0,falla_comunicacion,media,faltante o centinela sin coincidencia en otras estaciones,no imputar a ciegas; recuperar del datalogger,False
367,t,2025-12-02 12:01:00,2025-12-02 12:02:00,2,,F:faltante,-1,,0.02,0,falla_comunicacion,media,faltante o centinela sin coincidencia en otras estaciones,no imputar a ciegas; recuperar del datalogger,False
367,t,2025-12-02 13:01:00,2025-12-02 13:02:00,2,,F:faltante,-1,,0.0,0,falla_comunicacion,media,faltante o centinela sin coincidencia en otras estaciones,no imputar a ciegas; recuperar del datalogger,False
367,t,2025-12-02 14:01:00,2025-12-02 14:02:00,2,,F:faltante,-1,,0.0,0,falla_comunicacion,media,faltante o centinela sin coincidencia en otras estaciones,no imputar a ciegas; recuperar del datalogger,False
367,t,2025-12-02 15:01:00,2025-12-02 15:01:00,1,,F:faltante,-1,,0.0,0,falla_comunicacion,media,faltante o centinela sin coincidencia en otras estaciones,no imputar a ciegas; recuperar del datalogger,False
367,t,2025-12-04 09:10:00,2025-12-04 09:50:00,41,"reglas,mad,iforest",J:t_horario,1,1.4000000000000021,1.52,0,indeterminado,baja,"señalado por reglas,mad,iforest sin una regla determinista que identifique la causa",conservar marcado hasta contrastar con otras fuentes,False
367,h,2025-12-05 04:23:00,2025-12-05 05:32:00,70,reglas,P:h,1,0.0,3.81,0,falla_sensor,alta,valor congelado (P:h) durante 70 min,excluir de productos y programar revisión del sensor,False
367,t,2025-12-07 15:01:00,2025-12-07 15:18:00,18,"reglas,mad,iforest",J:t_horario;I:lluvia_con_humedad_baja,1,0.35999999999999943,0.17,0,evento_fisico_real,media,salto de temperatura acompañado de lluvia en la misma ventana,"conservar, marcar y no eliminar",True
367,t,2025-12-07 15:35:00,2025-12-07 15:35:00,1,"reglas,iforest",J:t_horario,1,0.21999999999999886,1.78,0,falla_sensor,media,salto aislado (J:t_horario) de 1 min que revierte,excluir de productos y programar revisión del sensor,False
367,t,2025-12-07 16:01:00,2025-12-07 16:02:00,2,,F:faltante,-1,,2.29,0,falla_comunicacion,media,faltante o centinela sin coincidencia en otras estaciones,no imputar a ciegas; recuperar del datalogger,False
367,t,2025-12-15 13:18:00,2025-12-15 13:31:00,14,"reglas,mad,iforest",I:lluvia_con_humedad_baja,1,0.8900000000000006,0.01,0,falla_sensor,baja,incoherencia entre variables (I:lluvia_con_humedad_baja),excluir de productos y programar revisión del sensor,False
367,t,2025-12-16 15:17:00,2025-12-16 15:27:00,11,"reglas,mad,iforest",J:t_horario,1,0.8200000000000003,3.05,0,evento_fisico_real,media,salto de temperatura acompañado de lluvia en la misma ventana,"conservar, marcar y no eliminar",True
367,t,2025-12-18 15:09:00,2025-12-18 15:59:00,51,"reglas,mad,iforest",J:t_horario;I:lluvia_con_humedad_baja,1,2.9000000000000004,0.76,0,evento_fisico_real,media,salto de temperatura acompañado de lluvia en la misma ventana,"conservar, marcar y no eliminar",True
367,t,2025-12-21 16:41:00,2025-12-21 17:36:00,56,"reglas,mad,iforest",J:t_horario,1,0.3000000000000007,0.01,0,evento_fisico_real,media,salto de temperatura acompañado de lluvia en la misma ventana,"conservar, marcar y no eliminar",True
367,t,2025-12-29 18:36:00,2025-12-29 18:36:00,1,"reglas,mad",J:t_horario,1,0.0,0.0,0,falla_sensor,media,salto aislado (J:t_horario) de 1 min que revierte,excluir de productos y programar revisión del sensor,False
367,h,2025-12-30 04:57:00,2025-12-30 05:57:00,61,reglas,P:h,1,0.0,0.0,0,falla_sensor,alta,valor congelado (P:h) durante 61 min,excluir de productos y programar revisión del sensor,False
367,t,2026-01-01 10:39:00,2026-01-01 10:39:00,1,"reglas,mad,etiqueta",I:lluvia_con_humedad_baja,1511,1.129999999999999,0.01,0,falla_sensor,baja,incoherencia entre variables (I:lluvia_con_humedad_baja),excluir de productos y programar revisión del sensor,False
367,t,2026-01-05 13:09:00,2026-01-05 13:47:00,39,"reglas,iforest",J:t_horario,1,1.6000000000000014,0.25,0,evento_fisico_real,media,salto de temperatura acompañado de lluvia en la misma ventana,"conservar, marcar y no eliminar",True
367,t,2026-01-07 11:20:00,2026-01-07 11:20:00,1,"reglas,etiqueta",I:lluvia_con_humedad_baja,1511,0.1700000000000017,0.01,0,falla_sensor,baja,incoherencia entre variables (I:lluvia_con_humedad_baja),excluir de productos y programar revisión del sensor,False
367,t,2026-01-08 11:11:00,2026-01-08 11:12:00,2,,F:faltante,-1,,0.06,0,falla_comunicacion,media,faltante o centinela sin coincidencia en otras estaciones,no imputar a ciegas; recuperar del datalogger,False
367,t,2026-01-08 11:26:00,2026-01-08 11:47:00,22,mad,F:faltante,1,1.0700000000000003,0.06,2,falla_comunicacion,alta,faltante o centinela que coincide con huecos en 2 estación(es) más: causa común en la recepción,no imputar a ciegas; recuperar del datalogger,False
367,t,2026-01-08 11:59:00,2026-01-08 12:02:00,4,,F:faltante,-1,,0.01,2,falla_comunicacion,alta,faltante o centinela que coincide con huecos en 2 estación(es) más: causa común en la recepción,no imputar a ciegas; recuperar del datalogger,False
367,t,2026-01-08 13:02:00,2026-01-08 13:03:00,2,,F:faltante,-1,,0.08,0,falla_comunicacion,media,faltante o centinela sin coincidencia en otras estaciones,no imputar a ciegas; recuperar del datalogger,False
367,t,2026-01-08 13:16:00,2026-01-08 13:17:00,2,,F:faltante,-1,,0.25,1,falla_comunicacion,alta,faltante o centinela que coincide con huecos en 1 estación(es) más: causa común en la recepción,no imputar a ciegas; recuperar del datalogger,False
367,t,2026-01-08 16:16:00,2026-01-08 16:18:00,3,,F:faltante,-1,,0.25,2,falla_comunicacion,alta,faltante o centinela que coincide con huecos en 2 estación(es) más: causa común en la recepción,no imputar a ciegas; recuperar del datalogger,False
367,t,2026-01-09 14:03:00,2026-01-09 14:11:00,9,"reglas,iforest",J:t_horario,1,0.0,1.02,0,evento_fisico_real,media,salto de temperatura acompañado de lluvia en la misma ventana,"conservar, marcar y no eliminar",True
367,t,2026-01-16 12:32:00,2026-01-16 12:32:00,1,"reglas,etiqueta",I:lluvia_con_humedad_baja,1511,0.14000000000000057,2.03,0,falla_sensor,baja,incoherencia entre variables (I:lluvia_con_humedad_baja),excluir de productos y programar revisión del sensor,False
367,t,2026-01-16 12:47:00,2026-01-16 12:47:00,1,"reglas,etiqueta",I:lluvia_con_humedad_baja,1511,0.360000000000003,2.03,0,falla_sensor,baja,incoherencia entre variables (I:lluvia_con_humedad_baja),excluir de productos y programar revisión del sensor,False
367,t,2026-01-16 15:16:00,2026-01-16 15:22:00,7,"reglas,etiqueta",I:lluvia_con_humedad_baja,1511,0.1999999999999993,2.03,0,falla_sensor,baja,incoherencia entre variables (I:lluvia_con_humedad_baja),excluir de productos y programar revisión del sensor,False
367,t,2026-01-19 13:59:00,2026-01-19 14:59:00,61,"reglas,mad,iforest",J:t_horario;I:lluvia_con_humedad_baja,1,2.460000000000001,0.02,0,evento_fisico_real,media,salto de temperatura acompañado de lluvia en la misma ventana,"conservar, marcar y no eliminar",True
367,t,2026-01-20 11:33:00,2026-01-20 11:33:00,1,"reglas,mad",I:lluvia_con_humedad_baja,1,1.2899999999999991,0.02,0,falla_sensor,baja,incoherencia entre variables (I:lluvia_con_humedad_baja),excluir de productos y programar revisión del sensor,False
367,t,2026-01-20 12:54:00,2026-01-20 12:59:00,6,"reglas,mad",I:lluvia_con_humedad_baja,1,1.6999999999999993,0.05,0,falla_sensor,baja,incoherencia entre variables (I:lluvia_con_humedad_baja),excluir de productos y programar revisión del sensor,False
367,t,2026-01-20 15:09:00,2026-01-20 15:35:00,27,"reglas,mad,iforest",J:t_horario,1,1.9800000000000004,2.29,0,evento_fisico_real,media,salto de temperatura acompañado de lluvia en la misma ventana,"conservar, marcar y no eliminar",True
367,t,2026-01-21 11:08:00,2026-01-21 11:08:00,1,"reglas,etiqueta",I:lluvia_con_humedad_baja,1511,0.15000000000000213,0.01,0,falla_sensor,baja,incoherencia entre variables (I:lluvia_con_humedad_baja),excluir de productos y programar revisión del sensor,False
367,t,2026-01-26 15:36:00,2026-01-26 16:04:00,29,"reglas,mad,iforest",J:t_horario;I:lluvia_con_humedad_baja,1,2.4499999999999993,0.01,0,evento_fisico_real,media,salto de temperatura acompañado de lluvia en la misma ventana,"conservar, marcar y no eliminar",True
367,h,2026-01-26 23:53:00,2026-01-27 01:06:00,74,"reglas,mad,iforest",P:h,1,1.0,26.16,0,falla_sensor,alta,valor congelado (P:h) durante 74 min,excluir de productos y programar revisión del sensor,False
367,t,2026-01-28 15:05:00,2026-01-28 15:24:00,20,"reglas,mad,iforest",J:t_horario,1,0.6400000000000006,0.25,0,evento_fisico_real,media,salto de temperatura acompañado de lluvia en la misma ventana,"conservar, marcar y no eliminar",True
367,t,2026-01-31 05:18:00,2026-01-31 06:14:00,57,"reglas,etiqueta",P:humedad100_sin_lluvia,154,0.1999999999999993,2.54,0,falla_sensor,alta,valor congelado (P:humedad100_sin_lluvia) durante 57 min,excluir de productos y programar revisión del sensor,False
367,h,2026-02-01 02:33:00,2026-02-01 03:50:00,78,"reglas,etiqueta",P:h,1511,0.0,0.0,0,falla_sensor,alta,valor congelado (P:h) durante 78 min,excluir de productos y programar revisión del sensor,False
367,t,2026-02-01 14:01:00,2026-02-01 14:02:00,2,,F:faltante,-1,,0.2,0,falla_comunicacion,media,faltante o centinela sin coincidencia en otras estaciones,no imputar a ciegas; recuperar del datalogger,False
367,h,2026-02-01 18:28:00,2026-02-01 19:39:00,72,reglas,P:h,1,0.0,7.87,0,falla_sensor,alta,valor congelado (P:h) durante 72 min,excluir de productos y programar revisión del sensor,False
367,t,2026-02-01 20:42:00,2026-02-01 21:13:00,32,"mad,etiqueta",,1511,0.17999999999999972,8.13,0,indeterminado,baja,"señalado por mad,etiqueta sin una regla determinista que identifique la causa",conservar marcado hasta contrastar con otras fuentes,False
367,t,2026-02-01 21:53:00,2026-02-01 21:53:00,1,"mad,etiqueta",,1511,0.10000000000000142,4.32,0,indeterminado,baja,"señalado por mad,etiqueta sin una regla determinista que identifique la causa",conservar marcado hasta contrastar con otras fuentes,False
367,h,2026-02-01 23:19:00,2026-02-02 00:27:00,69,"reglas,etiqueta",P:h,1511,0.3499999999999943,1.52,0,falla_sensor,alta,valor congelado (P:h) durante 69 min,excluir de productos y programar revisión del sensor,False
367,t,2026-02-04 12:07:00,2026-02-04 12:07:00,1,"reglas,etiqueta",I:lluvia_con_humedad_baja,1511,0.8000000000000007,0.01,0,falla_sensor,baja,incoherencia entre variables (I:lluvia_con_humedad_baja),excluir de productos y programar revisión del sensor,False
367,t,2026-02-04 16:01:00,2026-02-04 16:02:00,2,,F:faltante,-1,,0.01,0,falla_comunicacion,media,faltante o centinela sin coincidencia en otras estaciones,no imputar a ciegas; recuperar del datalogger,False
367,t,2026-02-04 20:01:00,2026-02-04 20:02:00,2,,F:faltante,-1,,0.0,0,falla_comunicacion,media,faltante o centinela sin coincidencia en otras estaciones,no imputar a ciegas; recuperar del datalogger,False
367,t,2026-02-05 11:01:00,2026-02-05 11:02:00,2,,F:faltante,-1,,0.0,0,falla_comunicacion,media,faltante o centinela sin coincidencia en otras estaciones,no imputar a ciegas; recuperar del datalogger,False
367,t,2026-02-05 15:20:00,2026-02-05 15:30:00,11,"reglas,mad,iforest",J:t_horario,1,0.4299999999999997,0.37,0,evento_fisico_real,media,salto de temperatura acompañado de lluvia en la misma ventana,"conservar, marcar y no eliminar",True
367,t,2026-02-05 16:07:00,2026-02-05 16:59:00,53,"reglas,mad,iforest",J:t_horario;I:lluvia_con_humedad_baja,1,2.9399999999999995,3.05,0,evento_fisico_real,media,salto de temperatura acompañado de lluvia en la misma ventana,"conservar, marcar y no eliminar",True
367,h,2026-02-07 00:21:00,2026-02-07 01:40:00,80,reglas,P:h,1,0.3299999999999983,0.0,0,falla_sensor,alta,valor congelado (P:h) durante 80 min,excluir de productos y programar revisión del sensor,False
367,t,2026-02-07 16:06:00,2026-02-07 16:10:00,5,"reglas,iforest",J:t_horario,1,0.41999999999999815,0.25,0,evento_fisico_real,media,salto de temperatura acompañado de lluvia en la misma ventana,"conservar, marcar y no eliminar",True
367,t,2026-02-08 13:16:00,2026-02-08 13:16:00,1,"reglas,etiqueta",I:lluvia_con_humedad_baja,1511,0.120000000000001,0.04,0,falla_sensor,baja,incoherencia entre variables (I:lluvia_con_humedad_baja),excluir de productos y programar revisión del sensor,False
367,t,2026-02-10 14:16:00,2026-02-10 14:18:00,3,"reglas,etiqueta",I:lluvia_con_humedad_baja,1511,0.09999999999999787,0.01,0,falla_sensor,baja,incoherencia entre variables (I:lluvia_con_humedad_baja),excluir de productos y programar revisión del sensor,False
367,t,2026-02-11 14:27:00,2026-02-11 14:58:00,32,"reglas,mad,iforest",J:t_horario;I:lluvia_con_humedad_baja,1,1.5100000000000016,0.04,0,evento_fisico_real,media,salto de temperatura acompañado de lluvia en la misma ventana,"conservar, marcar y no eliminar",True
367,t,2026-02-14 14:33:00,2026-02-14 14:33:00,1,"reglas,etiqueta",I:lluvia_con_humedad_baja,1511,0.0799999999999983,0.02,0,falla_sensor,baja,incoherencia entre variables (I:lluvia_con_humedad_baja),excluir de productos y programar revisión del sensor,False
367,t,2026-02-14 15:57:00,2026-02-14 15:59:00,3,"reglas,mad,iforest",J:t_horario,1,0.0,5.08,0,falla_sensor,media,salto aislado (J:t_horario) de 3 min que revierte,excluir de productos y programar revisión del sensor,False
367,h,2026-02-15 01:23:00,2026-02-15 02:52:00,90,reglas,P:h,1,0.0,0.0,0,falla_sensor,alta,valor congelado (P:h) durante 90 min,excluir de productos y programar revisión del sensor,False
367,h,2026-02-17 00:14:00,2026-02-17 01:14:00,61,reglas,P:h,1,0.23000000000000398,0.51,0,falla_sensor,alta,valor congelado (P:h) durante 61 min,excluir de productos y programar revisión del sensor,False
367,t,2026-02-17 14:29:00,2026-02-17 14:29:00,1,"reglas,etiqueta",I:lluvia_con_humedad_baja,1511,2.240000000000002,0.01,0,falla_sensor,baja,incoherencia entre variables (I:lluvia_con_humedad_baja),excluir de productos y programar revisión del sensor,False
367,t,2026-02-17 15:18:00,2026-02-17 15:32:00,15,"reglas,mad,etiqueta",I:lluvia_con_humedad_baja,1511,0.0,0.02,0,falla_sensor,baja,incoherencia entre variables (I:lluvia_con_humedad_baja),excluir de productos y programar revisión del sensor,False
367,t,2026-02-19 13:46:00,2026-02-19 13:51:00,6,"reglas,etiqueta",I:lluvia_con_humedad_baja,1511,0.07000000000000028,0.01,0,falla_sensor,baja,incoherencia entre variables (I:lluvia_con_humedad_baja),excluir de productos y programar revisión del sensor,False
367,t,2026-02-20 21:18:00,2026-02-20 21:18:00,1,"mad,etiqueta",,1511,0.33999999999999986,0.01,0,indeterminado,baja,"señalado por mad,etiqueta sin una regla determinista que identifique la causa",conservar marcado hasta contrastar con otras fuentes,False
367,t,2026-02-20 22:37:00,2026-02-20 22:52:00,16,"mad,iforest,etiqueta",,1511,0.20000000000000284,0.12,0,indeterminado,baja,"señalado por mad,iforest,etiqueta sin una regla determinista que identifique la causa",conservar marcado hasta contrastar con otras fuentes,False
367,t,2026-02-22 11:22:00,2026-02-22 11:22:00,1,"reglas,mad",I:lluvia_con_humedad_baja,1,1.1700000000000017,0.01,0,falla_sensor,baja,incoherencia entre variables (I:lluvia_con_humedad_baja),excluir de productos y programar revisión del sensor,False
367,t,2026-02-22 15:00:00,2026-02-22 15:16:00,17,"reglas,mad,iforest",J:t_horario,1,0.19000000000000128,0.51,0,evento_fisico_real,media,salto de temperatura acompañado de lluvia en la misma ventana,"conservar, marcar y no eliminar",True
367,t,2026-02-22 15:56:00,2026-02-22 15:59:00,4,"reglas,mad",J:t_horario,1,0.4299999999999997,17.02,0,evento_fisico_real,media,salto de temperatura acompañado de lluvia en la misma ventana,"conservar, marcar y no eliminar",True
367,h,2026-02-24 00:04:00,2026-02-24 01:14:00,71,reglas,P:h,1,0.0,1.02,0,falla_sensor,alta,valor congelado (P:h) durante 71 min,excluir de productos y programar revisión del sensor,False
367,h,2026-02-24 03:07:00,2026-02-24 04:22:00,76,reglas,P:h,1,0.0,4.32,0,falla_sensor,alta,valor congelado (P:h) durante 76 min,excluir de productos y programar revisión del sensor,False
367,h,2026-02-25 00:22:00,2026-02-25 05:03:00,282,"reglas,etiqueta",P:h;P:humedad100_sin_lluvia,154,1.0,7.87,0,falla_sensor,alta,valor congelado (P:h) durante 282 min,excluir de productos y programar revisión del sensor,False
367,t,2026-02-28 14:01:00,2026-02-28 14:16:00,16,"reglas,etiqueta",I:lluvia_con_humedad_baja,1511,0.3000000000000007,0.01,0,falla_sensor,baja,incoherencia entre variables (I:lluvia_con_humedad_baja),excluir de productos y programar revisión del sensor,False
367,t,2026-02-28 14:54:00,2026-02-28 14:54:00,1,"reglas,etiqueta",I:lluvia_con_humedad_baja,1511,0.20000000000000284,0.05,0,falla_sensor,baja,incoherencia entre variables (I:lluvia_con_humedad_baja),excluir de productos y programar revisión del sensor,False
367,t,2026-02-28 15:20:00,2026-02-28 15:27:00,8,"reglas,etiqueta",I:lluvia_con_humedad_baja,1511,0.09999999999999787,0.06,0,falla_sensor,baja,incoherencia entre variables (I:lluvia_con_humedad_baja),excluir de productos y programar revisión del sensor,False
367,t,2026-02-28 15:40:00,2026-02-28 15:40:00,1,"reglas,etiqueta",I:lluvia_con_humedad_baja,1511,0.0,0.08,0,falla_sensor,baja,incoherencia entre variables (I:lluvia_con_humedad_baja),excluir de productos y programar revisión del sensor,False
367,t,2026-03-01 15:14:00,2026-03-01 15:14:00,1,"reglas,etiqueta",I:lluvia_con_humedad_baja,1511,0.03999999999999915,0.01,0,falla_sensor,baja,incoherencia entre variables (I:lluvia_con_humedad_baja),excluir de productos y programar revisión del sensor,False
367,t,2026-03-02 09:25:00,2026-03-02 09:25:00,1,"reglas,etiqueta",I:lluvia_con_humedad_baja,1511,0.0,0.01,0,falla_sensor,baja,incoherencia entre variables (I:lluvia_con_humedad_baja),excluir de productos y programar revisión del sensor,False
367,t,2026-03-02 14:12:00,2026-03-02 14:20:00,9,"reglas,etiqueta",I:lluvia_con_humedad_baja,1511,0.3000000000000007,0.02,0,falla_sensor,baja,incoherencia entre variables (I:lluvia_con_humedad_baja),excluir de productos y programar revisión del sensor,False
367,t,2026-03-03 10:03:00,2026-03-03 10:03:00,1,"reglas,etiqueta",I:lluvia_con_humedad_baja,1511,0.020000000000003126,0.02,0,falla_sensor,baja,incoherencia entre variables (I:lluvia_con_humedad_baja),excluir de productos y programar revisión del sensor,False
367,t,2026-03-03 16:23:00,2026-03-03 16:31:00,9,"reglas,mad,iforest",J:t_horario,1,0.0,0.04,0,evento_fisico_real,media,salto de temperatura acompañado de lluvia en la misma ventana,"conservar, marcar y no eliminar",True
367,t,2026-03-03 16:47:00,2026-03-03 16:48:00,2,"reglas,mad,iforest",J:t_horario,1,0.0,0.1,0,falla_sensor,media,salto aislado (J:t_horario) de 2 min que revierte,excluir de productos y programar revisión del sensor,False
367,t,2026-03-03 17:00:00,2026-03-03 17:04:00,5,"reglas,mad",J:t_horario,1,0.6999999999999993,0.25,0,evento_fisico_real,media,salto de temperatura acompañado de lluvia en la misma ventana,"conservar, marcar y no eliminar",True
367,t,2026-03-03 17:51:00,2026-03-03 17:59:00,9,"reglas,mad",J:t_horario,1,0.8000000000000007,0.32,0,evento_fisico_real,media,salto de temperatura acompañado de lluvia en la misma ventana,"conservar, marcar y no eliminar",True
367,t,2026-03-04 03:01:00,2026-03-04 03:02:00,2,,F:faltante,-1,,0.0,0,falla_comunicacion,media,faltante o centinela sin coincidencia en otras estaciones,no imputar a ciegas; recuperar del datalogger,False
367,t,2026-03-04 12:50:00,2026-03-04 13:01:00,12,"reglas,mad,iforest",F:faltante;J:t_horario,1,1.8999999999999986,3.05,0,falla_comunicacion,media,faltante o centinela sin coincidencia en otras estaciones,no imputar a ciegas; recuperar del datalogger,False
367,t,2026-03-04 14:26:00,2026-03-04 14:33:00,8,"mad,iforest,etiqueta",,1567,0.9600000000000009,8.38,0,indeterminado,baja,"señalado por mad,iforest,etiqueta sin una regla determinista que identifique la causa",conservar marcado hasta contrastar con otras fuentes,False
367,t,2026-03-05 14:00:00,2026-03-05 15:06:00,67,"reglas,mad,iforest,etiqueta",J:vv;J:t_horario,1567,4.089999999999998,2.79,0,evento_fisico_real,media,salto de temperatura acompañado de lluvia en la misma ventana,"conservar, marcar y no eliminar",True
367,t,2026-03-05 16:29:00,2026-03-05 16:45:00,17,"mad,iforest,etiqueta",,1567,1.629999999999999,22.61,0,indeterminado,baja,"señalado por mad,iforest,etiqueta sin una regla determinista que identifique la causa",conservar marcado hasta contrastar con otras fuentes,False
367,t,2026-03-05 16:57:00,2026-03-05 17:17:00,21,"mad,iforest,etiqueta",,1567,0.8099999999999987,22.61,0,indeterminado,baja,"señalado por mad,iforest,etiqueta sin una regla determinista que identifique la causa",conservar marcado hasta contrastar con otras fuentes,False
367,t,2026-03-05 20:42:00,2026-03-05 20:42:00,1,"mad,etiqueta",,1511,0.05000000000000071,3.05,0,indeterminado,baja,"señalado por mad,etiqueta sin una regla determinista que identifique la causa",conservar marcado hasta contrastar con otras fuentes,False
367,t,2026-03-08 12:11:00,2026-03-08 12:11:00,1,"reglas,mad",I:lluvia_con_humedad_baja,1,0.21999999999999886,2.54,0,falla_sensor,baja,incoherencia entre variables (I:lluvia_con_humedad_baja),excluir de productos y programar revisión del sensor,False
367,t,2026-03-09 15:17:00,2026-03-09 15:46:00,30,"reglas,mad,iforest",J:t_horario;I:lluvia_con_humedad_baja,1,1.6999999999999993,0.25,0,evento_fisico_real,media,salto de temperatura acompañado de lluvia en la misma ventana,"conservar, marcar y no eliminar",True
367,t,2026-03-10 16:45:00,2026-03-10 16:54:00,10,"reglas,iforest",J:t_horario,1,0.07000000000000028,1.52,0,evento_fisico_real,media,salto de temperatura acompañado de lluvia en la misma ventana,"conservar, marcar y no eliminar",True
367,t,2026-03-11 12:59:00,2026-03-11 12:59:00,1,"reglas,etiqueta",I:lluvia_con_humedad_baja,1511,0.07000000000000028,0.03,0,falla_sensor,baja,incoherencia entre variables (I:lluvia_con_humedad_baja),excluir de productos y programar revisión del sensor,False
367,t,2026-03-12 11:21:00,2026-03-12 11:21:00,1,"reglas,etiqueta",I:lluvia_con_humedad_baja,1511,0.0,0.02,0,falla_sensor,baja,incoherencia entre variables (I:lluvia_con_humedad_baja),excluir de productos y programar revisión del sensor,False
367,t,2026-03-12 15:17:00,2026-03-12 15:17:00,1,"reglas,etiqueta",I:lluvia_con_humedad_baja,1511,0.38000000000000256,0.03,0,falla_sensor,baja,incoherencia entre variables (I:lluvia_con_humedad_baja),excluir de productos y programar revisión del sensor,False
367,t,2026-03-14 11:24:00,2026-03-14 11:24:00,1,"reglas,etiqueta",I:lluvia_con_humedad_baja,1511,0.16000000000000014,0.01,0,falla_sensor,baja,incoherencia entre variables (I:lluvia_con_humedad_baja),excluir de productos y programar revisión del sensor,False
367,t,2026-03-15 10:46:00,2026-03-15 10:46:00,1,"reglas,etiqueta",I:lluvia_con_humedad_baja,1511,0.0,0.02,0,falla_sensor,baja,incoherencia entre variables (I:lluvia_con_humedad_baja),excluir de productos y programar revisión del sensor,False
367,t,2026-03-15 17:04:00,2026-03-15 17:13:00,10,"reglas,etiqueta",I:lluvia_con_humedad_baja,1511,0.08999999999999986,0.01,0,falla_sensor,baja,incoherencia entre variables (I:lluvia_con_humedad_baja),excluir de productos y programar revisión del sensor,False
367,t,2026-03-15 17:29:00,2026-03-15 17:29:00,1,"reglas,etiqueta",I:lluvia_con_humedad_baja,1511,0.09999999999999787,0.07,0,falla_sensor,baja,incoherencia entre variables (I:lluvia_con_humedad_baja),excluir de productos y programar revisión del sensor,False
367,t,2026-03-16 09:51:00,2026-03-16 09:51:00,1,"reglas,etiqueta",I:lluvia_con_humedad_baja,1511,0.029999999999997584,0.06,0,falla_sensor,baja,incoherencia entre variables (I:lluvia_con_humedad_baja),excluir de productos y programar revisión del sensor,False
367,t,2026-03-17 11:15:00,2026-03-17 11:15:00,1,"reglas,etiqueta",I:lluvia_con_humedad_baja,1511,0.15000000000000213,0.13,0,falla_sensor,baja,incoherencia entre variables (I:lluvia_con_humedad_baja),excluir de productos y programar revisión del sensor,False
367,t,2026-03-17 11:35:00,2026-03-17 11:35:00,1,"reglas,etiqueta",I:lluvia_con_humedad_baja,1511,0.19000000000000128,0.14,0,falla_sensor,baja,incoherencia entre variables (I:lluvia_con_humedad_baja),excluir de productos y programar revisión del sensor,False
367,t,2026-03-17 12:16:00,2026-03-17 12:16:00,1,"reglas,etiqueta",I:lluvia_con_humedad_baja,1511,0.0799999999999983,0.15,0,falla_sensor,baja,incoherencia entre variables (I:lluvia_con_humedad_baja),excluir de productos y programar revisión del sensor,False
367,t,2026-03-17 16:11:00,2026-03-17 16:19:00,9,"reglas,mad,iforest",J:t_horario;I:lluvia_con_humedad_baja,1,0.019999999999999574,0.11,0,evento_fisico_real,media,salto de temperatura acompañado de lluvia en la misma ventana,"conservar, marcar y no eliminar",True
367,t,2026-03-17 16:36:00,2026-03-17 16:59:00,24,"reglas,mad,iforest",J:t_horario;I:lluvia_con_humedad_baja,1,0.3200000000000003,0.13,0,evento_fisico_real,media,salto de temperatura acompañado de lluvia en la misma ventana,"conservar, marcar y no eliminar",True
367,t,2026-03-17 17:17:00,2026-03-17 17:52:00,36,"reglas,mad,iforest",J:t_horario,1,1.2999999999999972,0.46,0,evento_fisico_real,media,salto de temperatura acompañado de lluvia en la misma ventana,"conservar, marcar y no eliminar",True
367,t,2026-03-19 09:22:00,2026-03-19 10:17:00,56,"reglas,mad,iforest,etiqueta",I:lluvia_con_humedad_baja,1511,0.6000000000000014,0.04,0,falla_sensor,baja,incoherencia entre variables (I:lluvia_con_humedad_baja),excluir de productos y programar revisión del sensor,False
367,t,2026-03-19 10:35:00,2026-03-19 10:35:00,1,"reglas,etiqueta",I:lluvia_con_humedad_baja,1511,0.05999999999999872,0.15,0,falla_sensor,baja,incoherencia entre variables (I:lluvia_con_humedad_baja),excluir de productos y programar revisión del sensor,False
367,t,2026-03-20 09:17:00,2026-03-20 09:30:00,14,"reglas,etiqueta",I:lluvia_con_humedad_baja,1511,0.0799999999999983,0.03,0,falla_sensor,baja,incoherencia entre variables (I:lluvia_con_humedad_baja),excluir de productos y programar revisión del sensor,False
367,t,2026-03-20 09:43:00,2026-03-20 10:33:00,51,"reglas,etiqueta",I:lluvia_con_humedad_baja,1511,0.4399999999999977,0.07,0,falla_sensor,baja,incoherencia entre variables (I:lluvia_con_humedad_baja),excluir de productos y programar revisión del sensor,False
367,t,2026-03-20 10:49:00,2026-03-20 10:49:00,1,"reglas,etiqueta",I:lluvia_con_humedad_baja,1511,0.17999999999999972,0.16,0,falla_sensor,baja,incoherencia entre variables (I:lluvia_con_humedad_baja),excluir de productos y programar revisión del sensor,False
367,t,2026-03-21 11:28:00,2026-03-21 11:28:00,1,"reglas,etiqueta",I:lluvia_con_humedad_baja,1511,0.010000000000001563,0.08,0,falla_sensor,baja,incoherencia entre variables (I:lluvia_con_humedad_baja),excluir de productos y programar revisión del sensor,False
367,t,2026-03-22 00:26:00,2026-03-22 00:26:00,1,,F:faltante,-1,,3.3,1,falla_comunicacion,alta,faltante o centinela que coincide con huecos en 1 estación(es) más: causa común en la recepción,no imputar a ciegas; recuperar del datalogger,False
367,h,2026-03-24 01:37:00,2026-03-24 02:44:00,68,reglas,P:h,1,0.0,0.0,0,falla_sensor,alta,valor congelado (P:h) durante 68 min,excluir de productos y programar revisión del sensor,False
367,h,2026-03-24 06:00:00,2026-03-24 07:14:00,75,reglas,P:h,1,0.0,0.0,0,falla_sensor,alta,valor congelado (P:h) durante 75 min,excluir de productos y programar revisión del sensor,False
367,t,2026-03-24 14:07:00,2026-03-24 14:17:00,11,"reglas,iforest",J:t_horario;I:lluvia_con_humedad_baja,1,1.620000000000001,0.4,0,evento_fisico_real,media,salto de temperatura acompañado de lluvia en la misma ventana,"conservar, marcar y no eliminar",True
367,t,2026-03-25 09:33:00,2026-03-25 09:33:00,1,"reglas,etiqueta",I:lluvia_con_humedad_baja,1511,0.1999999999999993,0.04,0,falla_sensor,baja,incoherencia entre variables (I:lluvia_con_humedad_baja),excluir de productos y programar revisión del sensor,False
367,t,2026-03-25 19:46:00,2026-03-25 19:47:00,2,,F:faltante,-1,,0.16,2,falla_comunicacion,alta,faltante o centinela que coincide con huecos en 2 estación(es) más: causa común en la recepción,no imputar a ciegas; recuperar del datalogger,False
367,t,2026-03-26 16:35:00,2026-03-26 16:41:00,7,"reglas,iforest",J:t_horario,1,0.0,0.03,0,evento_fisico_real,media,salto de temperatura acompañado de lluvia en la misma ventana,"conservar, marcar y no eliminar",True
367,t,2026-03-27 10:17:00,2026-03-27 10:19:00,3,"mad,iforest,etiqueta",,1567,0.8500000000000014,25.65,0,indeterminado,baja,"señalado por mad,iforest,etiqueta sin una regla determinista que identifique la causa",conservar marcado hasta contrastar con otras fuentes,False
367,t,2026-03-28 16:23:00,2026-03-28 16:23:00,1,"reglas,mad",J:t_horario,1,0.0,0.06,0,falla_sensor,media,salto aislado (J:t_horario) de 1 min que revierte,excluir de productos y programar revisión del sensor,False
367,t,2026-03-28 16:37:00,2026-03-28 16:39:00,3,"reglas,mad",J:t_horario,1,0.10999999999999943,0.06,0,falla_sensor,media,salto aislado (J:t_horario) de 3 min que revierte,excluir de productos y programar revisión del sensor,False
367,t,2026-03-28 16:54:00,2026-03-28 16:54:00,1,"reglas,iforest",J:t_horario,1,0.0,0.76,0,falla_sensor,media,salto aislado (J:t_horario) de 1 min que revierte,excluir de productos y programar revisión del sensor,False
367,t,2026-03-29 13:55:00,2026-03-29 14:50:00,56,"reglas,mad,iforest",J:t_horario;I:lluvia_con_humedad_baja,1,2.5,0.25,0,evento_fisico_real,media,salto de temperatura acompañado de lluvia en la misma ventana,"conservar, marcar y no eliminar",True
367,t,2026-03-31 15:07:00,2026-03-31 15:16:00,10,"reglas,etiqueta",J:t_horario;I:lluvia_con_humedad_baja,1511,0.17999999999999972,0.01,0,evento_fisico_real,media,salto de temperatura acompañado de lluvia en la misma ventana,"conservar, marcar y no eliminar",True
367,t,2026-04-01 16:13:00,2026-04-01 16:34:00,22,"reglas,mad",J:t_horario,1,1.8999999999999986,0.17,0,evento_fisico_real,media,salto de temperatura acompañado de lluvia en la misma ventana,"conservar, marcar y no eliminar",True
367,t,2026-04-02 15:46:00,2026-04-02 15:55:00,10,"reglas,iforest",J:t_horario;I:lluvia_con_humedad_baja,1,0.10000000000000142,0.51,0,evento_fisico_real,media,salto de temperatura acompañado de lluvia en la misma ventana,"conservar, marcar y no eliminar",True
367,h,2026-04-03 16:00:00,2026-04-03 17:41:00,102,"reglas,mad,iforest",J:t_horario;P:h;I:lluvia_con_humedad_baja,1,5.520000000000003,0.0,0,falla_sensor,alta,valor congelado (P:h) durante 102 min,excluir de productos y programar revisión del sensor,False
367,t,2026-04-05 15:01:00,2026-04-05 15:01:00,1,"reglas,etiqueta",J:t_horario,1511,0.0,0.09,0,falla_sensor,media,salto aislado (J:t_horario) de 1 min que revierte,excluir de productos y programar revisión del sensor,False
367,t,2026-04-05 15:18:00,2026-04-05 15:21:00,4,"reglas,etiqueta",J:t_horario,1511,0.5299999999999976,2.54,0,evento_fisico_real,media,salto de temperatura acompañado de lluvia en la misma ventana,"conservar, marcar y no eliminar",True
367,t,2026-04-08 07:03:00,2026-04-08 07:29:00,27,"mad,etiqueta",,1511,1.1799999999999997,0.13,0,indeterminado,baja,"señalado por mad,etiqueta sin una regla determinista que identifique la causa",conservar marcado hasta contrastar con otras fuentes,False
367,t,2026-04-08 11:43:00,2026-04-08 11:43:00,1,"reglas,etiqueta",I:lluvia_con_humedad_baja,1511,0.0,0.29,1,falla_sensor,baja,incoherencia entre variables (I:lluvia_con_humedad_baja),excluir de productos y programar revisión del sensor,False
367,t,2026-04-12 09:44:00,2026-04-12 09:44:00,1,"reglas,etiqueta",I:lluvia_con_humedad_baja,1511,0.030000000000001137,0.02,0,falla_sensor,baja,incoherencia entre variables (I:lluvia_con_humedad_baja),excluir de productos y programar revisión del sensor,False
367,t,2026-04-12 14:28:00,2026-04-12 14:36:00,9,"reglas,mad,iforest",J:t_horario,1,0.10000000000000142,0.02,0,indeterminado,baja,"señalado por reglas,mad,iforest sin una regla determinista que identifique la causa",conservar marcado hasta contrastar con otras fuentes,False
367,t,2026-04-12 15:28:00,2026-04-12 15:33:00,6,"reglas,etiqueta",J:t_horario,1511,0.6000000000000014,0.02,0,evento_fisico_real,media,salto de temperatura acompañado de lluvia en la misma ventana,"conservar, marcar y no eliminar",True
367,t,2026-04-14 14:11:00,2026-04-14 14:19:00,9,"reglas,iforest",J:t_horario,1,1.0199999999999996,0.76,0,evento_fisico_real,media,salto de temperatura acompañado de lluvia en la misma ventana,"conservar, marcar y no eliminar",True
367,h,2026-04-15 03:05:00,2026-04-15 04:10:00,66,reglas,P:h,1,0.0,0.05,0,falla_sensor,alta,valor congelado (P:h) durante 66 min,excluir de productos y programar revisión del sensor,False
367,h,2026-04-19 04:49:00,2026-04-19 05:48:00,60,reglas,P:h,1,0.18999999999999773,0.0,0,falla_sensor,alta,valor congelado (P:h) durante 60 min,excluir de productos y programar revisión del sensor,False
367,t,2026-04-19 15:23:00,2026-04-19 15:41:00,19,"reglas,mad,etiqueta",I:lluvia_con_humedad_baja,1511,0.16000000000000014,0.01,0,falla_sensor,baja,incoherencia entre variables (I:lluvia_con_humedad_baja),excluir de productos y programar revisión del sensor,False
367,t,2026-04-19 16:06:00,2026-04-19 16:20:00,15,"reglas,etiqueta",I:lluvia_con_humedad_baja,1511,0.7200000000000024,0.05,0,falla_sensor,baja,incoherencia entre variables (I:lluvia_con_humedad_baja),excluir de productos y programar revisión del sensor,False
367,t,2026-04-19 17:11:00,2026-04-19 17:17:00,7,"reglas,etiqueta",I:lluvia_con_humedad_baja,1511,0.5399999999999991,0.08,0,falla_sensor,baja,incoherencia entre variables (I:lluvia_con_humedad_baja),excluir de productos y programar revisión del sensor,False
367,t,2026-04-20 16:26:00,2026-04-20 16:36:00,11,"reglas,mad,iforest",J:t_horario,1,0.9599999999999973,0.0,0,indeterminado,baja,"señalado por reglas,mad,iforest sin una regla determinista que identifique la causa",conservar marcado hasta contrastar con otras fuentes,False
367,t,2026-04-21 15:24:00,2026-04-21 15:50:00,27,"reglas,mad,iforest",J:t_horario;I:lluvia_con_humedad_baja,1,1.6999999999999993,0.14,0,evento_fisico_real,media,salto de temperatura acompañado de lluvia en la misma ventana,"conservar, marcar y no eliminar",True
367,t,2026-04-21 16:11:00,2026-04-21 16:11:00,1,"reglas,mad",I:lluvia_con_humedad_baja,1,1.1000000000000014,0.51,0,falla_sensor,baja,incoherencia entre variables (I:lluvia_con_humedad_baja),excluir de productos y programar revisión del sensor,False
367,t,2026-04-22 14:09:00,2026-04-22 14:52:00,44,"reglas,mad,iforest",J:t_horario;I:lluvia_con_humedad_baja,1,4.359999999999999,2.54,0,evento_fisico_real,media,salto de temperatura acompañado de lluvia en la misma ventana,"conservar, marcar y no eliminar",True
367,t,2026-04-24 16:08:00,2026-04-24 16:22:00,15,"reglas,mad,iforest",J:t_horario;I:lluvia_con_humedad_baja,1,2.0,0.07,0,evento_fisico_real,media,salto de temperatura acompañado de lluvia en la misma ventana,"conservar, marcar y no eliminar",True
367,t,2026-04-26 15:27:00,2026-04-26 15:27:00,1,"reglas,iforest",J:t_horario,1,0.05000000000000071,0.09,0,falla_sensor,media,salto aislado (J:t_horario) de 1 min que revierte,excluir de productos y programar revisión del sensor,False
367,t,2026-04-27 14:23:00,2026-04-27 14:27:00,5,"reglas,mad",I:lluvia_con_humedad_baja,1,0.0,0.15,0,falla_sensor,baja,incoherencia entre variables (I:lluvia_con_humedad_baja),excluir de productos y programar revisión del sensor,False
367,t,2026-04-27 14:41:00,2026-04-27 15:24:00,44,"reglas,mad,iforest,etiqueta",J:t;J:t_horario;I:lluvia_con_humedad_baja,1567,1.0999999999999979,0.17,0,evento_fisico_real,media,salto de temperatura acompañado de lluvia en la misma ventana,"conservar, marcar y no eliminar",True
367,t,2026-04-27 15:48:00,2026-04-27 15:50:00,3,"reglas,mad",J:t_horario,1,0.4800000000000004,20.83,0,falla_sensor,media,salto aislado (J:t_horario) de 3 min que revierte,excluir de productos y programar revisión del sensor,False
367,t,2026-04-28 14:03:00,2026-04-28 14:03:00,1,"reglas,iforest",I:lluvia_con_humedad_baja,1,0.3200000000000003,1.02,1,falla_sensor,baja,incoherencia entre variables (I:lluvia_con_humedad_baja),excluir de productos y programar revisión del sensor,False
367,t,2026-04-28 15:32:00,2026-04-28 15:32:00,1,"reglas,mad",I:lluvia_con_humedad_baja,1,1.5899999999999999,1.78,0,falla_sensor,baja,incoherencia entre variables (I:lluvia_con_humedad_baja),excluir de productos y programar revisión del sensor,False
367,t,2026-04-29 16:21:00,2026-04-29 16:21:00,1,"reglas,etiqueta",I:lluvia_con_humedad_baja,1511,0.0,0.01,0,falla_sensor,baja,incoherencia entre variables (I:lluvia_con_humedad_baja),excluir de productos y programar revisión del sensor,False
803,nivel,2025-12-01 12:31:00,2025-12-01 12:33:00,3,"mad,etiqueta",,1502,8.699951171875,0.0,0,indeterminado,baja,"señalado por mad,etiqueta sin una regla determinista que identifique la causa",conservar marcado hasta contrastar con otras fuentes,False
803,nivel,2025-12-01 12:45:00,2025-12-01 13:03:00,19,"mad,etiqueta",,1502,10.0999755859375,0.0,0,indeterminado,baja,"señalado por mad,etiqueta sin una regla determinista que identifique la causa",conservar marcado hasta contrastar con otras fuentes,False
803,nivel,2025-12-01 13:21:00,2025-12-01 13:24:00,4,"mad,etiqueta",,1502,9.5,0.0,0,indeterminado,baja,"señalado por mad,etiqueta sin una regla determinista que identifique la causa",conservar marcado hasta contrastar con otras fuentes,False
803,nivel,2025-12-02 07:17:00,2025-12-02 07:17:00,1,"reglas,etiqueta",R:nivel,1504,2.10003662109375,0.02,0,configuracion,media,nivel negativo sostenido: posible cota cero o desplazamiento del cero,corregir metadatos o configuración y reprocesar,False
803,nivel,2025-12-02 15:10:00,2025-12-02 15:15:00,6,"mad,etiqueta",,1502,9.79998779296875,0.0,0,indeterminado,baja,"señalado por mad,etiqueta sin una regla determinista que identifique la causa",conservar marcado hasta contrastar con otras fuentes,False
803,nivel,2025-12-02 17:31:00,2025-12-02 17:34:00,4,"reglas,regimen,etiqueta",R:nivel,1504,3.60003662109375,0.51,0,configuracion,media,nivel negativo sostenido: posible cota cero o desplazamiento del cero,corregir metadatos o configuración y reprocesar,False
803,nivel,2025-12-02 18:10:00,2025-12-02 21:38:00,209,"reglas,mad,iforest,regimen,etiqueta",R:nivel;J:nivel;E:nivel_alto_sin_lluvia_previa,151,247.19998168945315,0.51,0,indeterminado,baja,nivel alto sostenido 209 min sin lluvia previa en 35 ni 367: requiere estación aguas arriba,conservar marcado hasta contrastar con otras fuentes,False
803,nivel,2025-12-02 22:02:00,2025-12-02 22:02:00,1,"reglas,mad,etiqueta",R:nivel,1504,246.5999755859375,0.51,0,configuracion,media,nivel negativo sostenido: posible cota cero o desplazamiento del cero,corregir metadatos o configuración y reprocesar,False
803,nivel,2025-12-02 22:30:00,2025-12-03 06:15:00,466,"reglas,mad,iforest,regimen,etiqueta",R:nivel;J:nivel;E:nivel_alto_sin_lluvia_previa,151,247.20001220703125,0.51,0,indeterminado,baja,nivel alto sostenido 466 min sin lluvia previa en 35 ni 367: requiere estación aguas arriba,conservar marcado hasta contrastar con otras fuentes,False
803,nivel,2025-12-03 14:43:00,2025-12-04 07:24:00,1002,"reglas,mad,iforest,regimen,etiqueta",J:nivel;E:nivel_alto_sin_lluvia_previa,151,10.200012207031193,0.02,0,indeterminado,baja,nivel alto sostenido 1002 min sin lluvia previa en 35 ni 367: requiere estación aguas arriba,conservar marcado hasta contrastar con otras fuentes,False
803,nivel,2025-12-04 09:31:00,2025-12-04 09:31:00,1,"iforest,etiqueta",,151,3.8999938964844034,1.52,0,falla_sensor,media,pico aislado de 1 min sin respaldo,excluir de productos y programar revisión del sensor,False
803,nivel,2025-12-04 10:50:00,2025-12-04 10:50:00,1,"mad,iforest,etiqueta",,151,4.699981689453153,1.52,0,falla_sensor,media,pico aislado de 1 min sin respaldo,excluir de productos y programar revisión del sensor,False
803,nivel,2025-12-04 12:15:00,2025-12-04 14:45:00,151,"reglas,mad,iforest,regimen,etiqueta",F:faltante;R:nivel;E:nivel_alto_sin_lluvia_previa,151,251.10000610351562,1.52,0,falla_comunicacion,media,faltante o centinela sin coincidencia en otras estaciones,no imputar a ciegas; recuperar del datalogger,False
803,nivel,2025-12-05 13:26:00,2025-12-05 13:27:00,2,"mad,etiqueta",,1502,8.39996337890625,0.51,0,indeterminado,baja,"señalado por mad,etiqueta sin una regla determinista que identifique la causa",conservar marcado hasta contrastar con otras fuentes,False
803,nivel,2025-12-05 13:39:00,2025-12-05 14:05:00,27,"mad,etiqueta",,1502,11.29998779296875,0.52,0,indeterminado,baja,"señalado por mad,etiqueta sin una regla determinista que identifique la causa",conservar marcado hasta contrastar con otras fuentes,False
803,nivel,2025-12-05 14:46:00,2025-12-05 15:02:00,17,"mad,etiqueta",,1502,11.4000244140625,0.36,0,indeterminado,baja,"señalado por mad,etiqueta sin una regla determinista que identifique la causa",conservar marcado hasta contrastar con otras fuentes,False
803,nivel,2025-12-05 16:15:00,2025-12-05 16:15:00,1,"reglas,etiqueta",R:nivel,1504,2.89996337890625,0.17,0,configuracion,media,nivel negativo sostenido: posible cota cero o desplazamiento del cero,corregir metadatos o configuración y reprocesar,False
803,nivel,2025-12-05 17:48:00,2025-12-05 17:50:00,3,"reglas,mad,etiqueta",R:nivel,1502,5.89996337890625,0.16,0,indeterminado,baja,"señalado por reglas,mad,etiqueta sin una regla determinista que identifique la causa",conservar marcado hasta contrastar con otras fuentes,False
803,nivel,2025-12-05 18:06:00,2025-12-05 18:06:00,1,"reglas,etiqueta",R:nivel,1504,2.29998779296875,0.13,0,configuracion,media,nivel negativo sostenido: posible cota cero o desplazamiento del cero,corregir metadatos o configuración y reprocesar,False
803,nivel,2025-12-05 18:22:00,2025-12-05 18:36:00,15,"reglas,etiqueta",R:nivel,1504,2.5,0.12,0,indeterminado,baja,"señalado por reglas,etiqueta sin una regla determinista que identifique la causa",conservar marcado hasta contrastar con otras fuentes,False
803,nivel,2025-12-05 18:51:00,2025-12-05 18:51:00,1,"reglas,etiqueta",R:nivel,1504,2.29998779296875,0.08,0,configuracion,media,nivel negativo sostenido: posible cota cero o desplazamiento del cero,corregir metadatos o configuración y reprocesar,False
803,nivel,2025-12-05 19:08:00,2025-12-05 19:10:00,3,"reglas,etiqueta",R:nivel,1504,2.5,0.08,0,configuracion,media,nivel negativo sostenido: posible cota cero o desplazamiento del cero,corregir metadatos o configuración y reprocesar,False
803,nivel,2025-12-05 19:24:00,2025-12-05 19:26:00,3,"reglas,etiqueta",R:nivel,1504,2.89996337890625,0.07,0,configuracion,media,nivel negativo sostenido: posible cota cero o desplazamiento del cero,corregir metadatos o configuración y reprocesar,False
803,nivel,2025-12-05 19:38:00,2025-12-05 19:38:00,1,"reglas,etiqueta",R:nivel,1504,2.20001220703125,0.06,0,configuracion,media,nivel negativo sostenido: posible cota cero o desplazamiento del cero,corregir metadatos o configuración y reprocesar,False
803,nivel,2025-12-05 20:26:00,2025-12-05 20:26:00,1,"reglas,etiqueta",R:nivel,1504,2.79998779296875,0.06,0,configuracion,media,nivel negativo sostenido: posible cota cero o desplazamiento del cero,corregir metadatos o configuración y reprocesar,False
803,nivel,2025-12-05 20:46:00,2025-12-05 20:48:00,3,"reglas,etiqueta",R:nivel,1504,3.20001220703125,0.06,0,configuracion,media,nivel negativo sostenido: posible cota cero o desplazamiento del cero,corregir metadatos o configuración y reprocesar,False
803,nivel,2025-12-05 21:01:00,2025-12-05 21:03:00,3,"reglas,etiqueta",R:nivel,1504,2.9000244140625,0.06,0,configuracion,media,nivel negativo sostenido: posible cota cero o desplazamiento del cero,corregir metadatos o configuración y reprocesar,False
803,nivel,2025-12-05 21:18:00,2025-12-05 21:24:00,7,"reglas,etiqueta",R:nivel,1504,3.10003662109375,0.06,1,configuracion,media,nivel negativo sostenido: posible cota cero o desplazamiento del cero,corregir metadatos o configuración y reprocesar,False
803,nivel,2025-12-05 21:39:00,2025-12-05 21:56:00,18,"reglas,mad,etiqueta",R:nivel,1504,6.20001220703125,0.06,1,indeterminado,baja,"señalado por reglas,mad,etiqueta sin una regla determinista que identifique la causa",conservar marcado hasta contrastar con otras fuentes,False
803,nivel,2025-12-05 22:19:00,2025-12-05 22:27:00,9,"reglas,etiqueta",R:nivel,1504,2.300048828125,0.06,1,configuracion,media,nivel negativo sostenido: posible cota cero o desplazamiento del cero,corregir metadatos o configuración y reprocesar,False
803,nivel,2025-12-05 22:46:00,2025-12-05 23:15:00,30,"reglas,mad,etiqueta",R:nivel,1504,4.5999755859375,0.06,1,indeterminado,baja,"señalado por reglas,mad,etiqueta sin una regla determinista que identifique la causa",conservar marcado hasta contrastar con otras fuentes,False
803,nivel,2025-12-05 23:29:00,2025-12-05 23:36:00,8,"reglas,etiqueta",R:nivel,1504,4.10003662109375,0.02,1,configuracion,media,nivel negativo sostenido: posible cota cero o desplazamiento del cero,corregir metadatos o configuración y reprocesar,False
803,nivel,2025-12-05 23:51:00,2025-12-05 23:55:00,5,"reglas,mad,etiqueta",R:nivel,1504,5.5,0.02,1,configuracion,media,nivel negativo sostenido: posible cota cero o desplazamiento del cero,corregir metadatos o configuración y reprocesar,False
803,nivel,2025-12-06 00:08:00,2025-12-06 00:21:00,14,"reglas,mad,etiqueta",R:nivel,1504,6.0999755859375,0.02,1,indeterminado,baja,"señalado por reglas,mad,etiqueta sin una regla determinista que identifique la causa",conservar marcado hasta contrastar con otras fuentes,False
803,nivel,2025-12-06 01:31:00,2025-12-06 01:37:00,7,"reglas,mad,etiqueta",R:nivel,1504,5.70001220703125,0.0,0,configuracion,media,nivel negativo sostenido: posible cota cero o desplazamiento del cero,corregir metadatos o configuración y reprocesar,False
803,nivel,2025-12-06 01:58:00,2025-12-06 01:58:00,1,"mad,etiqueta",,1502,4.60003662109375,0.0,0,indeterminado,baja,"señalado por mad,etiqueta sin una regla determinista que identifique la causa",conservar marcado hasta contrastar con otras fuentes,False
803,nivel,2025-12-06 02:19:00,2025-12-06 02:19:00,1,"reglas,mad,etiqueta",R:nivel,1504,5.5,0.0,0,configuracion,media,nivel negativo sostenido: posible cota cero o desplazamiento del cero,corregir metadatos o configuración y reprocesar,False
803,nivel,2025-12-06 02:34:00,2025-12-06 02:34:00,1,"reglas,mad,etiqueta",R:nivel,1504,4.9000244140625,0.03,0,configuracion,media,nivel negativo sostenido: posible cota cero o desplazamiento del cero,corregir metadatos o configuración y reprocesar,False
803,nivel,2025-12-06 03:33:00,2025-12-06 03:33:00,1,"reglas,mad,etiqueta",R:nivel,1504,6.4000244140625,0.03,0,configuracion,media,nivel negativo sostenido: posible cota cero o desplazamiento del cero,corregir metadatos o configuración y reprocesar,False
803,nivel,2025-12-06 03:51:00,2025-12-06 03:51:00,1,"reglas,mad,etiqueta",R:nivel,1504,5.9000244140625,0.03,0,configuracion,media,nivel negativo sostenido: posible cota cero o desplazamiento del cero,corregir metadatos o configuración y reprocesar,False
803,nivel,2025-12-06 04:32:00,2025-12-06 04:45:00,14,"reglas,mad,etiqueta",R:nivel,1504,8.0,0.03,0,configuracion,media,nivel negativo sostenido: posible cota cero o desplazamiento del cero,corregir metadatos o configuración y reprocesar,False
803,nivel,2025-12-06 05:03:00,2025-12-06 05:19:00,17,"reglas,etiqueta",R:nivel,1504,4.29998779296875,0.03,0,configuracion,media,nivel negativo sostenido: posible cota cero o desplazamiento del cero,corregir metadatos o configuración y reprocesar,False
803,nivel,2025-12-06 05:39:00,2025-12-06 05:39:00,1,"reglas,etiqueta",R:nivel,1504,2.60003662109375,0.03,0,configuracion,media,nivel negativo sostenido: posible cota cero o desplazamiento del cero,corregir metadatos o configuración y reprocesar,False
803,nivel,2025-12-06 06:22:00,2025-12-06 06:22:00,1,"reglas,etiqueta",R:nivel,1504,1.89996337890625,0.06,0,configuracion,media,nivel negativo sostenido: posible cota cero o desplazamiento del cero,corregir metadatos o configuración y reprocesar,False
803,nivel,2025-12-06 07:17:00,2025-12-06 07:22:00,6,"reglas,mad,etiqueta",R:nivel,1504,5.0,0.06,0,configuracion,media,nivel negativo sostenido: posible cota cero o desplazamiento del cero,corregir metadatos o configuración y reprocesar,False
803,nivel,2025-12-06 07:37:00,2025-12-06 07:37:00,1,"reglas,etiqueta",R:nivel,1504,2.300048828125,0.06,0,configuracion,media,nivel negativo sostenido: posible cota cero o desplazamiento del cero,corregir metadatos o configuración y reprocesar,False
803,nivel,2025-12-06 07:50:00,2025-12-06 07:53:00,4,"reglas,etiqueta",R:nivel,1504,2.70001220703125,0.06,0,configuracion,media,nivel negativo sostenido: posible cota cero o desplazamiento del cero,corregir metadatos o configuración y reprocesar,False
803,nivel,2025-12-06 12:07:00,2025-12-06 13:07:00,61,"mad,etiqueta",,1502,9.10003662109375,0.0,0,indeterminado,baja,"señalado por mad,etiqueta sin una regla determinista que identifique la causa",conservar marcado hasta contrastar con otras fuentes,False
803,nivel,2025-12-06 13:19:00,2025-12-06 13:21:00,3,"mad,etiqueta",,1502,8.70001220703125,0.0,0,indeterminado,baja,"señalado por mad,etiqueta sin una regla determinista que identifique la causa",conservar marcado hasta contrastar con otras fuentes,False
803,nivel,2025-12-06 13:54:00,2025-12-06 13:56:00,3,"mad,etiqueta",,1502,7.79998779296875,0.0,0,indeterminado,baja,"señalado por mad,etiqueta sin una regla determinista que identifique la causa",conservar marcado hasta contrastar con otras fuentes,False
803,nivel,2025-12-06 14:28:00,2025-12-06 14:28:00,1,"mad,etiqueta",,1502,7.0,0.0,0,indeterminado,baja,"señalado por mad,etiqueta sin una regla determinista que identifique la causa",conservar marcado hasta contrastar con otras fuentes,False
803,nivel,2025-12-06 22:30:00,2025-12-06 23:15:00,46,"reglas,etiqueta",R:nivel,1504,2.0999755859375,0.38,0,configuracion,media,nivel negativo sostenido: posible cota cero o desplazamiento del cero,corregir metadatos o configuración y reprocesar,False
803,nivel,2025-12-06 23:31:00,2025-12-07 07:07:00,457,"reglas,mad,iforest,etiqueta",R:nivel;J:nivel;E:nivel_alto_sin_lluvia_previa,251,10.4000244140625,0.25,0,indeterminado,baja,nivel alto sostenido 457 min sin lluvia previa en 35 ni 367: requiere estación aguas arriba,conservar marcado hasta contrastar con otras fuentes,False
803,nivel,2025-12-07 07:20:00,2025-12-07 07:23:00,4,"mad,etiqueta",,1502,5.39996337890625,0.0,0,indeterminado,baja,"señalado por mad,etiqueta sin una regla determinista que identifique la causa",conservar marcado hasta contrastar con otras fuentes,False
803,nivel,2025-12-07 07:37:00,2025-12-07 08:14:00,38,"mad,etiqueta",,1502,7.79998779296875,0.0,0,indeterminado,baja,"señalado por mad,etiqueta sin una regla determinista que identifique la causa",conservar marcado hasta contrastar con otras fuentes,False
803,nivel,2025-12-07 08:34:00,2025-12-07 08:56:00,23,"reglas,etiqueta",R:nivel,1504,3.70001220703125,0.0,0,indeterminado,baja,"señalado por reglas,etiqueta sin una regla determinista que identifique la causa",conservar marcado hasta contrastar con otras fuentes,False
803,nivel,2025-12-07 10:00:00,2025-12-07 10:00:00,1,"regimen,etiqueta",,1502,3.10003662109375,0.0,0,configuracion,baja,cambio persistente de nivel sin corroboración: posible ajuste o calibración,corregir metadatos o configuración y reprocesar,False
803,nivel,2025-12-07 10:13:00,2025-12-07 10:24:00,12,"regimen,etiqueta",,1502,3.10003662109375,0.0,0,configuracion,baja,cambio persistente de nivel sin corroboración: posible ajuste o calibración,corregir metadatos o configuración y reprocesar,False
803,nivel,2025-12-07 13:26:00,2025-12-07 13:26:00,1,"mad,etiqueta",,1502,6.199951171875,0.01,0,indeterminado,baja,"señalado por mad,etiqueta sin una regla determinista que identifique la causa",conservar marcado hasta contrastar con otras fuentes,False
803,nivel,2025-12-07 16:37:00,2025-12-07 17:41:00,65,"reglas,etiqueta",R:nivel,1504,2.29998779296875,2.29,0,configuracion,media,nivel negativo sostenido: posible cota cero o desplazamiento del cero,corregir metadatos o configuración y reprocesar,False
803,nivel,2025-12-07 17:53:00,2025-12-07 17:56:00,4,"reglas,etiqueta",R:nivel,1504,1.79998779296875,2.54,0,configuracion,media,nivel negativo sostenido: posible cota cero o desplazamiento del cero,corregir metadatos o configuración y reprocesar,False
803,nivel,2025-12-07 18:09:00,2025-12-07 18:54:00,46,"reglas,etiqueta",R:nivel,1504,1.9000244140625,2.54,0,configuracion,media,nivel negativo sostenido: posible cota cero o desplazamiento del cero,corregir metadatos o configuración y reprocesar,False
803,nivel,2025-12-07 19:13:00,2025-12-07 19:30:00,18,"reglas,etiqueta",R:nivel,1504,2.70001220703125,2.79,0,configuracion,media,nivel negativo sostenido: posible cota cero o desplazamiento del cero,corregir metadatos o configuración y reprocesar,False
803,nivel,2025-12-07 19:48:00,2025-12-07 19:51:00,4,"reglas,etiqueta",R:nivel,1504,3.29998779296875,2.79,0,configuracion,media,nivel negativo sostenido: posible cota cero o desplazamiento del cero,corregir metadatos o configuración y reprocesar,False
803,nivel,2025-12-07 20:45:00,2025-12-07 21:01:00,17,"reglas,iforest,etiqueta",R:nivel;J:nivel,151,2.39996337890625,2.79,0,falla_sensor,media,pico aislado de 17 min sin respaldo,excluir de productos y programar revisión del sensor,False
803,nivel,2025-12-07 21:58:00,2025-12-08 22:39:00,1482,"reglas,mad,iforest,regimen,etiqueta",R:nivel;J:nivel;E:nivel_alto_sin_lluvia_previa,151,10.100006103515653,0.76,0,indeterminado,baja,nivel alto sostenido 1482 min sin lluvia previa en 35 ni 367: requiere estación aguas arriba,conservar marcado hasta contrastar con otras fuentes,False
803,nivel,2025-12-08 23:28:00,2025-12-08 23:29:00,2,"reglas,etiqueta",R:nivel,1504,0.5,0.08,0,configuracion,media,nivel negativo sostenido: posible cota cero o desplazamiento del cero,corregir metadatos o configuración y reprocesar,False
803,nivel,2025-12-08 23:42:00,2025-12-08 23:54:00,13,"reglas,etiqueta",R:nivel,1504,0.800048828125,0.08,0,configuracion,media,nivel negativo sostenido: posible cota cero o desplazamiento del cero,corregir metadatos o configuración y reprocesar,False
803,nivel,2025-12-09 00:07:00,2025-12-09 00:07:00,1,"reglas,etiqueta",R:nivel,1504,0.79998779296875,0.05,0,configuracion,media,nivel negativo sostenido: posible cota cero o desplazamiento del cero,corregir metadatos o configuración y reprocesar,False
803,nivel,2025-12-09 01:40:00,2025-12-09 04:27:00,168,"reglas,etiqueta",R:nivel,1504,2.0,0.0,0,configuracion,media,nivel negativo sostenido: posible cota cero o desplazamiento del cero,corregir metadatos o configuración y reprocesar,False
803,nivel,2025-12-09 05:53:00,2025-12-09 05:54:00,2,"reglas,etiqueta",R:nivel,1504,2.0,0.0,0,configuracion,media,nivel negativo sostenido: posible cota cero o desplazamiento del cero,corregir metadatos o configuración y reprocesar,False
803,nivel,2025-12-09 06:33:00,2025-12-09 07:38:00,66,"reglas,etiqueta",R:nivel,1504,2.5999755859375,0.0,0,configuracion,media,nivel negativo sostenido: posible cota cero o desplazamiento del cero,corregir metadatos o configuración y reprocesar,False
803,nivel,2025-12-09 07:52:00,2025-12-09 07:57:00,6,"reglas,etiqueta",R:nivel,1504,2.4000244140625,0.0,0,configuracion,media,nivel negativo sostenido: posible cota cero o desplazamiento del cero,corregir metadatos o configuración y reprocesar,False
803,nivel,2025-12-09 08:09:00,2025-12-09 08:45:00,37,"reglas,etiqueta",R:nivel,1504,2.5,0.0,0,indeterminado,baja,"señalado por reglas,etiqueta sin una regla determinista que identifique la causa",conservar marcado hasta contrastar con otras fuentes,False
803,nivel,2025-12-09 10:02:00,2025-12-09 10:02:00,1,"reglas,etiqueta",R:nivel,1504,1.79998779296875,0.0,0,configuracion,media,nivel negativo sostenido: posible cota cero o desplazamiento del cero,corregir metadatos o configuración y reprocesar,False
803,nivel,2025-12-09 10:38:00,2025-12-09 10:39:00,2,"reglas,etiqueta",R:nivel,1504,2.70001220703125,0.0,0,configuracion,media,nivel negativo sostenido: posible cota cero o desplazamiento del cero,corregir metadatos o configuración y reprocesar,False
803,nivel,2025-12-09 12:22:00,2025-12-09 12:22:00,1,"mad,etiqueta",,1502,9.10003662109375,0.0,0,indeterminado,baja,"señalado por mad,etiqueta sin una regla determinista que identifique la causa",conservar marcado hasta contrastar con otras fuentes,False
803,nivel,2025-12-09 12:38:00,2025-12-09 12:55:00,18,"mad,etiqueta",,1502,8.79998779296875,0.0,0,indeterminado,baja,"señalado por mad,etiqueta sin una regla determinista que identifique la causa",conservar marcado hasta contrastar con otras fuentes,False
803,nivel,2025-12-09 13:08:00,2025-12-09 13:08:00,1,"mad,etiqueta",,1502,8.0999755859375,0.0,0,indeterminado,baja,"señalado por mad,etiqueta sin una regla determinista que identifique la causa",conservar marcado hasta contrastar con otras fuentes,False
803,nivel,2025-12-09 13:25:00,2025-12-09 13:50:00,26,"mad,etiqueta",,1502,10.0,0.0,0,indeterminado,baja,"señalado por mad,etiqueta sin una regla determinista que identifique la causa",conservar marcado hasta contrastar con otras fuentes,False
803,nivel,2025-12-09 15:28:00,2025-12-09 15:48:00,21,"mad,etiqueta",,1502,8.9000244140625,0.0,0,indeterminado,baja,"señalado por mad,etiqueta sin una regla determinista que identifique la causa",conservar marcado hasta contrastar con otras fuentes,False
803,nivel,2025-12-09 16:13:00,2025-12-09 16:14:00,2,"mad,etiqueta",,1502,5.70001220703125,0.0,0,indeterminado,baja,"señalado por mad,etiqueta sin una regla determinista que identifique la causa",conservar marcado hasta contrastar con otras fuentes,False
803,nivel,2025-12-09 16:33:00,2025-12-09 16:34:00,2,"mad,etiqueta",,1502,8.0,0.0,0,indeterminado,baja,"señalado por mad,etiqueta sin una regla determinista que identifique la causa",conservar marcado hasta contrastar con otras fuentes,False
803,nivel,2025-12-09 17:40:00,2025-12-09 17:40:00,1,"mad,etiqueta",,1502,6.39996337890625,0.0,0,indeterminado,baja,"señalado por mad,etiqueta sin una regla determinista que identifique la causa",conservar marcado hasta contrastar con otras fuentes,False
803,nivel,2025-12-09 19:08:00,2025-12-09 19:09:00,2,"reglas,etiqueta",R:nivel,1504,2.29998779296875,0.0,0,configuracion,media,nivel negativo sostenido: posible cota cero o desplazamiento del cero,corregir metadatos o configuración y reprocesar,False
803,nivel,2025-12-09 19:44:00,2025-12-09 19:44:00,1,"reglas,etiqueta",R:nivel,1504,2.0,0.0,0,configuracion,media,nivel negativo sostenido: posible cota cero o desplazamiento del cero,corregir metadatos o configuración y reprocesar,False
803,nivel,2025-12-09 19:58:00,2025-12-09 19:59:00,2,"reglas,etiqueta",R:nivel,1504,1.5,0.0,0,configuracion,media,nivel negativo sostenido: posible cota cero o desplazamiento del cero,corregir metadatos o configuración y reprocesar,False
803,nivel,2025-12-09 20:14:00,2025-12-09 22:27:00,134,"reglas,etiqueta",R:nivel,1504,2.60003662109375,0.0,0,indeterminado,baja,"señalado por reglas,etiqueta sin una regla determinista que identifique la causa",conservar marcado hasta contrastar con otras fuentes,False
803,nivel,2025-12-09 22:42:00,2025-12-09 22:45:00,4,"reglas,etiqueta",R:nivel,1504,2.0999755859375,0.0,0,indeterminado,baja,"señalado por reglas,etiqueta sin una regla determinista que identifique la causa",conservar marcado hasta contrastar con otras fuentes,False
803,nivel,2025-12-09 23:13:00,2025-12-09 23:13:00,1,"reglas,etiqueta",R:nivel,1504,3.20001220703125,0.0,0,configuracion,media,nivel negativo sostenido: posible cota cero o desplazamiento del cero,corregir metadatos o configuración y reprocesar,False
803,nivel,2025-12-09 23:43:00,2025-12-09 23:44:00,2,"reglas,etiqueta",R:nivel,1504,3.9000244140625,0.0,0,configuracion,media,nivel negativo sostenido: posible cota cero o desplazamiento del cero,corregir metadatos o configuración y reprocesar,False
803,nivel,2025-12-10 00:23:00,2025-12-10 00:27:00,5,"reglas,mad,etiqueta",R:nivel,1502,5.5,0.0,0,indeterminado,baja,"señalado por reglas,mad,etiqueta sin una regla determinista que identifique la causa",conservar marcado hasta contrastar con otras fuentes,False
803,nivel,2025-12-10 04:42:00,2025-12-10 05:03:00,22,"reglas,mad,etiqueta",R:nivel,1502,8.29998779296875,0.0,0,indeterminado,baja,"señalado por reglas,mad,etiqueta sin una regla determinista que identifique la causa",conservar marcado hasta contrastar con otras fuentes,False
803,nivel,2025-12-10 05:18:00,2025-12-10 05:39:00,22,"mad,etiqueta",,1502,9.20001220703125,0.0,0,indeterminado,baja,"señalado por mad,etiqueta sin una regla determinista que identifique la causa",conservar marcado hasta contrastar con otras fuentes,False
803,nivel,2025-12-10 06:00:00,2025-12-10 06:00:00,1,"reglas,etiqueta",R:nivel,1504,1.10003662109375,0.0,0,configuracion,media,nivel negativo sostenido: posible cota cero o desplazamiento del cero,corregir metadatos o configuración y reprocesar,False
803,nivel,2025-12-10 06:24:00,2025-12-10 09:37:00,194,"reglas,mad,etiqueta",R:nivel,1504,10.70001220703125,0.0,0,indeterminado,baja,"señalado por reglas,mad,etiqueta sin una regla determinista que identifique la causa",conservar marcado hasta contrastar con otras fuentes,False
803,nivel,2025-12-10 09:56:00,2025-12-10 10:04:00,9,"mad,etiqueta",,151,12.0999755859375,0.0,0,indeterminado,baja,"señalado por mad,etiqueta sin una regla determinista que identifique la causa",conservar marcado hasta contrastar con otras fuentes,False
803,nivel,2025-12-10 12:38:00,2025-12-10 13:02:00,25,"reglas,mad,iforest,etiqueta",F:faltante;R:nivel;E:nivel_alto_sin_lluvia_previa,151,20.350006103515625,0.0,0,falla_comunicacion,media,faltante o centinela sin coincidencia en otras estaciones,no imputar a ciegas; recuperar del datalogger,False
803,nivel,2025-12-10 13:16:00,2025-12-10 13:36:00,21,"reglas,mad,iforest,etiqueta",F:faltante;J:nivel;E:nivel_alto_sin_lluvia_previa,151,42.29998779296875,0.01,0,falla_comunicacion,media,faltante o centinela sin coincidencia en otras estaciones,no imputar a ciegas; recuperar del datalogger,False
803,nivel,2025-12-10 15:16:00,2025-12-10 15:16:00,1,"mad,etiqueta",,151,7.60003662109375,0.01,0,indeterminado,baja,"señalado por mad,etiqueta sin una regla determinista que identifique la causa",conservar marcado hasta contrastar con otras fuentes,False
803,nivel,2025-12-10 18:02:00,2025-12-10 18:02:00,1,"reglas,etiqueta",R:nivel,1504,2.9000244140625,0.01,0,configuracion,media,nivel negativo sostenido: posible cota cero o desplazamiento del cero,corregir metadatos o configuración y reprocesar,False
803,nivel,2025-12-11 00:52:00,2025-12-11 00:52:00,1,"reglas,etiqueta",R:nivel,1504,0.29998779296875,0.0,0,configuracion,media,nivel negativo sostenido: posible cota cero o desplazamiento del cero,corregir metadatos o configuración y reprocesar,False
803,nivel,2025-12-11 01:13:00,2025-12-11 01:25:00,13,"reglas,etiqueta",R:nivel,1504,0.39996337890625,0.0,0,configuracion,media,nivel negativo sostenido: posible cota cero o desplazamiento del cero,corregir metadatos o configuración y reprocesar,False
803,nivel,2025-12-11 01:38:00,2025-12-11 01:49:00,12,"reglas,etiqueta",R:nivel,1504,0.20001220703125,0.0,0,indeterminado,baja,"señalado por reglas,etiqueta sin una regla determinista que identifique la causa",conservar marcado hasta contrastar con otras fuentes,False
803,nivel,2025-12-11 02:02:00,2025-12-11 03:04:00,63,"reglas,etiqueta",R:nivel,1504,0.5,0.0,0,indeterminado,baja,"señalado por reglas,etiqueta sin una regla determinista que identifique la causa",conservar marcado hasta contrastar con otras fuentes,False
803,nivel,2025-12-11 03:21:00,2025-12-11 03:44:00,24,"reglas,etiqueta",R:nivel,1504,0.4000244140625,0.0,0,configuracion,media,nivel negativo sostenido: posible cota cero o desplazamiento del cero,corregir metadatos o configuración y reprocesar,False
803,nivel,2025-12-11 04:11:00,2025-12-11 04:56:00,46,"reglas,etiqueta",R:nivel,1504,0.89996337890625,0.0,0,configuracion,media,nivel negativo sostenido: posible cota cero o desplazamiento del cero,corregir metadatos o configuración y reprocesar,False
803,nivel,2025-12-11 10:21:00,2025-12-11 10:26:00,6,"mad,etiqueta",,1502,5.5999755859375,0.03,0,indeterminado,baja,"señalado por mad,etiqueta sin una regla determinista que identifique la causa",conservar marcado hasta contrastar con otras fuentes,False
803,nivel,2025-12-11 12:18:00,2025-12-11 12:18:00,1,"mad,etiqueta",,1502,4.70001220703125,0.03,0,indeterminado,baja,"señalado por mad,etiqueta sin una regla determinista que identifique la causa",conservar marcado hasta contrastar con otras fuentes,False
803,nivel,2025-12-11 12:40:00,2025-12-11 12:47:00,8,"mad,etiqueta",,1502,5.5,0.03,0,indeterminado,baja,"señalado por mad,etiqueta sin una regla determinista que identifique la causa",conservar marcado hasta contrastar con otras fuentes,False
803,nivel,2025-12-11 13:58:00,2025-12-11 13:58:00,1,"mad,etiqueta",,1502,5.9000244140625,0.03,0,indeterminado,baja,"señalado por mad,etiqueta sin una regla determinista que identifique la causa",conservar marcado hasta contrastar con otras fuentes,False
803,nivel,2025-12-11 21:39:00,2025-12-11 21:41:00,3,"reglas,etiqueta",R:nivel,1504,3.39996337890625,0.0,0,configuracion,media,nivel negativo sostenido: posible cota cero o desplazamiento del cero,corregir metadatos o configuración y reprocesar,False
803,nivel,2025-12-11 23:52:00,2025-12-11 23:52:00,1,"reglas,etiqueta",R:nivel,1504,1.79998779296875,0.0,0,configuracion,media,nivel negativo sostenido: posible cota cero o desplazamiento del cero,corregir metadatos o configuración y reprocesar,False
803,nivel,2025-12-12 00:05:00,2025-12-12 00:06:00,2,"reglas,etiqueta",R:nivel,1504,2.699951171875,0.0,0,configuracion,media,nivel negativo sostenido: posible cota cero o desplazamiento del cero,corregir metadatos o configuración y reprocesar,False
803,nivel,2025-12-12 00:25:00,2025-12-12 00:30:00,6,"reglas,etiqueta",R:nivel,1504,2.29998779296875,0.0,0,indeterminado,baja,"señalado por reglas,etiqueta sin una regla determinista que identifique la causa",conservar marcado hasta contrastar con otras fuentes,False
803,nivel,2025-12-12 00:53:00,2025-12-12 02:02:00,70,"reglas,etiqueta",R:nivel,1504,1.5,0.0,0,configuracion,media,nivel negativo sostenido: posible cota cero o desplazamiento del cero,corregir metadatos o configuración y reprocesar,False
803,nivel,2025-12-12 02:14:00,2025-12-12 02:15:00,2,"reglas,etiqueta",R:nivel,1504,1.10003662109375,0.0,0,configuracion,media,nivel negativo sostenido: posible cota cero o desplazamiento del cero,corregir metadatos o configuración y reprocesar,False
803,nivel,2025-12-12 02:39:00,2025-12-12 02:48:00,10,"reglas,etiqueta",R:nivel,1504,1.29998779296875,0.0,0,indeterminado,baja,"señalado por reglas,etiqueta sin una regla determinista que identifique la causa",conservar marcado hasta contrastar con otras fuentes,False
803,nivel,2025-12-12 05:03:00,2025-12-12 05:05:00,3,"reglas,etiqueta",R:nivel,1504,2.60003662109375,3.56,0,configuracion,media,nivel negativo sostenido: posible cota cero o desplazamiento del cero,corregir metadatos o configuración y reprocesar,False
803,nivel,2025-12-12 06:40:00,2025-12-12 06:41:00,2,"reglas,etiqueta",R:nivel,1504,2.39996337890625,3.56,0,configuracion,media,nivel negativo sostenido: posible cota cero o desplazamiento del cero,corregir metadatos o configuración y reprocesar,False
803,nivel,2025-12-12 06:53:00,2025-12-12 07:05:00,13,"reglas,etiqueta",R:nivel,1504,2.39996337890625,3.56,0,configuracion,media,nivel negativo sostenido: posible cota cero o desplazamiento del cero,corregir metadatos o configuración y reprocesar,False
803,nivel,2025-12-12 09:28:00,2025-12-12 09:28:00,1,"reglas,etiqueta",R:nivel,1504,2.29998779296875,3.56,0,configuracion,media,nivel negativo sostenido: posible cota cero o desplazamiento del cero,corregir metadatos o configuración y reprocesar,False
803,nivel,2025-12-12 10:46:00,2025-12-12 10:46:00,1,"reglas,etiqueta",R:nivel,1504,3.699951171875,4.83,0,configuracion,media,nivel negativo sostenido: posible cota cero o desplazamiento del cero,corregir metadatos o configuración y reprocesar,False
803,nivel,2025-12-12 14:48:00,2025-12-12 14:48:00,1,"mad,etiqueta",,1502,7.0,5.59,0,indeterminado,baja,"señalado por mad,etiqueta sin una regla determinista que identifique la causa",conservar marcado hasta contrastar con otras fuentes,False
803,nivel,2025-12-12 19:24:00,2025-12-12 19:24:00,1,"mad,etiqueta",,1502,5.199951171875,0.0,0,indeterminado,baja,"señalado por mad,etiqueta sin una regla determinista que identifique la causa",conservar marcado hasta contrastar con otras fuentes,False
803,nivel,2025-12-12 20:27:00,2025-12-12 20:27:00,1,"mad,etiqueta",,1502,5.70001220703125,0.0,0,indeterminado,baja,"señalado por mad,etiqueta sin una regla determinista que identifique la causa",conservar marcado hasta contrastar con otras fuentes,False
803,nivel,2025-12-12 21:06:00,2025-12-12 21:07:00,2,"mad,etiqueta",,1502,7.70001220703125,0.0,0,indeterminado,baja,"señalado por mad,etiqueta sin una regla determinista que identifique la causa",conservar marcado hasta contrastar con otras fuentes,False
803,nivel,2025-12-13 13:10:00,2025-12-13 13:18:00,9,"mad,etiqueta",,2502,9.79998779296875,0.01,0,indeterminado,baja,"señalado por mad,etiqueta sin una regla determinista que identifique la causa",conservar marcado hasta contrastar con otras fuentes,False
803,nivel,2025-12-13 13:45:00,2025-12-13 14:02:00,18,"mad,etiqueta",,2502,10.0,0.01,0,indeterminado,baja,"señalado por mad,etiqueta sin una regla determinista que identifique la causa",conservar marcado hasta contrastar con otras fuentes,False
803,nivel,2025-12-13 15:34:00,2025-12-13 15:34:00,1,"mad,etiqueta",,2502,5.60003662109375,0.01,0,indeterminado,baja,"señalado por mad,etiqueta sin una regla determinista que identifique la causa",conservar marcado hasta contrastar con otras fuentes,False
803,nivel,2025-12-13 15:51:00,2025-12-13 15:56:00,6,"mad,etiqueta",,2502,7.29998779296875,0.01,0,indeterminado,baja,"señalado por mad,etiqueta sin una regla determinista que identifique la causa",conservar marcado hasta contrastar con otras fuentes,False
803,nivel,2025-12-13 16:11:00,2025-12-13 17:16:00,66,"reglas,mad,iforest,etiqueta",J:nivel;E:nivel_alto_sin_lluvia_previa,2502,23.0,0.01,0,indeterminado,baja,nivel alto sostenido 66 min sin lluvia previa en 35 ni 367: requiere estación aguas arriba,conservar marcado hasta contrastar con otras fuentes,False
803,nivel,2025-12-14 00:49:00,2025-12-14 02:09:00,81,"reglas,etiqueta",R:nivel,1504,4.0,0.0,0,configuracion,media,nivel negativo sostenido: posible cota cero o desplazamiento del cero,corregir metadatos o configuración y reprocesar,False
803,nivel,2025-12-14 03:48:00,2025-12-14 03:57:00,10,"reglas,etiqueta",R:nivel,1504,4.199951171875,0.0,0,indeterminado,baja,"señalado por reglas,etiqueta sin una regla determinista que identifique la causa",conservar marcado hasta contrastar con otras fuentes,False
803,nivel,2025-12-14 13:41:00,2025-12-14 13:42:00,2,"mad,etiqueta",,2502,7.89996337890625,0.0,0,indeterminado,baja,"señalado por mad,etiqueta sin una regla determinista que identifique la causa",conservar marcado hasta contrastar con otras fuentes,False
803,nivel,2025-12-14 14:15:00,2025-12-14 14:15:00,1,"mad,etiqueta",,2502,6.89996337890625,0.0,0,indeterminado,baja,"señalado por mad,etiqueta sin una regla determinista que identifique la causa",conservar marcado hasta contrastar con otras fuentes,False
803,nivel,2025-12-14 18:53:00,2025-12-14 18:56:00,4,"reglas,etiqueta",R:nivel,1504,1.60003662109375,0.0,0,indeterminado,baja,"señalado por reglas,etiqueta sin una regla determinista que identifique la causa",conservar marcado hasta contrastar con otras fuentes,False
803,nivel,2025-12-14 20:19:00,2025-12-14 20:19:00,1,"reglas,etiqueta",R:nivel,1504,1.29998779296875,0.0,0,configuracion,media,nivel negativo sostenido: posible cota cero o desplazamiento del cero,corregir metadatos o configuración y reprocesar,False
803,nivel,2025-12-14 20:39:00,2025-12-14 20:56:00,18,"mad,etiqueta",,2502,10.0999755859375,0.0,0,indeterminado,baja,"señalado por mad,etiqueta sin una regla determinista que identifique la causa",conservar marcado hasta contrastar con otras fuentes,False
803,nivel,2025-12-14 21:18:00,2025-12-14 22:00:00,43,"reglas,mad,etiqueta",R:nivel,2502,10.0,0.0,0,indeterminado,baja,"señalado por reglas,mad,etiqueta sin una regla determinista que identifique la causa",conservar marcado hasta contrastar con otras fuentes,False
803,nivel,2025-12-14 22:13:00,2025-12-14 23:22:00,70,"reglas,mad,etiqueta",R:nivel,1504,10.10003662109375,0.0,0,indeterminado,baja,"señalado por reglas,mad,etiqueta sin una regla determinista que identifique la causa",conservar marcado hasta contrastar con otras fuentes,False
803,nivel,2025-12-14 23:39:00,2025-12-15 00:19:00,41,"reglas,mad,etiqueta",R:nivel,2502,10.300048828125,0.0,0,indeterminado,baja,"señalado por reglas,mad,etiqueta sin una regla determinista que identifique la causa",conservar marcado hasta contrastar con otras fuentes,False
803,nivel,2025-12-15 00:33:00,2025-12-15 01:21:00,49,"reglas,mad,etiqueta",R:nivel,1504,8.79998779296875,0.0,0,indeterminado,baja,"señalado por reglas,mad,etiqueta sin una regla determinista que identifique la causa",conservar marcado hasta contrastar con otras fuentes,False
803,nivel,2025-12-15 02:28:00,2025-12-15 02:30:00,3,"mad,etiqueta",,2502,10.70001220703125,0.0,0,indeterminado,baja,"señalado por mad,etiqueta sin una regla determinista que identifique la causa",conservar marcado hasta contrastar con otras fuentes,False
803,nivel,2025-12-15 03:49:00,2025-12-15 04:19:00,31,"reglas,etiqueta",R:nivel,1504,3.29998779296875,0.0,0,configuracion,media,nivel negativo sostenido: posible cota cero o desplazamiento del cero,corregir metadatos o configuración y reprocesar,False
803,nivel,2025-12-15 04:37:00,2025-12-15 05:06:00,30,"reglas,etiqueta",R:nivel,1504,2.20001220703125,0.0,0,configuracion,media,nivel negativo sostenido: posible cota cero o desplazamiento del cero,corregir metadatos o configuración y reprocesar,False
803,nivel,2025-12-15 05:19:00,2025-12-15 05:29:00,11,"reglas,etiqueta",R:nivel,1504,1.10003662109375,0.0,0,configuracion,media,nivel negativo sostenido: posible cota cero o desplazamiento del cero,corregir metadatos o configuración y reprocesar,False
803,nivel,2025-12-15 05:57:00,2025-12-15 06:26:00,30,"reglas,etiqueta",R:nivel,1504,1.5999755859375,0.0,0,indeterminado,baja,"señalado por reglas,etiqueta sin una regla determinista que identifique la causa",conservar marcado hasta contrastar con otras fuentes,False
803,nivel,2025-12-15 07:00:00,2025-12-15 07:00:00,1,"reglas,etiqueta",R:nivel,1504,1.29998779296875,0.0,0,configuracion,media,nivel negativo sostenido: posible cota cero o desplazamiento del cero,corregir metadatos o configuración y reprocesar,False
803,nivel,2025-12-15 08:21:00,2025-12-15 08:23:00,3,"reglas,etiqueta",R:nivel,1504,2.20001220703125,0.0,0,configuracion,media,nivel negativo sostenido: posible cota cero o desplazamiento del cero,corregir metadatos o configuración y reprocesar,False
803,nivel,2025-12-15 09:39:00,2025-12-15 09:40:00,2,"reglas,etiqueta",R:nivel,1504,3.0,0.0,0,configuracion,media,nivel negativo sostenido: posible cota cero o desplazamiento del cero,corregir metadatos o configuración y reprocesar,False
803,nivel,2025-12-16 01:25:00,2025-12-16 02:25:00,61,"reglas,etiqueta",R:nivel,1504,0.5,0.0,0,indeterminado,baja,"señalado por reglas,etiqueta sin una regla determinista que identifique la causa",conservar marcado hasta contrastar con otras fuentes,False
803,nivel,2025-12-16 02:37:00,2025-12-16 02:41:00,5,"reglas,etiqueta",R:nivel,1504,0.5,0.0,0,configuracion,media,nivel negativo sostenido: posible cota cero o desplazamiento del cero,corregir metadatos o configuración y reprocesar,False
803,nivel,2025-12-16 03:02:00,2025-12-16 03:04:00,3,"reglas,etiqueta",R:nivel,1504,0.5,0.0,0,configuracion,media,nivel negativo sostenido: posible cota cero o desplazamiento del cero,corregir metadatos o configuración y reprocesar,False
803,nivel,2025-12-16 03:56:00,2025-12-16 03:57:00,2,"reglas,etiqueta",R:nivel,1504,0.699951171875,0.0,0,configuracion,media,nivel negativo sostenido: posible cota cero o desplazamiento del cero,corregir metadatos o configuración y reprocesar,False
803,nivel,2025-12-16 18:39:00,2025-12-16 18:41:00,3,"reglas,etiqueta",R:nivel,1504,1.10003662109375,9.65,0,configuracion,media,nivel negativo sostenido: posible cota cero o desplazamiento del cero,corregir metadatos o configuración y reprocesar,False
803,nivel,2025-12-16 19:27:00,2025-12-16 19:28:00,2,"reglas,etiqueta",R:nivel,1504,1.0,9.65,0,configuracion,media,nivel negativo sostenido: posible cota cero o desplazamiento del cero,corregir metadatos o configuración y reprocesar,False
803,nivel,2025-12-16 19:42:00,2025-12-16 19:46:00,5,"reglas,etiqueta",R:nivel,1504,0.9000244140625,9.65,0,configuracion,media,nivel negativo sostenido: posible cota cero o desplazamiento del cero,corregir metadatos o configuración y reprocesar,False
803,nivel,2025-12-16 20:03:00,2025-12-16 20:30:00,28,"reglas,etiqueta",R:nivel,1504,0.79998779296875,9.65,0,indeterminado,baja,"señalado por reglas,etiqueta sin una regla determinista que identifique la causa",conservar marcado hasta contrastar con otras fuentes,False
803,nivel,2025-12-16 21:11:00,2025-12-16 21:11:00,1,"reglas,etiqueta",R:nivel,1504,0.60003662109375,9.65,0,configuracion,media,nivel negativo sostenido: posible cota cero o desplazamiento del cero,corregir metadatos o configuración y reprocesar,False
803,nivel,2025-12-16 21:36:00,2025-12-16 21:43:00,8,"reglas,etiqueta",R:nivel,1504,1.0,0.51,0,indeterminado,baja,"señalado por reglas,etiqueta sin una regla determinista que identifique la causa",conservar marcado hasta contrastar con otras fuentes,False
803,nivel,2025-12-16 22:01:00,2025-12-16 22:04:00,4,"reglas,etiqueta",R:nivel,1504,0.60003662109375,0.05,0,configuracion,media,nivel negativo sostenido: posible cota cero o desplazamiento del cero,corregir metadatos o configuración y reprocesar,False
803,nivel,2025-12-16 22:34:00,2025-12-16 22:35:00,2,"reglas,etiqueta",R:nivel,1504,0.60003662109375,0.0,0,configuracion,media,nivel negativo sostenido: posible cota cero o desplazamiento del cero,corregir metadatos o configuración y reprocesar,False
803,nivel,2025-12-16 22:51:00,2025-12-16 22:56:00,6,"reglas,etiqueta",R:nivel,1504,0.800048828125,0.0,0,configuracion,media,nivel negativo sostenido: posible cota cero o desplazamiento del cero,corregir metadatos o configuración y reprocesar,False
803,nivel,2025-12-16 23:09:00,2025-12-17 00:36:00,88,"reglas,etiqueta",R:nivel,1504,1.199951171875,0.0,0,indeterminado,baja,"señalado por reglas,etiqueta sin una regla determinista que identifique la causa",conservar marcado hasta contrastar con otras fuentes,False
803,nivel,2025-12-17 01:12:00,2025-12-17 01:20:00,9,"reglas,etiqueta",R:nivel,1504,1.70001220703125,0.0,0,indeterminado,baja,"señalado por reglas,etiqueta sin una regla determinista que identifique la causa",conservar marcado hasta contrastar con otras fuentes,False
803,nivel,2025-12-17 02:05:00,2025-12-17 02:08:00,4,"reglas,etiqueta",R:nivel,1504,1.79998779296875,0.0,0,indeterminado,baja,"señalado por reglas,etiqueta sin una regla determinista que identifique la causa",conservar marcado hasta contrastar con otras fuentes,False
803,nivel,2025-12-17 10:43:00,2025-12-17 10:48:00,6,"mad,etiqueta",,2502,8.199951171875,0.0,0,indeterminado,baja,"señalado por mad,etiqueta sin una regla determinista que identifique la causa",conservar marcado hasta contrastar con otras fuentes,False
803,nivel,2025-12-17 12:32:00,2025-12-17 12:34:00,3,"mad,etiqueta",,2502,8.5,0.01,0,indeterminado,baja,"señalado por mad,etiqueta sin una regla determinista que identifique la causa",conservar marcado hasta contrastar con otras fuentes,False
803,nivel,2025-12-17 13:00:00,2025-12-17 13:40:00,41,"mad,etiqueta",,2502,10.20001220703125,0.01,0,indeterminado,baja,"señalado por mad,etiqueta sin una regla determinista que identifique la causa",conservar marcado hasta contrastar con otras fuentes,False
803,nivel,2025-12-17 14:35:00,2025-12-17 14:44:00,10,"mad,etiqueta",,2502,8.79998779296875,0.01,0,indeterminado,baja,"señalado por mad,etiqueta sin una regla determinista que identifique la causa",conservar marcado hasta contrastar con otras fuentes,False
803,nivel,2025-12-17 15:45:00,2025-12-17 15:55:00,11,"mad,etiqueta",,2502,7.4000244140625,0.01,0,indeterminado,baja,"señalado por mad,etiqueta sin una regla determinista que identifique la causa",conservar marcado hasta contrastar con otras fuentes,False
803,nivel,2025-12-17 18:28:00,2025-12-17 18:33:00,6,"reglas,etiqueta",R:nivel,1504,1.5999755859375,0.0,0,indeterminado,baja,"señalado por reglas,etiqueta sin una regla determinista que identifique la causa",conservar marcado hasta contrastar con otras fuentes,False
803,nivel,2025-12-17 19:00:00,2025-12-17 19:09:00,10,"reglas,etiqueta",R:nivel,1504,1.5,0.0,0,indeterminado,baja,"señalado por reglas,etiqueta sin una regla determinista que identifique la causa",conservar marcado hasta contrastar con otras fuentes,False
803,nivel,2025-12-17 19:30:00,2025-12-17 19:30:00,1,"reglas,etiqueta",R:nivel,1504,1.39996337890625,0.0,0,configuracion,media,nivel negativo sostenido: posible cota cero o desplazamiento del cero,corregir metadatos o configuración y reprocesar,False
803,nivel,2025-12-17 20:27:00,2025-12-17 20:27:00,1,"reglas,etiqueta",R:nivel,1504,1.5,0.0,0,configuracion,media,nivel negativo sostenido: posible cota cero o desplazamiento del cero,corregir metadatos o configuración y reprocesar,False
803,nivel,2025-12-17 21:16:00,2025-12-17 21:16:00,1,"mad,etiqueta",,2502,5.5,0.0,0,indeterminado,baja,"señalado por mad,etiqueta sin una regla determinista que identifique la causa",conservar marcado hasta contrastar con otras fuentes,False
803,nivel,2025-12-17 21:30:00,2025-12-17 21:31:00,2,"mad,etiqueta",,2502,5.5,0.0,0,indeterminado,baja,"señalado por mad,etiqueta sin una regla determinista que identifique la causa",conservar marcado hasta contrastar con otras fuentes,False
803,nivel,2025-12-17 21:46:00,2025-12-17 21:47:00,2,"mad,etiqueta",,2502,7.89996337890625,0.0,0,indeterminado,baja,"señalado por mad,etiqueta sin una regla determinista que identifique la causa",conservar marcado hasta contrastar con otras fuentes,False
803,nivel,2025-12-17 23:27:00,2025-12-17 23:28:00,2,"mad,etiqueta",,2502,6.79998779296875,0.0,0,indeterminado,baja,"señalado por mad,etiqueta sin una regla determinista que identifique la causa",conservar marcado hasta contrastar con otras fuentes,False
803,nivel,2025-12-17 23:54:00,2025-12-18 00:02:00,9,"mad,etiqueta",,2502,6.70001220703125,0.0,0,indeterminado,baja,"señalado por mad,etiqueta sin una regla determinista que identifique la causa",conservar marcado hasta contrastar con otras fuentes,False
803,nivel,2025-12-18 00:26:00,2025-12-18 00:26:00,1,"reglas,etiqueta",R:nivel,1504,2.5999755859375,0.0,0,configuracion,media,nivel negativo sostenido: posible cota cero o desplazamiento del cero,corregir metadatos o configuración y reprocesar,False
803,nivel,2025-12-18 01:46:00,2025-12-18 01:46:00,1,"reglas,etiqueta",R:nivel,1504,3.300048828125,0.0,0,configuracion,media,nivel negativo sostenido: posible cota cero o desplazamiento del cero,corregir metadatos o configuración y reprocesar,False
803,nivel,2025-12-18 02:16:00,2025-12-18 02:58:00,43,"reglas,etiqueta",R:nivel,1504,2.5999755859375,0.0,0,indeterminado,baja,"señalado por reglas,etiqueta sin una regla determinista que identifique la causa",conservar marcado hasta contrastar con otras fuentes,False
803,nivel,2025-12-18 03:16:00,2025-12-18 03:47:00,32,"reglas,etiqueta",R:nivel,1504,2.70001220703125,0.0,0,configuracion,media,nivel negativo sostenido: posible cota cero o desplazamiento del cero,corregir metadatos o configuración y reprocesar,False
803,nivel,2025-12-18 04:00:00,2025-12-18 04:21:00,22,"reglas,mad,etiqueta",R:nivel,2502,8.4000244140625,0.0,0,indeterminado,baja,"señalado por reglas,mad,etiqueta sin una regla determinista que identifique la causa",conservar marcado hasta contrastar con otras fuentes,False
803,nivel,2025-12-18 05:23:00,2025-12-18 05:31:00,9,"mad,etiqueta",,2502,7.70001220703125,0.0,0,indeterminado,baja,"señalado por mad,etiqueta sin una regla determinista que identifique la causa",conservar marcado hasta contrastar con otras fuentes,False
803,nivel,2025-12-18 05:57:00,2025-12-18 06:14:00,18,"mad,etiqueta",,2502,7.29998779296875,0.0,0,indeterminado,baja,"señalado por mad,etiqueta sin una regla determinista que identifique la causa",conservar marcado hasta contrastar con otras fuentes,False
803,nivel,2025-12-18 07:25:00,2025-12-18 07:33:00,9,"reglas,mad,etiqueta",R:nivel,1504,6.0999755859375,0.0,0,indeterminado,baja,"señalado por reglas,mad,etiqueta sin una regla determinista que identifique la causa",conservar marcado hasta contrastar con otras fuentes,False
803,nivel,2025-12-18 07:57:00,2025-12-18 07:57:00,1,"mad,etiqueta",,2502,5.70001220703125,0.0,0,indeterminado,baja,"señalado por mad,etiqueta sin una regla determinista que identifique la causa",conservar marcado hasta contrastar con otras fuentes,False
803,nivel,2025-12-18 08:18:00,2025-12-18 08:18:00,1,"mad,etiqueta",,2502,4.79998779296875,0.0,0,indeterminado,baja,"señalado por mad,etiqueta sin una regla determinista que identifique la causa",conservar marcado hasta contrastar con otras fuentes,False
803,nivel,2025-12-18 09:37:00,2025-12-18 09:48:00,12,"mad,etiqueta",,2502,7.9000244140625,0.0,0,indeterminado,baja,"señalado por mad,etiqueta sin una regla determinista que identifique la causa",conservar marcado hasta contrastar con otras fuentes,False
803,nivel,2025-12-18 12:10:00,2025-12-18 12:13:00,4,"mad,etiqueta",,2502,8.29998779296875,0.0,0,indeterminado,baja,"señalado por mad,etiqueta sin una regla determinista que identifique la causa",conservar marcado hasta contrastar con otras fuentes,False
803,nivel,2025-12-18 12:35:00,2025-12-18 12:35:00,1,"mad,etiqueta",,2502,5.70001220703125,0.0,0,indeterminado,baja,"señalado por mad,etiqueta sin una regla determinista que identifique la causa",conservar marcado hasta contrastar con otras fuentes,False
803,nivel,2025-12-18 13:01:00,2025-12-18 13:01:00,1,"mad,etiqueta",,2502,5.70001220703125,0.0,0,indeterminado,baja,"señalado por mad,etiqueta sin una regla determinista que identifique la causa",conservar marcado hasta contrastar con otras fuentes,False
803,nivel,2025-12-18 19:23:00,2025-12-18 19:42:00,20,"mad,etiqueta",,2502,5.70001220703125,17.53,0,indeterminado,baja,"señalado por mad,etiqueta sin una regla determinista que identifique la causa",conservar marcado hasta contrastar con otras fuentes,False
803,nivel,2025-12-18 19:57:00,2025-12-18 19:59:00,3,"mad,etiqueta",,2502,6.5999755859375,17.53,0,indeterminado,baja,"señalado por mad,etiqueta sin una regla determinista que identifique la causa",conservar marcado hasta contrastar con otras fuentes,False
803,nivel,2025-12-18 21:58:00,2025-12-18 22:20:00,23,"reglas,etiqueta",R:nivel,1504,1.79998779296875,1.27,0,indeterminado,baja,"señalado por reglas,etiqueta sin una regla determinista que identifique la causa",conservar marcado hasta contrastar con otras fuentes,False
803,nivel,2025-12-18 22:34:00,2025-12-18 22:34:00,1,"mad,etiqueta",,2502,4.89996337890625,0.0,0,indeterminado,baja,"señalado por mad,etiqueta sin una regla determinista que identifique la causa",conservar marcado hasta contrastar con otras fuentes,False
803,nivel,2025-12-18 22:54:00,2025-12-19 00:01:00,68,"reglas,mad,etiqueta",R:nivel,2502,8.800048828125,0.0,0,indeterminado,baja,"señalado por reglas,mad,etiqueta sin una regla determinista que identifique la causa",conservar marcado hasta contrastar con otras fuentes,False
803,nivel,2025-12-19 00:18:00,2025-12-19 00:42:00,25,"reglas,mad,etiqueta",R:nivel,1504,5.5999755859375,0.0,0,indeterminado,baja,"señalado por reglas,mad,etiqueta sin una regla determinista que identifique la causa",conservar marcado hasta contrastar con otras fuentes,False
803,nivel,2025-12-19 01:46:00,2025-12-19 01:55:00,10,"mad,etiqueta",,2502,4.89996337890625,0.0,0,indeterminado,baja,"señalado por mad,etiqueta sin una regla determinista que identifique la causa",conservar marcado hasta contrastar con otras fuentes,False
803,nivel,2025-12-19 02:07:00,2025-12-19 02:09:00,3,"mad,etiqueta",,2502,4.79998779296875,0.0,0,indeterminado,baja,"señalado por mad,etiqueta sin una regla determinista que identifique la causa",conservar marcado hasta contrastar con otras fuentes,False
803,nivel,2025-12-19 04:05:00,2025-12-19 05:45:00,101,"reglas,mad,etiqueta",R:nivel,2502,5.199951171875,0.0,0,indeterminado,baja,"señalado por reglas,mad,etiqueta sin una regla determinista que identifique la causa",conservar marcado hasta contrastar con otras fuentes,False
803,nivel,2025-12-19 06:02:00,2025-12-19 06:09:00,8,"reglas,mad,etiqueta",R:nivel,1504,7.29998779296875,0.0,0,indeterminado,baja,"señalado por reglas,mad,etiqueta sin una regla determinista que identifique la causa",conservar marcado hasta contrastar con otras fuentes,False
803,nivel,2025-12-19 06:21:00,2025-12-19 07:05:00,45,"reglas,mad,etiqueta",R:nivel,1504,8.0,0.0,0,indeterminado,baja,"señalado por reglas,mad,etiqueta sin una regla determinista que identifique la causa",conservar marcado hasta contrastar con otras fuentes,False
803,nivel,2025-12-19 07:38:00,2025-12-19 07:38:00,1,"reglas,etiqueta",R:nivel,1504,1.79998779296875,0.0,0,configuracion,media,nivel negativo sostenido: posible cota cero o desplazamiento del cero,corregir metadatos o configuración y reprocesar,False
803,nivel,2025-12-19 07:59:00,2025-12-19 08:21:00,23,"mad,etiqueta",,2502,6.9000244140625,0.0,0,indeterminado,baja,"señalado por mad,etiqueta sin una regla determinista que identifique la causa",conservar marcado hasta contrastar con otras fuentes,False
803,nivel,2025-12-19 08:39:00,2025-12-19 08:47:00,9,"reglas,mad,etiqueta",R:nivel,1504,6.20001220703125,0.0,0,indeterminado,baja,"señalado por reglas,mad,etiqueta sin una regla determinista que identifique la causa",conservar marcado hasta contrastar con otras fuentes,False
803,nivel,2025-12-19 08:59:00,2025-12-19 09:03:00,5,"reglas,etiqueta",R:nivel,1504,1.89996337890625,0.0,0,indeterminado,baja,"señalado por reglas,etiqueta sin una regla determinista que identifique la causa",conservar marcado hasta contrastar con otras fuentes,False
803,nivel,2025-12-19 12:30:00,2025-12-19 12:55:00,26,"mad,etiqueta",,2502,8.79998779296875,0.0,0,indeterminado,baja,"señalado por mad,etiqueta sin una regla determinista que identifique la causa",conservar marcado hasta contrastar con otras fuentes,False
803,nivel,2025-12-19 13:17:00,2025-12-19 13:20:00,4,"mad,etiqueta",,2502,6.800048828125,0.0,0,indeterminado,baja,"señalado por mad,etiqueta sin una regla determinista que identifique la causa",conservar marcado hasta contrastar con otras fuentes,False
803,nivel,2025-12-19 13:51:00,2025-12-19 13:52:00,2,"mad,etiqueta",,2502,6.29998779296875,0.0,0,indeterminado,baja,"señalado por mad,etiqueta sin una regla determinista que identifique la causa",conservar marcado hasta contrastar con otras fuentes,False
803,nivel,2025-12-19 14:30:00,2025-12-19 14:45:00,16,"mad,etiqueta",,1502,8.5,0.0,0,indeterminado,baja,"señalado por mad,etiqueta sin una regla determinista que identifique la causa",conservar marcado hasta contrastar con otras fuentes,False
803,nivel,2025-12-19 15:10:00,2025-12-19 15:10:00,1,"mad,etiqueta",,1502,5.5999755859375,0.0,0,indeterminado,baja,"señalado por mad,etiqueta sin una regla determinista que identifique la causa",conservar marcado hasta contrastar con otras fuentes,False
803,nivel,2025-12-19 15:22:00,2025-12-19 15:27:00,6,"mad,etiqueta",,1502,5.5999755859375,0.0,0,indeterminado,baja,"señalado por mad,etiqueta sin una regla determinista que identifique la causa",conservar marcado hasta contrastar con otras fuentes,False
803,nivel,2025-12-19 15:42:00,2025-12-19 15:56:00,15,"mad,etiqueta",,1502,8.5,0.02,0,indeterminado,baja,"señalado por mad,etiqueta sin una regla determinista que identifique la causa",conservar marcado hasta contrastar con otras fuentes,False
803,nivel,2025-12-19 17:00:00,2025-12-19 17:00:00,1,"reglas,etiqueta",R:nivel,1504,1.79998779296875,0.02,0,configuracion,media,nivel negativo sostenido: posible cota cero o desplazamiento del cero,corregir metadatos o configuración y reprocesar,False
803,nivel,2025-12-19 17:43:00,2025-12-19 17:50:00,8,"mad,etiqueta",,1502,6.9000244140625,0.07,0,indeterminado,baja,"señalado por mad,etiqueta sin una regla determinista que identifique la causa",conservar marcado hasta contrastar con otras fuentes,False
803,nivel,2025-12-19 18:03:00,2025-12-19 18:06:00,4,"mad,etiqueta",,1502,5.5999755859375,0.07,0,indeterminado,baja,"señalado por mad,etiqueta sin una regla determinista que identifique la causa",conservar marcado hasta contrastar con otras fuentes,False
803,nivel,2025-12-20 12:08:00,2025-12-20 12:08:00,1,"mad,etiqueta",,1502,6.800048828125,0.0,0,indeterminado,baja,"señalado por mad,etiqueta sin una regla determinista que identifique la causa",conservar marcado hasta contrastar con otras fuentes,False
803,nivel,2025-12-20 12:25:00,2025-12-20 13:06:00,42,"mad,etiqueta",,1502,9.800048828125,0.0,0,indeterminado,baja,"señalado por mad,etiqueta sin una regla determinista que identifique la causa",conservar marcado hasta contrastar con otras fuentes,False
803,nivel,2025-12-20 13:21:00,2025-12-20 14:15:00,55,"mad,etiqueta",,1502,9.79998779296875,0.0,0,indeterminado,baja,"señalado por mad,etiqueta sin una regla determinista que identifique la causa",conservar marcado hasta contrastar con otras fuentes,False
803,nivel,2025-12-20 21:17:00,2025-12-20 21:17:00,1,"reglas,etiqueta",R:nivel,1504,1.5999755859375,0.01,0,configuracion,media,nivel negativo sostenido: posible cota cero o desplazamiento del cero,corregir metadatos o configuración y reprocesar,False
803,nivel,2025-12-20 21:37:00,2025-12-20 22:01:00,25,"mad,etiqueta",,1502,8.10003662109375,0.01,0,indeterminado,baja,"señalado por mad,etiqueta sin una regla determinista que identifique la causa",conservar marcado hasta contrastar con otras fuentes,False
803,nivel,2025-12-20 22:15:00,2025-12-20 22:15:00,1,"mad,etiqueta",,1502,5.79998779296875,0.01,0,indeterminado,baja,"señalado por mad,etiqueta sin una regla determinista que identifique la causa",conservar marcado hasta contrastar con otras fuentes,False
803,nivel,2025-12-20 22:30:00,2025-12-20 22:48:00,19,"reglas,mad,etiqueta",R:nivel,1502,5.20001220703125,0.01,0,indeterminado,baja,"señalado por reglas,mad,etiqueta sin una regla determinista que identifique la causa",conservar marcado hasta contrastar con otras fuentes,False
803,nivel,2025-12-20 23:47:00,2025-12-21 00:36:00,50,"reglas,mad,etiqueta",R:nivel,1502,7.5999755859375,0.0,0,indeterminado,baja,"señalado por reglas,mad,etiqueta sin una regla determinista que identifique la causa",conservar marcado hasta contrastar con otras fuentes,False
803,nivel,2025-12-21 00:48:00,2025-12-21 00:55:00,8,"reglas,etiqueta",R:nivel,1504,1.29998779296875,0.0,0,configuracion,media,nivel negativo sostenido: posible cota cero o desplazamiento del cero,corregir metadatos o configuración y reprocesar,False
803,nivel,2025-12-21 01:11:00,2025-12-21 01:18:00,8,"reglas,etiqueta",R:nivel,1504,1.5,0.0,0,indeterminado,baja,"señalado por reglas,etiqueta sin una regla determinista que identifique la causa",conservar marcado hasta contrastar con otras fuentes,False
803,nivel,2025-12-21 01:41:00,2025-12-21 01:41:00,1,"mad,etiqueta",,1502,4.79998779296875,0.0,0,indeterminado,baja,"señalado por mad,etiqueta sin una regla determinista que identifique la causa",conservar marcado hasta contrastar con otras fuentes,False
803,nivel,2025-12-21 02:32:00,2025-12-21 02:32:00,1,"mad,etiqueta",,1502,6.39996337890625,0.0,0,indeterminado,baja,"señalado por mad,etiqueta sin una regla determinista que identifique la causa",conservar marcado hasta contrastar con otras fuentes,False
803,nivel,2025-12-21 02:57:00,2025-12-21 03:00:00,4,"mad,etiqueta",,1502,8.20001220703125,0.0,0,indeterminado,baja,"señalado por mad,etiqueta sin una regla determinista que identifique la causa",conservar marcado hasta contrastar con otras fuentes,False
803,nivel,2025-12-21 03:27:00,2025-12-21 03:27:00,1,"mad,etiqueta",,1502,4.5,0.0,0,indeterminado,baja,"señalado por mad,etiqueta sin una regla determinista que identifique la causa",conservar marcado hasta contrastar con otras fuentes,False
803,nivel,2025-12-21 05:39:00,2025-12-21 05:51:00,13,"mad,etiqueta",,1502,7.5999755859375,0.0,0,indeterminado,baja,"señalado por mad,etiqueta sin una regla determinista que identifique la causa",conservar marcado hasta contrastar con otras fuentes,False
803,nivel,2025-12-21 07:30:00,2025-12-21 07:30:00,1,"reglas,etiqueta",R:nivel,151,1.70001220703125,0.0,0,configuracion,media,nivel negativo sostenido: posible cota cero o desplazamiento del cero,corregir metadatos o configuración y reprocesar,False
803,nivel,2025-12-21 08:09:00,2025-12-21 08:09:00,1,"reglas,etiqueta",R:nivel,1504,2.199951171875,0.0,0,configuracion,media,nivel negativo sostenido: posible cota cero o desplazamiento del cero,corregir metadatos o configuración y reprocesar,False
803,nivel,2025-12-21 08:29:00,2025-12-21 08:36:00,8,"reglas,etiqueta",R:nivel,1504,3.60003662109375,0.0,0,configuracion,media,nivel negativo sostenido: posible cota cero o desplazamiento del cero,corregir metadatos o configuración y reprocesar,False
803,nivel,2025-12-21 08:52:00,2025-12-21 09:07:00,16,"reglas,etiqueta",R:nivel,1504,3.0,0.0,0,configuracion,media,nivel negativo sostenido: posible cota cero o desplazamiento del cero,corregir metadatos o configuración y reprocesar,False
803,nivel,2025-12-21 11:20:00,2025-12-21 11:20:00,1,"mad,etiqueta",,1502,6.29998779296875,0.0,0,indeterminado,baja,"señalado por mad,etiqueta sin una regla determinista que identifique la causa",conservar marcado hasta contrastar con otras fuentes,False
803,nivel,2025-12-21 11:36:00,2025-12-21 11:36:00,1,"mad,etiqueta",,1502,6.300048828125,0.0,0,indeterminado,baja,"señalado por mad,etiqueta sin una regla determinista que identifique la causa",conservar marcado hasta contrastar con otras fuentes,False
803,nivel,2025-12-21 11:57:00,2025-12-21 11:59:00,3,"mad,etiqueta",,1502,5.0,0.0,0,indeterminado,baja,"señalado por mad,etiqueta sin una regla determinista que identifique la causa",conservar marcado hasta contrastar con otras fuentes,False
803,nivel,2025-12-21 12:28:00,2025-12-21 12:40:00,13,"mad,etiqueta",,1502,9.0999755859375,0.0,0,indeterminado,baja,"señalado por mad,etiqueta sin una regla determinista que identifique la causa",conservar marcado hasta contrastar con otras fuentes,False
803,nivel,2025-12-21 12:59:00,2025-12-21 12:59:00,1,"mad,etiqueta",,1502,5.0,0.0,0,indeterminado,baja,"señalado por mad,etiqueta sin una regla determinista que identifique la causa",conservar marcado hasta contrastar con otras fuentes,False
803,nivel,2025-12-21 13:49:00,2025-12-21 13:54:00,6,"mad,etiqueta",,1502,7.0999755859375,0.0,0,indeterminado,baja,"señalado por mad,etiqueta sin una regla determinista que identifique la causa",conservar marcado hasta contrastar con otras fuentes,False
803,nivel,2025-12-21 14:57:00,2025-12-21 14:58:00,2,"mad,etiqueta",,1502,7.0,0.0,0,indeterminado,baja,"señalado por mad,etiqueta sin una regla determinista que identifique la causa",conservar marcado hasta contrastar con otras fuentes,False
803,nivel,2025-12-21 15:52:00,2025-12-21 15:52:00,1,"reglas,mad,etiqueta",R:nivel,1504,7.0,0.0,0,configuracion,media,nivel negativo sostenido: posible cota cero o desplazamiento del cero,corregir metadatos o configuración y reprocesar,False
803,nivel,2025-12-21 20:29:00,2025-12-21 20:30:00,2,"reglas,etiqueta",R:nivel,1504,1.60003662109375,5.33,0,configuracion,media,nivel negativo sostenido: posible cota cero o desplazamiento del cero,corregir metadatos o configuración y reprocesar,False
803,nivel,2025-12-21 21:08:00,2025-12-21 21:11:00,4,"reglas,etiqueta",R:nivel,1504,2.39996337890625,5.33,0,configuracion,media,nivel negativo sostenido: posible cota cero o desplazamiento del cero,corregir metadatos o configuración y reprocesar,False
803,nivel,2025-12-21 21:30:00,2025-12-21 21:31:00,2,"mad,etiqueta",,1502,4.800048828125,5.33,0,indeterminado,baja,"señalado por mad,etiqueta sin una regla determinista que identifique la causa",conservar marcado hasta contrastar con otras fuentes,False
803,nivel,2025-12-21 23:33:00,2025-12-21 23:38:00,6,"reglas,etiqueta",R:nivel,1504,2.0,0.0,0,indeterminado,baja,"señalado por reglas,etiqueta sin una regla determinista que identifique la causa",conservar marcado hasta contrastar con otras fuentes,False
803,nivel,2025-12-22 01:08:00,2025-12-22 01:08:00,1,"reglas,etiqueta",R:nivel,1504,2.0999755859375,0.0,0,configuracion,media,nivel negativo sostenido: posible cota cero o desplazamiento del cero,corregir metadatos o configuración y reprocesar,False
803,nivel,2025-12-22 03:15:00,2025-12-22 03:26:00,12,"reglas,etiqueta",R:nivel,1504,1.5,0.0,0,configuracion,media,nivel negativo sostenido: posible cota cero o desplazamiento del cero,corregir metadatos o configuración y reprocesar,False
803,nivel,2025-12-22 03:56:00,2025-12-22 04:10:00,15,"reglas,mad,etiqueta",R:nivel,1502,5.9000244140625,0.0,0,indeterminado,baja,"señalado por reglas,mad,etiqueta sin una regla determinista que identifique la causa",conservar marcado hasta contrastar con otras fuentes,False
803,nivel,2025-12-22 04:29:00,2025-12-22 04:53:00,25,"mad,etiqueta",,1502,7.5,0.0,0,indeterminado,baja,"señalado por mad,etiqueta sin una regla determinista que identifique la causa",conservar marcado hasta contrastar con otras fuentes,False
803,nivel,2025-12-22 05:12:00,2025-12-22 05:27:00,16,"mad,etiqueta",,1502,6.39996337890625,0.0,0,indeterminado,baja,"señalado por mad,etiqueta sin una regla determinista que identifique la causa",conservar marcado hasta contrastar con otras fuentes,False
803,nivel,2025-12-22 05:40:00,2025-12-22 05:49:00,10,"reglas,etiqueta",R:nivel,1504,1.10003662109375,0.0,0,indeterminado,baja,"señalado por reglas,etiqueta sin una regla determinista que identifique la causa",conservar marcado hasta contrastar con otras fuentes,False
803,nivel,2025-12-22 06:11:00,2025-12-22 06:25:00,15,"reglas,mad,etiqueta",R:nivel,1502,5.29998779296875,0.0,0,indeterminado,baja,"señalado por reglas,mad,etiqueta sin una regla determinista que identifique la causa",conservar marcado hasta contrastar con otras fuentes,False
803,nivel,2025-12-22 06:45:00,2025-12-22 06:45:00,1,"reglas,etiqueta",R:nivel,1504,0.60003662109375,0.0,0,configuracion,media,nivel negativo sostenido: posible cota cero o desplazamiento del cero,corregir metadatos o configuración y reprocesar,False
803,nivel,2025-12-22 07:25:00,2025-12-22 07:44:00,20,"reglas,etiqueta",R:nivel,1504,0.89996337890625,0.0,0,indeterminado,baja,"señalado por reglas,etiqueta sin una regla determinista que identifique la causa",conservar marcado hasta contrastar con otras fuentes,False
803,nivel,2025-12-22 08:05:00,2025-12-22 08:18:00,14,"reglas,mad,etiqueta",R:nivel,1504,6.70001220703125,0.0,0,indeterminado,baja,"señalado por reglas,mad,etiqueta sin una regla determinista que identifique la causa",conservar marcado hasta contrastar con otras fuentes,False
803,nivel,2025-12-22 10:22:00,2025-12-22 10:25:00,4,"mad,etiqueta",,1502,9.39996337890625,0.0,0,indeterminado,baja,"señalado por mad,etiqueta sin una regla determinista que identifique la causa",conservar marcado hasta contrastar con otras fuentes,False
803,nivel,2025-12-22 10:59:00,2025-12-22 11:00:00,2,"reglas,etiqueta",R:nivel,1504,1.79998779296875,0.0,0,configuracion,media,nivel negativo sostenido: posible cota cero o desplazamiento del cero,corregir metadatos o configuración y reprocesar,False
803,nivel,2025-12-22 11:36:00,2025-12-22 11:40:00,5,"reglas,etiqueta",R:nivel,1504,1.79998779296875,0.0,0,indeterminado,baja,"señalado por reglas,etiqueta sin una regla determinista que identifique la causa",conservar marcado hasta contrastar con otras fuentes,False
803,nivel,2025-12-22 14:28:00,2025-12-22 14:31:00,4,"mad,etiqueta",,1502,8.89996337890625,0.25,0,indeterminado,baja,"señalado por mad,etiqueta sin una regla determinista que identifique la causa",conservar marcado hasta contrastar con otras fuentes,False
803,nivel,2025-12-22 15:13:00,2025-12-22 15:14:00,2,"mad,etiqueta",,1502,6.5999755859375,0.25,0,indeterminado,baja,"señalado por mad,etiqueta sin una regla determinista que identifique la causa",conservar marcado hasta contrastar con otras fuentes,False
803,nivel,2025-12-22 15:37:00,2025-12-22 15:42:00,6,"mad,etiqueta",,1502,7.29998779296875,0.25,0,indeterminado,baja,"señalado por mad,etiqueta sin una regla determinista que identifique la causa",conservar marcado hasta contrastar con otras fuentes,False
803,nivel,2025-12-22 15:57:00,2025-12-22 15:58:00,2,"mad,etiqueta",,1502,6.29998779296875,0.25,0,indeterminado,baja,"señalado por mad,etiqueta sin una regla determinista que identifique la causa",conservar marcado hasta contrastar con otras fuentes,False
803,nivel,2025-12-22 17:07:00,2025-12-22 17:08:00,2,"mad,etiqueta",,1502,7.89996337890625,0.25,0,indeterminado,baja,"señalado por mad,etiqueta sin una regla determinista que identifique la causa",conservar marcado hasta contrastar con otras fuentes,False
803,nivel,2025-12-22 17:28:00,2025-12-22 17:30:00,3,"mad,etiqueta",,1502,7.9000244140625,0.25,0,indeterminado,baja,"señalado por mad,etiqueta sin una regla determinista que identifique la causa",conservar marcado hasta contrastar con otras fuentes,False
803,nivel,2025-12-22 17:51:00,2025-12-22 17:58:00,8,"mad,etiqueta",,1502,7.79998779296875,0.25,0,indeterminado,baja,"señalado por mad,etiqueta sin una regla determinista que identifique la causa",conservar marcado hasta contrastar con otras fuentes,False
803,nivel,2025-12-22 18:21:00,2025-12-22 19:01:00,41,"mad,etiqueta",,1502,8.10003662109375,0.25,0,indeterminado,baja,"señalado por mad,etiqueta sin una regla determinista que identifique la causa",conservar marcado hasta contrastar con otras fuentes,False
803,nivel,2025-12-22 19:29:00,2025-12-22 19:29:00,1,"mad,etiqueta",,1502,5.0999755859375,0.0,0,indeterminado,baja,"señalado por mad,etiqueta sin una regla determinista que identifique la causa",conservar marcado hasta contrastar con otras fuentes,False
803,nivel,2025-12-22 19:52:00,2025-12-22 20:28:00,37,"mad,etiqueta",,1502,8.9000244140625,0.0,0,indeterminado,baja,"señalado por mad,etiqueta sin una regla determinista que identifique la causa",conservar marcado hasta contrastar con otras fuentes,False
803,nivel,2025-12-22 20:47:00,2025-12-22 21:20:00,34,"mad,etiqueta",,1502,8.29998779296875,0.0,0,indeterminado,baja,"señalado por mad,etiqueta sin una regla determinista que identifique la causa",conservar marcado hasta contrastar con otras fuentes,False
803,nivel,2025-12-22 21:56:00,2025-12-22 22:03:00,8,"mad,etiqueta",,1502,8.5,0.0,0,indeterminado,baja,"señalado por mad,etiqueta sin una regla determinista que identifique la causa",conservar marcado hasta contrastar con otras fuentes,False
803,nivel,2025-12-22 22:29:00,2025-12-22 22:34:00,6,"mad,etiqueta",,1502,8.39996337890625,0.0,0,indeterminado,baja,"señalado por mad,etiqueta sin una regla determinista que identifique la causa",conservar marcado hasta contrastar con otras fuentes,False
803,nivel,2025-12-22 23:00:00,2025-12-22 23:01:00,2,"mad,etiqueta",,1502,7.70001220703125,0.0,0,indeterminado,baja,"señalado por mad,etiqueta sin una regla determinista que identifique la causa",conservar marcado hasta contrastar con otras fuentes,False
803,nivel,2025-12-22 23:17:00,2025-12-22 23:29:00,13,"mad,etiqueta",,1502,8.20001220703125,0.0,0,indeterminado,baja,"señalado por mad,etiqueta sin una regla determinista que identifique la causa",conservar marcado hasta contrastar con otras fuentes,False
803,nivel,2025-12-23 00:12:00,2025-12-23 00:14:00,3,"mad,etiqueta",,1502,4.800048828125,0.0,0,indeterminado,baja,"señalado por mad,etiqueta sin una regla determinista que identifique la causa",conservar marcado hasta contrastar con otras fuentes,False
803,nivel,2025-12-23 00:28:00,2025-12-23 00:44:00,17,"mad,etiqueta",,1502,5.39996337890625,0.0,0,indeterminado,baja,"señalado por mad,etiqueta sin una regla determinista que identifique la causa",conservar marcado hasta contrastar con otras fuentes,False
803,nivel,2025-12-23 04:52:00,2025-12-23 05:05:00,14,"reglas,mad,etiqueta",R:nivel,1502,6.4000244140625,0.0,0,indeterminado,baja,"señalado por reglas,mad,etiqueta sin una regla determinista que identifique la causa",conservar marcado hasta contrastar con otras fuentes,False
803,nivel,2025-12-23 06:12:00,2025-12-23 06:12:00,1,"reglas,etiqueta",R:nivel,1504,0.79998779296875,0.0,0,configuracion,media,nivel negativo sostenido: posible cota cero o desplazamiento del cero,corregir metadatos o configuración y reprocesar,False
803,nivel,2025-12-23 06:32:00,2025-12-23 06:33:00,2,"reglas,etiqueta",R:nivel,1504,0.699951171875,0.0,0,configuracion,media,nivel negativo sostenido: posible cota cero o desplazamiento del cero,corregir metadatos o configuración y reprocesar,False
803,nivel,2025-12-23 07:41:00,2025-12-23 07:44:00,4,"reglas,etiqueta",R:nivel,1504,0.699951171875,0.0,0,configuracion,media,nivel negativo sostenido: posible cota cero o desplazamiento del cero,corregir metadatos o configuración y reprocesar,False
803,nivel,2025-12-23 07:57:00,2025-12-23 07:57:00,1,"reglas,etiqueta",R:nivel,1504,0.699951171875,0.0,0,configuracion,media,nivel negativo sostenido: posible cota cero o desplazamiento del cero,corregir metadatos o configuración y reprocesar,False
803,nivel,2025-12-23 08:26:00,2025-12-23 08:27:00,2,"reglas,etiqueta",R:nivel,1504,1.10003662109375,0.0,0,configuracion,media,nivel negativo sostenido: posible cota cero o desplazamiento del cero,corregir metadatos o configuración y reprocesar,False
803,nivel,2025-12-23 08:40:00,2025-12-23 08:40:00,1,"reglas,etiqueta",R:nivel,1504,1.20001220703125,0.0,0,configuracion,media,nivel negativo sostenido: posible cota cero o desplazamiento del cero,corregir metadatos o configuración y reprocesar,False
803,nivel,2025-12-23 11:41:00,2025-12-23 11:46:00,6,"mad,etiqueta",,1502,7.5,0.0,0,indeterminado,baja,"señalado por mad,etiqueta sin una regla determinista que identifique la causa",conservar marcado hasta contrastar con otras fuentes,False
803,nivel,2025-12-23 11:59:00,2025-12-23 12:03:00,5,"mad,etiqueta",,1502,8.79998779296875,0.0,0,indeterminado,baja,"señalado por mad,etiqueta sin una regla determinista que identifique la causa",conservar marcado hasta contrastar con otras fuentes,False
803,nivel,2025-12-23 12:29:00,2025-12-23 12:29:00,1,"mad,etiqueta",,1502,4.5,0.0,0,indeterminado,baja,"señalado por mad,etiqueta sin una regla determinista que identifique la causa",conservar marcado hasta contrastar con otras fuentes,False
803,nivel,2025-12-23 12:47:00,2025-12-23 12:50:00,4,"mad,etiqueta",,1502,8.20001220703125,0.0,0,indeterminado,baja,"señalado por mad,etiqueta sin una regla determinista que identifique la causa",conservar marcado hasta contrastar con otras fuentes,False
803,nivel,2025-12-23 13:20:00,2025-12-23 13:21:00,2,"mad,etiqueta",,1502,7.9000244140625,0.0,1,indeterminado,baja,"señalado por mad,etiqueta sin una regla determinista que identifique la causa",conservar marcado hasta contrastar con otras fuentes,False
803,nivel,2025-12-23 13:37:00,2025-12-23 14:13:00,37,"mad,etiqueta",,1502,7.800048828125,0.0,1,indeterminado,baja,"señalado por mad,etiqueta sin una regla determinista que identifique la causa",conservar marcado hasta contrastar con otras fuentes,False
803,nivel,2025-12-23 14:32:00,2025-12-23 14:43:00,12,"mad,etiqueta",,1502,8.20001220703125,0.0,1,indeterminado,baja,"señalado por mad,etiqueta sin una regla determinista que identifique la causa",conservar marcado hasta contrastar con otras fuentes,False
803,nivel,2025-12-23 15:00:00,2025-12-23 15:02:00,3,"mad,etiqueta",,1502,8.10003662109375,0.0,1,indeterminado,baja,"señalado por mad,etiqueta sin una regla determinista que identifique la causa",conservar marcado hasta contrastar con otras fuentes,False
803,nivel,2025-12-23 15:23:00,2025-12-23 15:23:00,1,"mad,etiqueta",,1502,7.0999755859375,0.0,1,indeterminado,baja,"señalado por mad,etiqueta sin una regla determinista que identifique la causa",conservar marcado hasta contrastar con otras fuentes,False
803,nivel,2025-12-23 15:38:00,2025-12-23 15:38:00,1,"mad,etiqueta",,1502,7.10003662109375,0.0,1,indeterminado,baja,"señalado por mad,etiqueta sin una regla determinista que identifique la causa",conservar marcado hasta contrastar con otras fuentes,False
803,nivel,2025-12-23 15:59:00,2025-12-23 16:00:00,2,"mad,etiqueta",,1502,8.79998779296875,0.0,1,indeterminado,baja,"señalado por mad,etiqueta sin una regla determinista que identifique la causa",conservar marcado hasta contrastar con otras fuentes,False
803,nivel,2025-12-23 16:14:00,2025-12-23 16:14:00,1,"mad,etiqueta",,1502,6.699951171875,0.0,1,indeterminado,baja,"señalado por mad,etiqueta sin una regla determinista que identifique la causa",conservar marcado hasta contrastar con otras fuentes,False
803,nivel,2025-12-23 16:27:00,2025-12-23 16:38:00,12,"mad,etiqueta",,1502,9.0999755859375,0.0,1,indeterminado,baja,"señalado por mad,etiqueta sin una regla determinista que identifique la causa",conservar marcado hasta contrastar con otras fuentes,False
803,nivel,2025-12-23 16:54:00,2025-12-23 16:57:00,4,"mad,etiqueta",,1502,8.5,0.0,0,indeterminado,baja,"señalado por mad,etiqueta sin una regla determinista que identifique la causa",conservar marcado hasta contrastar con otras fuentes,False
803,nivel,2025-12-23 17:27:00,2025-12-23 17:47:00,21,"mad,etiqueta",,1502,9.0999755859375,0.0,0,indeterminado,baja,"señalado por mad,etiqueta sin una regla determinista que identifique la causa",conservar marcado hasta contrastar con otras fuentes,False
803,nivel,2025-12-23 18:12:00,2025-12-23 18:36:00,25,"mad,etiqueta",,1502,9.20001220703125,0.0,0,indeterminado,baja,"señalado por mad,etiqueta sin una regla determinista que identifique la causa",conservar marcado hasta contrastar con otras fuentes,False
803,nivel,2025-12-23 19:14:00,2025-12-23 19:15:00,2,"mad,etiqueta",,1502,6.9000244140625,0.0,0,indeterminado,baja,"señalado por mad,etiqueta sin una regla determinista que identifique la causa",conservar marcado hasta contrastar con otras fuentes,False
803,nivel,2025-12-23 19:37:00,2025-12-23 19:50:00,14,"mad,etiqueta",,1502,9.4000244140625,0.0,0,indeterminado,baja,"señalado por mad,etiqueta sin una regla determinista que identifique la causa",conservar marcado hasta contrastar con otras fuentes,False
803,nivel,2025-12-23 20:14:00,2025-12-23 20:17:00,4,"reglas,etiqueta",R:nivel,1504,1.20001220703125,0.0,0,indeterminado,baja,"señalado por reglas,etiqueta sin una regla determinista que identifique la causa",conservar marcado hasta contrastar con otras fuentes,False
803,nivel,2025-12-23 20:58:00,2025-12-23 21:23:00,26,"reglas,mad,etiqueta",R:nivel,1502,9.199951171875,0.0,0,indeterminado,baja,"señalado por reglas,mad,etiqueta sin una regla determinista que identifique la causa",conservar marcado hasta contrastar con otras fuentes,False
803,nivel,2025-12-23 21:38:00,2025-12-23 23:16:00,99,"reglas,mad,etiqueta",R:nivel,1504,9.199951171875,0.0,0,indeterminado,baja,"señalado por reglas,mad,etiqueta sin una regla determinista que identifique la causa",conservar marcado hasta contrastar con otras fuentes,False
803,nivel,2025-12-23 23:32:00,2025-12-24 00:05:00,34,"reglas,etiqueta",R:nivel,1504,0.79998779296875,0.0,1,indeterminado,baja,"señalado por reglas,etiqueta sin una regla determinista que identifique la causa",conservar marcado hasta contrastar con otras fuentes,False
803,nivel,2025-12-24 00:19:00,2025-12-24 00:20:00,2,"reglas,etiqueta",R:nivel,1504,0.70001220703125,0.0,0,configuracion,media,nivel negativo sostenido: posible cota cero o desplazamiento del cero,corregir metadatos o configuración y reprocesar,False
803,nivel,2025-12-24 00:35:00,2025-12-24 00:40:00,6,"reglas,etiqueta",R:nivel,1504,0.800048828125,0.0,0,configuracion,media,nivel negativo sostenido: posible cota cero o desplazamiento del cero,corregir metadatos o configuración y reprocesar,False
803,nivel,2025-12-24 01:42:00,2025-12-24 01:47:00,6,"reglas,etiqueta",R:nivel,1504,0.70001220703125,0.0,0,indeterminado,baja,"señalado por reglas,etiqueta sin una regla determinista que identifique la causa",conservar marcado hasta contrastar con otras fuentes,False
803,nivel,2025-12-24 04:05:00,2025-12-24 04:16:00,12,"reglas,mad,etiqueta",R:nivel,1502,9.0,0.0,0,indeterminado,baja,"señalado por reglas,mad,etiqueta sin una regla determinista que identifique la causa",conservar marcado hasta contrastar con otras fuentes,False
803,nivel,2025-12-24 04:31:00,2025-12-24 04:33:00,3,"reglas,etiqueta",R:nivel,1504,1.0,0.0,0,configuracion,media,nivel negativo sostenido: posible cota cero o desplazamiento del cero,corregir metadatos o configuración y reprocesar,False
803,nivel,2025-12-24 04:48:00,2025-12-24 04:56:00,9,"reglas,etiqueta",R:nivel,1504,1.0,0.0,0,configuracion,media,nivel negativo sostenido: posible cota cero o desplazamiento del cero,corregir metadatos o configuración y reprocesar,False
803,nivel,2025-12-24 05:14:00,2025-12-24 05:14:00,1,"reglas,etiqueta",R:nivel,1504,0.699951171875,0.0,0,configuracion,media,nivel negativo sostenido: posible cota cero o desplazamiento del cero,corregir metadatos o configuración y reprocesar,False
803,nivel,2025-12-24 05:38:00,2025-12-24 05:38:00,1,"reglas,etiqueta",R:nivel,1504,0.70001220703125,0.0,0,configuracion,media,nivel negativo sostenido: posible cota cero o desplazamiento del cero,corregir metadatos o configuración y reprocesar,False
803,nivel,2025-12-24 06:16:00,2025-12-24 06:17:00,2,"reglas,etiqueta",R:nivel,1504,0.79998779296875,0.0,0,configuracion,media,nivel negativo sostenido: posible cota cero o desplazamiento del cero,corregir metadatos o configuración y reprocesar,False
803,nivel,2025-12-24 06:32:00,2025-12-24 07:57:00,86,"reglas,mad,etiqueta",R:nivel,1502,10.20001220703125,0.0,0,indeterminado,baja,"señalado por reglas,mad,etiqueta sin una regla determinista que identifique la causa",conservar marcado hasta contrastar con otras fuentes,False
803,nivel,2025-12-24 08:11:00,2025-12-24 08:49:00,39,"reglas,mad,etiqueta",R:nivel,1502,10.20001220703125,0.0,0,indeterminado,baja,"señalado por reglas,mad,etiqueta sin una regla determinista que identifique la causa",conservar marcado hasta contrastar con otras fuentes,False
803,nivel,2025-12-24 09:17:00,2025-12-24 09:17:00,1,"mad,etiqueta",,1502,6.10003662109375,0.0,0,indeterminado,baja,"señalado por mad,etiqueta sin una regla determinista que identifique la causa",conservar marcado hasta contrastar con otras fuentes,False
803,nivel,2025-12-24 13:14:00,2025-12-24 13:25:00,12,"mad,etiqueta",,1502,10.60003662109375,0.0,0,indeterminado,baja,"señalado por mad,etiqueta sin una regla determinista que identifique la causa",conservar marcado hasta contrastar con otras fuentes,False
803,nivel,2025-12-24 13:41:00,2025-12-24 14:04:00,24,"mad,etiqueta",,1502,10.10003662109375,0.0,0,indeterminado,baja,"señalado por mad,etiqueta sin una regla determinista que identifique la causa",conservar marcado hasta contrastar con otras fuentes,False
803,nivel,2025-12-24 16:48:00,2025-12-24 16:48:00,1,"mad,etiqueta",,1502,5.699951171875,0.0,0,indeterminado,baja,"señalado por mad,etiqueta sin una regla determinista que identifique la causa",conservar marcado hasta contrastar con otras fuentes,False
803,nivel,2025-12-24 18:36:00,2025-12-24 18:38:00,3,"reglas,etiqueta",R:nivel,1504,3.0,0.0,0,configuracion,media,nivel negativo sostenido: posible cota cero o desplazamiento del cero,corregir metadatos o configuración y reprocesar,False
803,nivel,2025-12-24 20:36:00,2025-12-24 20:49:00,14,"reglas,etiqueta",R:nivel,1504,2.0,0.0,0,indeterminado,baja,"señalado por reglas,etiqueta sin una regla determinista que identifique la causa",conservar marcado hasta contrastar con otras fuentes,False
803,nivel,2025-12-24 21:02:00,2025-12-24 21:02:00,1,"reglas,etiqueta",R:nivel,1504,1.5999755859375,0.0,0,configuracion,media,nivel negativo sostenido: posible cota cero o desplazamiento del cero,corregir metadatos o configuración y reprocesar,False
803,nivel,2025-12-24 21:23:00,2025-12-24 22:10:00,48,"reglas,etiqueta",R:nivel,1504,2.29998779296875,0.0,0,configuracion,media,nivel negativo sostenido: posible cota cero o desplazamiento del cero,corregir metadatos o configuración y reprocesar,False
803,nivel,2025-12-24 22:34:00,2025-12-24 23:07:00,34,"reglas,etiqueta",R:nivel,1504,2.0999755859375,0.0,0,configuracion,media,nivel negativo sostenido: posible cota cero o desplazamiento del cero,corregir metadatos o configuración y reprocesar,False
803,nivel,2025-12-24 23:20:00,2025-12-24 23:45:00,26,"reglas,etiqueta",R:nivel,1504,3.0,0.0,0,configuracion,media,nivel negativo sostenido: posible cota cero o desplazamiento del cero,corregir metadatos o configuración y reprocesar,False
803,nivel,2025-12-25 00:02:00,2025-12-25 00:13:00,12,"reglas,etiqueta",R:nivel,1504,3.5,0.0,0,configuracion,media,nivel negativo sostenido: posible cota cero o desplazamiento del cero,corregir metadatos o configuración y reprocesar,False
803,nivel,2025-12-25 00:57:00,2025-12-25 01:02:00,6,"reglas,etiqueta",R:nivel,1504,4.0,0.0,0,configuracion,media,nivel negativo sostenido: posible cota cero o desplazamiento del cero,corregir metadatos o configuración y reprocesar,False
803,nivel,2025-12-25 01:49:00,2025-12-25 01:49:00,1,"reglas,etiqueta",R:nivel,1504,2.0,0.0,0,configuracion,media,nivel negativo sostenido: posible cota cero o desplazamiento del cero,corregir metadatos o configuración y reprocesar,False
803,nivel,2025-12-25 04:49:00,2025-12-25 05:00:00,12,"reglas,etiqueta",R:nivel,1504,0.29998779296875,0.0,0,configuracion,media,nivel negativo sostenido: posible cota cero o desplazamiento del cero,corregir metadatos o configuración y reprocesar,False
803,nivel,2025-12-25 05:35:00,2025-12-25 05:40:00,6,"reglas,mad,etiqueta",R:nivel,1502,9.5,0.0,0,indeterminado,baja,"señalado por reglas,mad,etiqueta sin una regla determinista que identifique la causa",conservar marcado hasta contrastar con otras fuentes,False
803,nivel,2025-12-25 06:15:00,2025-12-25 08:12:00,118,"reglas,etiqueta",R:nivel,1504,2.5,0.0,0,configuracion,media,nivel negativo sostenido: posible cota cero o desplazamiento del cero,corregir metadatos o configuración y reprocesar,False
803,nivel,2025-12-25 10:21:00,2025-12-25 10:24:00,4,"reglas,etiqueta",R:nivel,1504,2.699951171875,0.0,0,configuracion,media,nivel negativo sostenido: posible cota cero o desplazamiento del cero,corregir metadatos o configuración y reprocesar,False
803,nivel,2025-12-25 15:08:00,2025-12-25 15:09:00,2,"reglas,etiqueta",R:nivel,1504,2.5,0.0,0,configuracion,media,nivel negativo sostenido: posible cota cero o desplazamiento del cero,corregir metadatos o configuración y reprocesar,False
803,nivel,2025-12-25 18:14:00,2025-12-25 20:37:00,144,"reglas,etiqueta",R:nivel,1504,2.39996337890625,0.0,0,configuracion,media,nivel negativo sostenido: posible cota cero o desplazamiento del cero,corregir metadatos o configuración y reprocesar,False
803,nivel,2025-12-25 21:37:00,2025-12-25 21:42:00,6,"reglas,etiqueta",R:nivel,1504,3.10003662109375,0.0,0,configuracion,media,nivel negativo sostenido: posible cota cero o desplazamiento del cero,corregir metadatos o configuración y reprocesar,False
803,nivel,2025-12-25 22:20:00,2025-12-25 22:21:00,2,"reglas,etiqueta",R:nivel,1504,2.79998779296875,0.0,0,configuracion,media,nivel negativo sostenido: posible cota cero o desplazamiento del cero,corregir metadatos o configuración y reprocesar,False
803,nivel,2025-12-25 23:25:00,2025-12-26 00:20:00,56,"reglas,mad,etiqueta",R:nivel,1504,7.699951171875,0.0,0,configuracion,media,nivel negativo sostenido: posible cota cero o desplazamiento del cero,corregir metadatos o configuración y reprocesar,False
803,nivel,2025-12-26 00:32:00,2025-12-26 00:34:00,3,"reglas,etiqueta",R:nivel,1504,0.70001220703125,0.0,0,configuracion,media,nivel negativo sostenido: posible cota cero o desplazamiento del cero,corregir metadatos o configuración y reprocesar,False
803,nivel,2025-12-26 00:54:00,2025-12-26 01:01:00,8,"reglas,etiqueta",R:nivel,1502,0.5,0.0,0,indeterminado,baja,"señalado por reglas,etiqueta sin una regla determinista que identifique la causa",conservar marcado hasta contrastar con otras fuentes,False
803,nivel,2025-12-26 01:14:00,2025-12-26 01:46:00,33,"reglas,mad,etiqueta",R:nivel,1504,8.5,0.0,0,indeterminado,baja,"señalado por reglas,mad,etiqueta sin una regla determinista que identifique la causa",conservar marcado hasta contrastar con otras fuentes,False
803,nivel,2025-12-26 03:24:00,2025-12-26 04:26:00,63,"reglas,mad,etiqueta",R:nivel,1504,8.5,0.0,0,indeterminado,baja,"señalado por reglas,mad,etiqueta sin una regla determinista que identifique la causa",conservar marcado hasta contrastar con otras fuentes,False
803,nivel,2025-12-26 04:45:00,2025-12-26 04:47:00,3,"reglas,etiqueta",R:nivel,1504,0.39996337890625,0.0,0,configuracion,media,nivel negativo sostenido: posible cota cero o desplazamiento del cero,corregir metadatos o configuración y reprocesar,False
803,nivel,2025-12-26 08:22:00,2025-12-26 08:24:00,3,"reglas,etiqueta",R:nivel,1504,2.9000244140625,0.0,0,configuracion,media,nivel negativo sostenido: posible cota cero o desplazamiento del cero,corregir metadatos o configuración y reprocesar,False
803,nivel,2025-12-26 15:16:00,2025-12-26 15:36:00,21,"mad,etiqueta",,1502,8.79998779296875,0.0,0,indeterminado,baja,"señalado por mad,etiqueta sin una regla determinista que identifique la causa",conservar marcado hasta contrastar con otras fuentes,False
803,nivel,2025-12-26 18:28:00,2025-12-26 18:28:00,1,"reglas,etiqueta",R:nivel,1504,2.10003662109375,0.0,0,configuracion,media,nivel negativo sostenido: posible cota cero o desplazamiento del cero,corregir metadatos o configuración y reprocesar,False
803,nivel,2025-12-26 18:55:00,2025-12-26 19:04:00,10,"mad,etiqueta",,1502,10.0,0.0,0,indeterminado,baja,"señalado por mad,etiqueta sin una regla determinista que identifique la causa",conservar marcado hasta contrastar con otras fuentes,False
803,nivel,2025-12-26 19:28:00,2025-12-26 19:36:00,9,"reglas,mad,etiqueta",R:nivel,1504,8.699951171875,0.0,0,indeterminado,baja,"señalado por reglas,mad,etiqueta sin una regla determinista que identifique la causa",conservar marcado hasta contrastar con otras fuentes,False
803,nivel,2025-12-26 20:45:00,2025-12-26 20:55:00,11,"reglas,etiqueta",R:nivel,1504,1.699951171875,0.0,0,configuracion,media,nivel negativo sostenido: posible cota cero o desplazamiento del cero,corregir metadatos o configuración y reprocesar,False
803,nivel,2025-12-26 21:08:00,2025-12-26 21:28:00,21,"reglas,etiqueta",R:nivel,1504,1.300048828125,0.0,0,indeterminado,baja,"señalado por reglas,etiqueta sin una regla determinista que identifique la causa",conservar marcado hasta contrastar con otras fuentes,False
803,nivel,2025-12-26 21:43:00,2025-12-26 21:44:00,2,"reglas,etiqueta",R:nivel,1504,1.39996337890625,0.0,0,configuracion,media,nivel negativo sostenido: posible cota cero o desplazamiento del cero,corregir metadatos o configuración y reprocesar,False
803,nivel,2025-12-26 22:03:00,2025-12-26 22:03:00,1,"reglas,etiqueta",R:nivel,1504,0.79998779296875,0.0,0,configuracion,media,nivel negativo sostenido: posible cota cero o desplazamiento del cero,corregir metadatos o configuración y reprocesar,False
803,nivel,2025-12-26 22:15:00,2025-12-26 22:25:00,11,"reglas,etiqueta",R:nivel,1504,1.300048828125,0.0,0,configuracion,media,nivel negativo sostenido: posible cota cero o desplazamiento del cero,corregir metadatos o configuración y reprocesar,False
803,nivel,2025-12-26 22:44:00,2025-12-26 22:56:00,13,"reglas,etiqueta",R:nivel,1504,3.29998779296875,0.0,0,indeterminado,baja,"señalado por reglas,etiqueta sin una regla determinista que identifique la causa",conservar marcado hasta contrastar con otras fuentes,False
803,nivel,2025-12-26 23:08:00,2025-12-26 23:39:00,32,"reglas,etiqueta",R:nivel,1504,1.60003662109375,0.0,0,configuracion,media,nivel negativo sostenido: posible cota cero o desplazamiento del cero,corregir metadatos o configuración y reprocesar,False
803,nivel,2025-12-26 23:56:00,2025-12-27 00:28:00,33,"reglas,etiqueta",R:nivel,1504,3.70001220703125,0.0,0,indeterminado,baja,"señalado por reglas,etiqueta sin una regla determinista que identifique la causa",conservar marcado hasta contrastar con otras fuentes,False
803,nivel,2025-12-27 00:43:00,2025-12-27 06:53:00,371,"reglas,mad,etiqueta",R:nivel,1504,8.20001220703125,0.0,0,configuracion,media,nivel negativo sostenido: posible cota cero o desplazamiento del cero,corregir metadatos o configuración y reprocesar,False
803,nivel,2025-12-27 07:06:00,2025-12-27 07:29:00,24,"reglas,etiqueta",R:nivel,1504,1.20001220703125,0.0,0,configuracion,media,nivel negativo sostenido: posible cota cero o desplazamiento del cero,corregir metadatos o configuración y reprocesar,False
803,nivel,2025-12-27 08:05:00,2025-12-27 08:13:00,9,"reglas,etiqueta",R:nivel,1504,0.5999755859375,0.0,0,configuracion,media,nivel negativo sostenido: posible cota cero o desplazamiento del cero,corregir metadatos o configuración y reprocesar,False
803,nivel,2025-12-27 08:28:00,2025-12-27 08:31:00,4,"reglas,etiqueta",R:nivel,1504,2.5999755859375,0.0,0,configuracion,media,nivel negativo sostenido: posible cota cero o desplazamiento del cero,corregir metadatos o configuración y reprocesar,False
803,nivel,2025-12-27 08:54:00,2025-12-27 08:56:00,3,"reglas,etiqueta",R:nivel,1504,2.5,0.0,0,configuracion,media,nivel negativo sostenido: posible cota cero o desplazamiento del cero,corregir metadatos o configuración y reprocesar,False
803,nivel,2025-12-27 10:04:00,2025-12-27 10:05:00,2,"mad,etiqueta",,1502,8.9000244140625,0.0,0,indeterminado,baja,"señalado por mad,etiqueta sin una regla determinista que identifique la causa",conservar marcado hasta contrastar con otras fuentes,False
803,nivel,2025-12-27 10:52:00,2025-12-27 10:54:00,3,"reglas,etiqueta",R:nivel,1504,3.5,0.0,0,configuracion,media,nivel negativo sostenido: posible cota cero o desplazamiento del cero,corregir metadatos o configuración y reprocesar,False
803,nivel,2025-12-27 12:42:00,2025-12-27 12:42:00,1,"mad,etiqueta",,1502,4.800048828125,0.0,0,indeterminado,baja,"señalado por mad,etiqueta sin una regla determinista que identifique la causa",conservar marcado hasta contrastar con otras fuentes,False
803,nivel,2025-12-27 13:48:00,2025-12-27 13:50:00,3,"mad,etiqueta",,1502,8.5,0.0,0,indeterminado,baja,"señalado por mad,etiqueta sin una regla determinista que identifique la causa",conservar marcado hasta contrastar con otras fuentes,False
803,nivel,2025-12-27 14:12:00,2025-12-27 14:14:00,3,"mad,etiqueta",,1502,7.0999755859375,0.0,0,indeterminado,baja,"señalado por mad,etiqueta sin una regla determinista que identifique la causa",conservar marcado hasta contrastar con otras fuentes,False
803,nivel,2025-12-27 14:40:00,2025-12-27 14:40:00,1,"mad,etiqueta",,1502,6.79998779296875,0.0,0,indeterminado,baja,"señalado por mad,etiqueta sin una regla determinista que identifique la causa",conservar marcado hasta contrastar con otras fuentes,False
803,nivel,2025-12-27 14:53:00,2025-12-27 15:43:00,51,"mad,etiqueta",,1502,9.0,0.0,0,indeterminado,baja,"señalado por mad,etiqueta sin una regla determinista que identifique la causa",conservar marcado hasta contrastar con otras fuentes,False
803,nivel,2025-12-27 16:45:00,2025-12-27 16:45:00,1,"reglas,etiqueta",R:nivel,1504,3.4000244140625,0.0,0,configuracion,media,nivel negativo sostenido: posible cota cero o desplazamiento del cero,corregir metadatos o configuración y reprocesar,False
803,nivel,2025-12-27 17:04:00,2025-12-27 17:04:00,1,"reglas,etiqueta",R:nivel,1504,2.39996337890625,0.0,0,configuracion,media,nivel negativo sostenido: posible cota cero o desplazamiento del cero,corregir metadatos o configuración y reprocesar,False
803,nivel,2025-12-27 17:38:00,2025-12-27 17:51:00,14,"reglas,etiqueta",R:nivel,1504,2.79998779296875,0.0,0,indeterminado,baja,"señalado por reglas,etiqueta sin una regla determinista que identifique la causa",conservar marcado hasta contrastar con otras fuentes,False
803,nivel,2025-12-27 18:27:00,2025-12-27 18:27:00,1,"reglas,etiqueta",R:nivel,1504,2.0,0.0,0,configuracion,media,nivel negativo sostenido: posible cota cero o desplazamiento del cero,corregir metadatos o configuración y reprocesar,False
803,nivel,2025-12-27 18:54:00,2025-12-27 18:54:00,1,"reglas,etiqueta",R:nivel,1504,2.20001220703125,0.0,0,configuracion,media,nivel negativo sostenido: posible cota cero o desplazamiento del cero,corregir metadatos o configuración y reprocesar,False
803,nivel,2025-12-27 19:55:00,2025-12-27 20:00:00,6,"reglas,etiqueta",R:nivel,1504,2.60003662109375,0.0,0,indeterminado,baja,"señalado por reglas,etiqueta sin una regla determinista que identifique la causa",conservar marcado hasta contrastar con otras fuentes,False
803,nivel,2025-12-27 20:27:00,2025-12-27 20:49:00,23,"reglas,etiqueta",R:nivel,1504,2.60003662109375,0.0,0,configuracion,media,nivel negativo sostenido: posible cota cero o desplazamiento del cero,corregir metadatos o configuración y reprocesar,False
803,nivel,2025-12-27 22:54:00,2025-12-27 22:54:00,1,"reglas,etiqueta",R:nivel,1504,1.60003662109375,0.0,0,configuracion,media,nivel negativo sostenido: posible cota cero o desplazamiento del cero,corregir metadatos o configuración y reprocesar,False
803,nivel,2025-12-27 23:32:00,2025-12-27 23:32:00,1,"reglas,etiqueta",R:nivel,1504,1.5,0.0,0,configuracion,media,nivel negativo sostenido: posible cota cero o desplazamiento del cero,corregir metadatos o configuración y reprocesar,False
803,nivel,2025-12-28 00:29:00,2025-12-28 00:30:00,2,"reglas,etiqueta",R:nivel,1504,2.39996337890625,0.0,0,configuracion,media,nivel negativo sostenido: posible cota cero o desplazamiento del cero,corregir metadatos o configuración y reprocesar,False
803,nivel,2025-12-28 02:19:00,2025-12-28 02:26:00,8,"reglas,etiqueta",R:nivel,1504,2.0,0.0,0,configuracion,media,nivel negativo sostenido: posible cota cero o desplazamiento del cero,corregir metadatos o configuración y reprocesar,False
803,nivel,2025-12-28 02:38:00,2025-12-28 02:55:00,18,"reglas,etiqueta",R:nivel,1504,1.89996337890625,0.0,0,indeterminado,baja,"señalado por reglas,etiqueta sin una regla determinista que identifique la causa",conservar marcado hasta contrastar con otras fuentes,False
803,nivel,2025-12-28 03:28:00,2025-12-28 04:38:00,71,"reglas,etiqueta",R:nivel,1504,1.89996337890625,0.0,0,configuracion,media,nivel negativo sostenido: posible cota cero o desplazamiento del cero,corregir metadatos o configuración y reprocesar,False
803,nivel,2025-12-28 05:10:00,2025-12-28 05:23:00,14,"reglas,etiqueta",R:nivel,1504,1.5,0.0,0,configuracion,media,nivel negativo sostenido: posible cota cero o desplazamiento del cero,corregir metadatos o configuración y reprocesar,False
803,nivel,2025-12-28 06:04:00,2025-12-28 06:12:00,9,"reglas,etiqueta",R:nivel,1504,1.5,0.0,0,configuracion,media,nivel negativo sostenido: posible cota cero o desplazamiento del cero,corregir metadatos o configuración y reprocesar,False
803,nivel,2025-12-28 07:24:00,2025-12-28 07:45:00,22,"reglas,etiqueta",R:nivel,1504,2.70001220703125,0.0,0,configuracion,media,nivel negativo sostenido: posible cota cero o desplazamiento del cero,corregir metadatos o configuración y reprocesar,False
803,nivel,2025-12-28 08:06:00,2025-12-28 10:09:00,124,"reglas,mad,etiqueta",R:nivel,1504,12.10003662109375,0.0,0,indeterminado,baja,"señalado por reglas,mad,etiqueta sin una regla determinista que identifique la causa",conservar marcado hasta contrastar con otras fuentes,False
803,nivel,2025-12-28 10:21:00,2025-12-28 11:47:00,87,"reglas,etiqueta",R:nivel,1504,3.70001220703125,0.0,0,configuracion,media,nivel negativo sostenido: posible cota cero o desplazamiento del cero,corregir metadatos o configuración y reprocesar,False
803,nivel,2025-12-28 12:05:00,2025-12-28 13:22:00,78,"reglas,mad,iforest,etiqueta",R:nivel,1502,10.60003662109375,0.0,0,indeterminado,baja,"señalado por reglas,mad,iforest,etiqueta sin una regla determinista que identifique la causa",conservar marcado hasta contrastar con otras fuentes,False
803,nivel,2025-12-28 14:06:00,2025-12-28 14:08:00,3,"mad,etiqueta",,1502,8.0,0.0,0,indeterminado,baja,"señalado por mad,etiqueta sin una regla determinista que identifique la causa",conservar marcado hasta contrastar con otras fuentes,False
803,nivel,2025-12-28 14:23:00,2025-12-28 14:37:00,15,"mad,etiqueta",,1502,10.5,0.0,0,indeterminado,baja,"señalado por mad,etiqueta sin una regla determinista que identifique la causa",conservar marcado hasta contrastar con otras fuentes,False
803,nivel,2025-12-28 14:52:00,2025-12-28 15:13:00,22,"mad,etiqueta",,1502,10.39996337890625,0.0,0,indeterminado,baja,"señalado por mad,etiqueta sin una regla determinista que identifique la causa",conservar marcado hasta contrastar con otras fuentes,False
803,nivel,2025-12-28 15:35:00,2025-12-28 15:40:00,6,"mad,etiqueta",,1502,9.79998779296875,0.0,0,indeterminado,baja,"señalado por mad,etiqueta sin una regla determinista que identifique la causa",conservar marcado hasta contrastar con otras fuentes,False
803,nivel,2025-12-28 18:37:00,2025-12-28 18:56:00,20,"reglas,mad,etiqueta",R:nivel,1502,7.39996337890625,0.0,0,indeterminado,baja,"señalado por reglas,mad,etiqueta sin una regla determinista que identifique la causa",conservar marcado hasta contrastar con otras fuentes,False
803,nivel,2025-12-28 20:42:00,2025-12-28 20:47:00,6,"mad,etiqueta",,1502,8.20001220703125,0.0,0,indeterminado,baja,"señalado por mad,etiqueta sin una regla determinista que identifique la causa",conservar marcado hasta contrastar con otras fuentes,False
803,nivel,2025-12-28 21:07:00,2025-12-28 21:10:00,4,"mad,etiqueta",,1502,8.29998779296875,0.0,0,indeterminado,baja,"señalado por mad,etiqueta sin una regla determinista que identifique la causa",conservar marcado hasta contrastar con otras fuentes,False
803,nivel,2025-12-28 21:32:00,2025-12-28 21:36:00,5,"mad,etiqueta",,1502,8.39996337890625,0.0,0,indeterminado,baja,"señalado por mad,etiqueta sin una regla determinista que identifique la causa",conservar marcado hasta contrastar con otras fuentes,False
803,nivel,2025-12-28 22:08:00,2025-12-28 22:10:00,3,"mad,etiqueta",,1502,8.0,0.0,0,indeterminado,baja,"señalado por mad,etiqueta sin una regla determinista que identifique la causa",conservar marcado hasta contrastar con otras fuentes,False
803,nivel,2025-12-28 22:24:00,2025-12-28 22:36:00,13,"reglas,mad,etiqueta",R:nivel,1502,8.29998779296875,0.0,0,indeterminado,baja,"señalado por reglas,mad,etiqueta sin una regla determinista que identifique la causa",conservar marcado hasta contrastar con otras fuentes,False
803,nivel,2025-12-28 22:53:00,2025-12-28 23:00:00,8,"reglas,etiqueta",R:nivel,1504,4.39996337890625,0.0,0,indeterminado,baja,"señalado por reglas,etiqueta sin una regla determinista que identifique la causa",conservar marcado hasta contrastar con otras fuentes,False
803,nivel,2025-12-28 23:27:00,2025-12-28 23:27:00,1,"reglas,etiqueta",R:nivel,1504,1.5999755859375,0.0,0,configuracion,media,nivel negativo sostenido: posible cota cero o desplazamiento del cero,corregir metadatos o configuración y reprocesar,False
803,nivel,2025-12-28 23:39:00,2025-12-29 00:13:00,35,"reglas,mad,etiqueta",R:nivel,1502,9.29998779296875,0.0,0,indeterminado,baja,"señalado por reglas,mad,etiqueta sin una regla determinista que identifique la causa",conservar marcado hasta contrastar con otras fuentes,False
803,nivel,2025-12-29 00:30:00,2025-12-29 03:57:00,208,"reglas,etiqueta",R:nivel,1504,1.89996337890625,0.0,0,configuracion,media,nivel negativo sostenido: posible cota cero o desplazamiento del cero,corregir metadatos o configuración y reprocesar,False
803,nivel,2025-12-29 04:22:00,2025-12-29 04:39:00,18,"mad,etiqueta",,1502,8.0999755859375,0.0,0,indeterminado,baja,"señalado por mad,etiqueta sin una regla determinista que identifique la causa",conservar marcado hasta contrastar con otras fuentes,False
803,nivel,2025-12-29 05:37:00,2025-12-29 05:51:00,15,"reglas,etiqueta",R:nivel,1504,2.89996337890625,0.0,0,configuracion,media,nivel negativo sostenido: posible cota cero o desplazamiento del cero,corregir metadatos o configuración y reprocesar,False
803,nivel,2025-12-29 06:06:00,2025-12-29 06:06:00,1,"reglas,etiqueta",R:nivel,1504,1.79998779296875,0.0,0,configuracion,media,nivel negativo sostenido: posible cota cero o desplazamiento del cero,corregir metadatos o configuración y reprocesar,False
803,nivel,2025-12-29 06:46:00,2025-12-29 06:58:00,13,"mad,etiqueta",,1502,8.300048828125,0.0,0,indeterminado,baja,"señalado por mad,etiqueta sin una regla determinista que identifique la causa",conservar marcado hasta contrastar con otras fuentes,False
803,nivel,2025-12-29 08:41:00,2025-12-29 08:42:00,2,"mad,etiqueta",,1502,8.5999755859375,0.0,0,indeterminado,baja,"señalado por mad,etiqueta sin una regla determinista que identifique la causa",conservar marcado hasta contrastar con otras fuentes,False
803,nivel,2025-12-29 08:55:00,2025-12-29 08:56:00,2,"mad,etiqueta",,1502,6.79998779296875,0.0,0,indeterminado,baja,"señalado por mad,etiqueta sin una regla determinista que identifique la causa",conservar marcado hasta contrastar con otras fuentes,False
803,nivel,2025-12-29 11:50:00,2025-12-29 11:50:00,1,"mad,etiqueta",,1502,6.0999755859375,0.01,0,indeterminado,baja,"señalado por mad,etiqueta sin una regla determinista que identifique la causa",conservar marcado hasta contrastar con otras fuentes,False
803,nivel,2025-12-29 12:06:00,2025-12-29 12:13:00,8,"mad,etiqueta",,1502,6.0,0.01,0,indeterminado,baja,"señalado por mad,etiqueta sin una regla determinista que identifique la causa",conservar marcado hasta contrastar con otras fuentes,False
803,nivel,2025-12-29 12:56:00,2025-12-29 13:12:00,17,"mad,etiqueta",,1502,9.29998779296875,0.01,0,indeterminado,baja,"señalado por mad,etiqueta sin una regla determinista que identifique la causa",conservar marcado hasta contrastar con otras fuentes,False
803,nivel,2025-12-29 13:50:00,2025-12-29 14:05:00,16,"mad,etiqueta",,1502,9.5,0.01,0,indeterminado,baja,"señalado por mad,etiqueta sin una regla determinista que identifique la causa",conservar marcado hasta contrastar con otras fuentes,False
803,nivel,2025-12-29 14:40:00,2025-12-29 14:58:00,19,"mad,etiqueta",,1502,9.79998779296875,0.01,0,indeterminado,baja,"señalado por mad,etiqueta sin una regla determinista que identifique la causa",conservar marcado hasta contrastar con otras fuentes,False
803,nivel,2025-12-29 15:24:00,2025-12-29 15:43:00,20,"mad,etiqueta",,1502,9.70001220703125,0.01,0,indeterminado,baja,"señalado por mad,etiqueta sin una regla determinista que identifique la causa",conservar marcado hasta contrastar con otras fuentes,False
803,nivel,2025-12-29 16:02:00,2025-12-29 16:15:00,14,"mad,etiqueta",,1502,9.9000244140625,0.01,0,indeterminado,baja,"señalado por mad,etiqueta sin una regla determinista que identifique la causa",conservar marcado hasta contrastar con otras fuentes,False
803,nivel,2025-12-29 16:46:00,2025-12-29 17:24:00,39,"mad,etiqueta",,1502,9.5,0.0,0,indeterminado,baja,"señalado por mad,etiqueta sin una regla determinista que identifique la causa",conservar marcado hasta contrastar con otras fuentes,False
803,nivel,2025-12-29 17:53:00,2025-12-29 18:00:00,8,"mad,etiqueta",,1502,7.0,0.0,0,indeterminado,baja,"señalado por mad,etiqueta sin una regla determinista que identifique la causa",conservar marcado hasta contrastar con otras fuentes,False
803,nivel,2025-12-29 18:14:00,2025-12-29 18:19:00,6,"mad,etiqueta",,1502,6.199951171875,0.0,0,indeterminado,baja,"señalado por mad,etiqueta sin una regla determinista que identifique la causa",conservar marcado hasta contrastar con otras fuentes,False
803,nivel,2025-12-29 19:06:00,2025-12-29 19:15:00,10,"mad,etiqueta",,1502,5.4000244140625,0.0,0,indeterminado,baja,"señalado por mad,etiqueta sin una regla determinista que identifique la causa",conservar marcado hasta contrastar con otras fuentes,False
803,nivel,2025-12-29 19:32:00,2025-12-29 19:34:00,3,"mad,etiqueta",,1502,5.800048828125,0.0,0,indeterminado,baja,"señalado por mad,etiqueta sin una regla determinista que identifique la causa",conservar marcado hasta contrastar con otras fuentes,False
803,nivel,2025-12-29 19:50:00,2025-12-29 19:50:00,1,"reglas,etiqueta",R:nivel,1504,3.9000244140625,0.0,0,configuracion,media,nivel negativo sostenido: posible cota cero o desplazamiento del cero,corregir metadatos o configuración y reprocesar,False
803,nivel,2025-12-29 20:21:00,2025-12-29 20:31:00,11,"mad,etiqueta",,1502,6.4000244140625,0.0,0,indeterminado,baja,"señalado por mad,etiqueta sin una regla determinista que identifique la causa",conservar marcado hasta contrastar con otras fuentes,False
803,nivel,2025-12-29 20:47:00,2025-12-29 20:53:00,7,"reglas,mad,etiqueta",R:nivel,1502,6.4000244140625,0.0,0,indeterminado,baja,"señalado por reglas,mad,etiqueta sin una regla determinista que identifique la causa",conservar marcado hasta contrastar con otras fuentes,False
803,nivel,2025-12-29 21:57:00,2025-12-29 21:57:00,1,"mad,etiqueta",,1502,6.10003662109375,0.0,0,indeterminado,baja,"señalado por mad,etiqueta sin una regla determinista que identifique la causa",conservar marcado hasta contrastar con otras fuentes,False
803,nivel,2025-12-29 22:15:00,2025-12-29 22:18:00,4,"mad,etiqueta",,1502,7.0,0.0,0,indeterminado,baja,"señalado por mad,etiqueta sin una regla determinista que identifique la causa",conservar marcado hasta contrastar con otras fuentes,False
803,nivel,2025-12-29 22:47:00,2025-12-29 23:08:00,22,"mad,etiqueta",,1502,6.5,0.0,0,indeterminado,baja,"señalado por mad,etiqueta sin una regla determinista que identifique la causa",conservar marcado hasta contrastar con otras fuentes,False
803,nivel,2025-12-29 23:29:00,2025-12-29 23:29:00,1,"mad,etiqueta",,1502,5.0,0.0,0,indeterminado,baja,"señalado por mad,etiqueta sin una regla determinista que identifique la causa",conservar marcado hasta contrastar con otras fuentes,False
803,nivel,2025-12-29 23:44:00,2025-12-30 00:08:00,25,"mad,etiqueta",,1502,5.9000244140625,0.0,0,indeterminado,baja,"señalado por mad,etiqueta sin una regla determinista que identifique la causa",conservar marcado hasta contrastar con otras fuentes,False
803,nivel,2025-12-30 00:20:00,2025-12-30 00:21:00,2,"mad,etiqueta",,1502,6.29998779296875,0.0,0,indeterminado,baja,"señalado por mad,etiqueta sin una regla determinista que identifique la causa",conservar marcado hasta contrastar con otras fuentes,False
803,nivel,2025-12-30 02:56:00,2025-12-30 02:56:00,1,"mad,etiqueta",,1502,4.9000244140625,0.0,0,indeterminado,baja,"señalado por mad,etiqueta sin una regla determinista que identifique la causa",conservar marcado hasta contrastar con otras fuentes,False
803,nivel,2025-12-30 04:57:00,2025-12-30 05:02:00,6,"mad,etiqueta",,1502,4.70001220703125,0.0,0,indeterminado,baja,"señalado por mad,etiqueta sin una regla determinista que identifique la causa",conservar marcado hasta contrastar con otras fuentes,False
803,nivel,2025-12-30 05:37:00,2025-12-30 05:37:00,1,"reglas,etiqueta",R:nivel,1504,3.0999755859375,0.0,0,configuracion,media,nivel negativo sostenido: posible cota cero o desplazamiento del cero,corregir metadatos o configuración y reprocesar,False
803,nivel,2025-12-30 05:54:00,2025-12-30 05:58:00,5,"reglas,etiqueta",R:nivel,1504,4.199951171875,0.0,0,configuracion,media,nivel negativo sostenido: posible cota cero o desplazamiento del cero,corregir metadatos o configuración y reprocesar,False
803,nivel,2025-12-30 06:29:00,2025-12-30 06:31:00,3,"reglas,mad,etiqueta",R:nivel,1502,5.9000244140625,0.05,0,indeterminado,baja,"señalado por reglas,mad,etiqueta sin una regla determinista que identifique la causa",conservar marcado hasta contrastar con otras fuentes,False
803,nivel,2025-12-30 06:53:00,2025-12-30 06:53:00,1,"reglas,etiqueta",R:nivel,1504,3.10003662109375,0.06,0,configuracion,media,nivel negativo sostenido: posible cota cero o desplazamiento del cero,corregir metadatos o configuración y reprocesar,False
803,nivel,2025-12-30 07:20:00,2025-12-30 07:20:00,1,"reglas,etiqueta",R:nivel,1504,3.79998779296875,0.06,0,configuracion,media,nivel negativo sostenido: posible cota cero o desplazamiento del cero,corregir metadatos o configuración y reprocesar,False
803,nivel,2025-12-30 08:15:00,2025-12-30 08:21:00,7,"reglas,mad,etiqueta",R:nivel,1502,5.300048828125,0.06,0,indeterminado,baja,"señalado por reglas,mad,etiqueta sin una regla determinista que identifique la causa",conservar marcado hasta contrastar con otras fuentes,False
803,nivel,2025-12-30 10:59:00,2025-12-30 11:18:00,20,"mad,etiqueta",,1502,6.5999755859375,0.06,0,indeterminado,baja,"señalado por mad,etiqueta sin una regla determinista que identifique la causa",conservar marcado hasta contrastar con otras fuentes,False
803,nivel,2025-12-30 11:45:00,2025-12-30 11:49:00,5,"mad,etiqueta",,1502,7.0999755859375,0.06,0,indeterminado,baja,"señalado por mad,etiqueta sin una regla determinista que identifique la causa",conservar marcado hasta contrastar con otras fuentes,False
803,nivel,2025-12-30 12:19:00,2025-12-30 12:22:00,4,"mad,etiqueta",,1502,7.0999755859375,0.01,0,indeterminado,baja,"señalado por mad,etiqueta sin una regla determinista que identifique la causa",conservar marcado hasta contrastar con otras fuentes,False
803,nivel,2025-12-30 13:23:00,2025-12-30 13:55:00,33,"mad,etiqueta",,1502,9.10003662109375,0.0,0,indeterminado,baja,"señalado por mad,etiqueta sin una regla determinista que identifique la causa",conservar marcado hasta contrastar con otras fuentes,False
803,nivel,2025-12-30 14:47:00,2025-12-30 14:48:00,2,"mad,etiqueta",,1502,7.29998779296875,0.0,0,indeterminado,baja,"señalado por mad,etiqueta sin una regla determinista que identifique la causa",conservar marcado hasta contrastar con otras fuentes,False
803,nivel,2025-12-30 15:07:00,2025-12-30 15:07:00,1,"mad,etiqueta",,1502,8.0999755859375,0.0,0,indeterminado,baja,"señalado por mad,etiqueta sin una regla determinista que identifique la causa",conservar marcado hasta contrastar con otras fuentes,False
803,nivel,2025-12-30 16:27:00,2025-12-30 17:04:00,38,"mad,etiqueta",,1502,7.70001220703125,0.0,0,indeterminado,baja,"señalado por mad,etiqueta sin una regla determinista que identifique la causa",conservar marcado hasta contrastar con otras fuentes,False
803,nivel,2025-12-30 17:25:00,2025-12-30 17:25:00,1,"mad,etiqueta",,1502,6.0999755859375,0.0,0,indeterminado,baja,"señalado por mad,etiqueta sin una regla determinista que identifique la causa",conservar marcado hasta contrastar con otras fuentes,False
803,nivel,2025-12-30 17:40:00,2025-12-30 17:40:00,1,"mad,etiqueta",,1502,7.0999755859375,0.0,0,indeterminado,baja,"señalado por mad,etiqueta sin una regla determinista que identifique la causa",conservar marcado hasta contrastar con otras fuentes,False
803,nivel,2025-12-30 17:56:00,2025-12-30 18:21:00,26,"mad,etiqueta",,1502,8.79998779296875,0.0,0,indeterminado,baja,"señalado por mad,etiqueta sin una regla determinista que identifique la causa",conservar marcado hasta contrastar con otras fuentes,False
803,nivel,2025-12-30 19:06:00,2025-12-30 19:25:00,20,"reglas,mad,etiqueta",R:nivel,1504,5.9000244140625,0.0,0,indeterminado,baja,"señalado por reglas,mad,etiqueta sin una regla determinista que identifique la causa",conservar marcado hasta contrastar con otras fuentes,False
803,nivel,2025-12-30 19:43:00,2025-12-30 20:09:00,27,"reglas,etiqueta",R:nivel,1504,1.70001220703125,0.0,0,indeterminado,baja,"señalado por reglas,etiqueta sin una regla determinista que identifique la causa",conservar marcado hasta contrastar con otras fuentes,False
803,nivel,2025-12-30 21:01:00,2025-12-30 21:21:00,21,"reglas,etiqueta",R:nivel,1504,0.79998779296875,0.0,0,indeterminado,baja,"señalado por reglas,etiqueta sin una regla determinista que identifique la causa",conservar marcado hasta contrastar con otras fuentes,False
803,nivel,2025-12-30 21:56:00,2025-12-30 22:03:00,8,"reglas,etiqueta",R:nivel,1504,0.79998779296875,0.0,0,configuracion,media,nivel negativo sostenido: posible cota cero o desplazamiento del cero,corregir metadatos o configuración y reprocesar,False
803,nivel,2025-12-30 22:22:00,2025-12-30 22:24:00,3,"reglas,etiqueta",R:nivel,1504,0.70001220703125,0.0,0,configuracion,media,nivel negativo sostenido: posible cota cero o desplazamiento del cero,corregir metadatos o configuración y reprocesar,False
803,nivel,2025-12-30 22:45:00,2025-12-30 22:56:00,12,"reglas,etiqueta",R:nivel,1504,0.79998779296875,0.0,0,indeterminado,baja,"señalado por reglas,etiqueta sin una regla determinista que identifique la causa",conservar marcado hasta contrastar con otras fuentes,False
803,nivel,2025-12-30 23:08:00,2025-12-30 23:09:00,2,"reglas,etiqueta",R:nivel,1504,1.199951171875,0.0,0,configuracion,media,nivel negativo sostenido: posible cota cero o desplazamiento del cero,corregir metadatos o configuración y reprocesar,False
803,nivel,2025-12-30 23:25:00,2025-12-31 00:30:00,66,"reglas,mad,etiqueta",R:nivel,1504,8.10003662109375,0.0,0,indeterminado,baja,"señalado por reglas,mad,etiqueta sin una regla determinista que identifique la causa",conservar marcado hasta contrastar con otras fuentes,False
803,nivel,2025-12-31 00:57:00,2025-12-31 01:10:00,14,"reglas,mad,etiqueta",R:nivel,1504,7.60003662109375,0.0,0,indeterminado,baja,"señalado por reglas,mad,etiqueta sin una regla determinista que identifique la causa",conservar marcado hasta contrastar con otras fuentes,False
803,nivel,2025-12-31 01:28:00,2025-12-31 01:40:00,13,"reglas,mad,etiqueta",R:nivel,1502,7.29998779296875,0.0,0,indeterminado,baja,"señalado por reglas,mad,etiqueta sin una regla determinista que identifique la causa",conservar marcado hasta contrastar con otras fuentes,False
803,nivel,2025-12-31 01:54:00,2025-12-31 02:21:00,28,"mad,etiqueta",,1502,9.0,0.0,0,indeterminado,baja,"señalado por mad,etiqueta sin una regla determinista que identifique la causa",conservar marcado hasta contrastar con otras fuentes,False
803,nivel,2025-12-31 04:18:00,2025-12-31 04:18:00,1,"mad,etiqueta",,1502,7.0,0.0,0,indeterminado,baja,"señalado por mad,etiqueta sin una regla determinista que identifique la causa",conservar marcado hasta contrastar con otras fuentes,False
803,nivel,2025-12-31 05:09:00,2025-12-31 06:07:00,59,"reglas,mad,etiqueta",R:nivel,1504,6.0,0.0,0,configuracion,media,nivel negativo sostenido: posible cota cero o desplazamiento del cero,corregir metadatos o configuración y reprocesar,False
803,nivel,2025-12-31 06:22:00,2025-12-31 06:29:00,8,"reglas,etiqueta",R:nivel,1504,0.9000244140625,0.0,0,configuracion,media,nivel negativo sostenido: posible cota cero o desplazamiento del cero,corregir metadatos o configuración y reprocesar,False
803,nivel,2025-12-31 06:51:00,2025-12-31 06:51:00,1,"reglas,etiqueta",R:nivel,1504,0.5999755859375,0.0,0,configuracion,media,nivel negativo sostenido: posible cota cero o desplazamiento del cero,corregir metadatos o configuración y reprocesar,False
803,nivel,2025-12-31 07:03:00,2025-12-31 07:34:00,32,"reglas,etiqueta",R:nivel,1504,1.89996337890625,0.0,0,configuracion,media,nivel negativo sostenido: posible cota cero o desplazamiento del cero,corregir metadatos o configuración y reprocesar,False
803,nivel,2025-12-31 09:29:00,2025-12-31 09:31:00,3,"mad,etiqueta",,1502,5.10003662109375,0.0,0,indeterminado,baja,"señalado por mad,etiqueta sin una regla determinista que identifique la causa",conservar marcado hasta contrastar con otras fuentes,False
803,nivel,2025-12-31 10:06:00,2025-12-31 10:06:00,1,"mad,etiqueta",,1502,5.79998779296875,0.0,0,indeterminado,baja,"señalado por mad,etiqueta sin una regla determinista que identifique la causa",conservar marcado hasta contrastar con otras fuentes,False
803,nivel,2025-12-31 10:38:00,2025-12-31 10:38:00,1,"mad,etiqueta",,1502,5.9000244140625,0.0,0,indeterminado,baja,"señalado por mad,etiqueta sin una regla determinista que identifique la causa",conservar marcado hasta contrastar con otras fuentes,False
803,nivel,2025-12-31 11:32:00,2025-12-31 11:32:00,1,"mad,etiqueta",,1502,5.20001220703125,0.0,0,indeterminado,baja,"señalado por mad,etiqueta sin una regla determinista que identifique la causa",conservar marcado hasta contrastar con otras fuentes,False
803,nivel,2025-12-31 12:27:00,2025-12-31 12:28:00,2,"mad,etiqueta",,1502,5.70001220703125,0.0,0,indeterminado,baja,"señalado por mad,etiqueta sin una regla determinista que identifique la causa",conservar marcado hasta contrastar con otras fuentes,False
803,nivel,2025-12-31 12:46:00,2025-12-31 12:54:00,9,"mad,etiqueta",,1502,8.4000244140625,0.0,0,indeterminado,baja,"señalado por mad,etiqueta sin una regla determinista que identifique la causa",conservar marcado hasta contrastar con otras fuentes,False
803,nivel,2025-12-31 13:44:00,2025-12-31 13:54:00,11,"mad,etiqueta",,1502,8.20001220703125,0.0,0,indeterminado,baja,"señalado por mad,etiqueta sin una regla determinista que identifique la causa",conservar marcado hasta contrastar con otras fuentes,False
803,nivel,2025-12-31 14:16:00,2025-12-31 14:22:00,7,"mad,etiqueta",,1502,7.199951171875,0.0,0,indeterminado,baja,"señalado por mad,etiqueta sin una regla determinista que identifique la causa",conservar marcado hasta contrastar con otras fuentes,False
803,nivel,2025-12-31 16:25:00,2025-12-31 16:25:00,1,"mad,etiqueta",,1502,5.89996337890625,0.0,0,indeterminado,baja,"señalado por mad,etiqueta sin una regla determinista que identifique la causa",conservar marcado hasta contrastar con otras fuentes,False
803,nivel,2025-12-31 16:42:00,2025-12-31 16:43:00,2,"mad,etiqueta",,1502,6.800048828125,0.0,0,indeterminado,baja,"señalado por mad,etiqueta sin una regla determinista que identifique la causa",conservar marcado hasta contrastar con otras fuentes,False
803,nivel,2025-12-31 17:02:00,2025-12-31 17:11:00,10,"mad,etiqueta",,1502,7.199951171875,0.0,0,indeterminado,baja,"señalado por mad,etiqueta sin una regla determinista que identifique la causa",conservar marcado hasta contrastar con otras fuentes,False
803,nivel,2025-12-31 17:35:00,2025-12-31 17:35:00,1,"mad,etiqueta",,1502,6.60003662109375,0.0,0,indeterminado,baja,"señalado por mad,etiqueta sin una regla determinista que identifique la causa",conservar marcado hasta contrastar con otras fuentes,False
803,nivel,2025-12-31 17:49:00,2025-12-31 18:11:00,23,"mad,etiqueta",,1502,7.0,0.0,0,indeterminado,baja,"señalado por mad,etiqueta sin una regla determinista que identifique la causa",conservar marcado hasta contrastar con otras fuentes,False
803,nivel,2025-12-31 19:12:00,2025-12-31 19:32:00,21,"mad,etiqueta",,1502,6.0,0.01,0,indeterminado,baja,"señalado por mad,etiqueta sin una regla determinista que identifique la causa",conservar marcado hasta contrastar con otras fuentes,False
803,nivel,2025-12-31 21:44:00,2025-12-31 21:44:00,1,"mad,etiqueta",,1502,4.9000244140625,0.01,0,indeterminado,baja,"señalado por mad,etiqueta sin una regla determinista que identifique la causa",conservar marcado hasta contrastar con otras fuentes,False
803,nivel,2025-12-31 22:10:00,2025-12-31 22:11:00,2,"mad,etiqueta",,1502,5.300048828125,0.01,0,indeterminado,baja,"señalado por mad,etiqueta sin una regla determinista que identifique la causa",conservar marcado hasta contrastar con otras fuentes,False
803,nivel,2025-12-31 23:07:00,2025-12-31 23:30:00,24,"mad,etiqueta",,1502,6.9000244140625,0.01,0,indeterminado,baja,"señalado por mad,etiqueta sin una regla determinista que identifique la causa",conservar marcado hasta contrastar con otras fuentes,False
803,nivel,2025-12-31 23:53:00,2025-12-31 23:53:00,1,"mad,etiqueta",,1502,5.0999755859375,0.01,0,indeterminado,baja,"señalado por mad,etiqueta sin una regla determinista que identifique la causa",conservar marcado hasta contrastar con otras fuentes,False
803,nivel,2026-01-01 05:18:00,2026-01-01 05:19:00,2,"mad,etiqueta",,1502,4.5,0.0,0,indeterminado,baja,"señalado por mad,etiqueta sin una regla determinista que identifique la causa",conservar marcado hasta contrastar con otras fuentes,False
803,nivel,2026-01-01 05:52:00,2026-01-01 05:52:00,1,"mad,etiqueta",,1502,4.60003662109375,0.0,0,indeterminado,baja,"señalado por mad,etiqueta sin una regla determinista que identifique la causa",conservar marcado hasta contrastar con otras fuentes,False
803,nivel,2026-01-01 07:22:00,2026-01-01 07:56:00,35,"reglas,mad,etiqueta",R:nivel,1502,6.5999755859375,0.0,0,indeterminado,baja,"señalado por reglas,mad,etiqueta sin una regla determinista que identifique la causa",conservar marcado hasta contrastar con otras fuentes,False
803,nivel,2026-01-01 09:44:00,2026-01-01 09:55:00,12,"mad,etiqueta",,1502,7.300048828125,0.0,0,indeterminado,baja,"señalado por mad,etiqueta sin una regla determinista que identifique la causa",conservar marcado hasta contrastar con otras fuentes,False
803,nivel,2026-01-01 10:23:00,2026-01-01 10:26:00,4,"mad,etiqueta",,1502,6.300048828125,0.0,0,indeterminado,baja,"señalado por mad,etiqueta sin una regla determinista que identifique la causa",conservar marcado hasta contrastar con otras fuentes,False
803,nivel,2026-01-01 10:48:00,2026-01-01 11:05:00,18,"mad,etiqueta",,1502,6.29998779296875,0.01,0,indeterminado,baja,"señalado por mad,etiqueta sin una regla determinista que identifique la causa",conservar marcado hasta contrastar con otras fuentes,False
803,nivel,2026-01-01 12:22:00,2026-01-01 12:41:00,20,"mad,etiqueta",,1502,8.60003662109375,0.01,0,indeterminado,baja,"señalado por mad,etiqueta sin una regla determinista que identifique la causa",conservar marcado hasta contrastar con otras fuentes,False
803,nivel,2026-01-01 12:59:00,2026-01-01 13:11:00,13,"mad,etiqueta",,1502,7.79998779296875,0.01,0,indeterminado,baja,"señalado por mad,etiqueta sin una regla determinista que identifique la causa",conservar marcado hasta contrastar con otras fuentes,False
803,nivel,2026-01-01 13:45:00,2026-01-01 14:00:00,16,"mad,etiqueta",,1502,8.0,0.01,0,indeterminado,baja,"señalado por mad,etiqueta sin una regla determinista que identifique la causa",conservar marcado hasta contrastar con otras fuentes,False
803,nivel,2026-01-01 14:14:00,2026-01-01 14:15:00,2,"mad,etiqueta",,1502,7.5,0.01,0,indeterminado,baja,"señalado por mad,etiqueta sin una regla determinista que identifique la causa",conservar marcado hasta contrastar con otras fuentes,False
803,nivel,2026-01-01 14:32:00,2026-01-01 14:32:00,1,"mad,etiqueta",,1502,6.699951171875,0.01,0,indeterminado,baja,"señalado por mad,etiqueta sin una regla determinista que identifique la causa",conservar marcado hasta contrastar con otras fuentes,False
803,nivel,2026-01-01 14:44:00,2026-01-01 14:48:00,5,"mad,etiqueta",,1502,7.70001220703125,0.01,0,indeterminado,baja,"señalado por mad,etiqueta sin una regla determinista que identifique la causa",conservar marcado hasta contrastar con otras fuentes,False
803,nivel,2026-01-01 15:07:00,2026-01-01 15:16:00,10,"mad,etiqueta",,1502,8.60003662109375,0.01,0,indeterminado,baja,"señalado por mad,etiqueta sin una regla determinista que identifique la causa",conservar marcado hasta contrastar con otras fuentes,False
803,nivel,2026-01-01 16:31:00,2026-01-01 16:31:00,1,"mad,etiqueta",,1502,5.70001220703125,0.01,0,indeterminado,baja,"señalado por mad,etiqueta sin una regla determinista que identifique la causa",conservar marcado hasta contrastar con otras fuentes,False
803,nivel,2026-01-01 18:45:00,2026-01-01 19:28:00,44,"reglas,mad,etiqueta",R:nivel,1502,7.0999755859375,0.0,0,indeterminado,baja,"señalado por reglas,mad,etiqueta sin una regla determinista que identifique la causa",conservar marcado hasta contrastar con otras fuentes,False
803,nivel,2026-01-01 19:47:00,2026-01-01 20:14:00,28,"mad,etiqueta",,1502,6.39996337890625,0.0,0,indeterminado,baja,"señalado por mad,etiqueta sin una regla determinista que identifique la causa",conservar marcado hasta contrastar con otras fuentes,False
803,nivel,2026-01-01 21:48:00,2026-01-01 22:10:00,23,"reglas,mad,etiqueta",R:nivel,1502,7.5999755859375,0.0,0,indeterminado,baja,"señalado por reglas,mad,etiqueta sin una regla determinista que identifique la causa",conservar marcado hasta contrastar con otras fuentes,False
803,nivel,2026-01-01 22:36:00,2026-01-01 22:39:00,4,"mad,etiqueta",,1502,4.60003662109375,0.0,0,indeterminado,baja,"señalado por mad,etiqueta sin una regla determinista que identifique la causa",conservar marcado hasta contrastar con otras fuentes,False
803,nivel,2026-01-02 06:30:00,2026-01-02 06:34:00,5,"reglas,mad,etiqueta",R:nivel,1502,4.70001220703125,0.0,0,configuracion,media,nivel negativo sostenido: posible cota cero o desplazamiento del cero,corregir metadatos o configuración y reprocesar,False
803,nivel,2026-01-02 06:49:00,2026-01-02 06:53:00,5,"reglas,mad,etiqueta",R:nivel,1502,5.0,0.0,0,indeterminado,baja,"señalado por reglas,mad,etiqueta sin una regla determinista que identifique la causa",conservar marcado hasta contrastar con otras fuentes,False
803,nivel,2026-01-02 07:08:00,2026-01-02 07:08:00,1,"reglas,mad,etiqueta",R:nivel,1502,4.79998779296875,0.0,0,configuracion,media,nivel negativo sostenido: posible cota cero o desplazamiento del cero,corregir metadatos o configuración y reprocesar,False
803,nivel,2026-01-02 07:34:00,2026-01-02 07:37:00,4,"reglas,mad,etiqueta",R:nivel,1502,6.5,0.02,0,configuracion,media,nivel negativo sostenido: posible cota cero o desplazamiento del cero,corregir metadatos o configuración y reprocesar,False
803,nivel,2026-01-02 08:36:00,2026-01-02 08:55:00,20,"reglas,mad,etiqueta",R:nivel,1502,7.0,0.1,0,indeterminado,baja,"señalado por reglas,mad,etiqueta sin una regla determinista que identifique la causa",conservar marcado hasta contrastar con otras fuentes,False
803,nivel,2026-01-02 09:30:00,2026-01-02 09:36:00,7,"reglas,mad",R:nivel,1,7.29998779296875,0.11,0,indeterminado,baja,"señalado por reglas,mad sin una regla determinista que identifique la causa",conservar marcado hasta contrastar con otras fuentes,False
803,nivel,2026-01-02 09:58:00,2026-01-02 10:02:00,5,"mad,etiqueta",,1502,5.70001220703125,0.11,0,indeterminado,baja,"señalado por mad,etiqueta sin una regla determinista que identifique la causa",conservar marcado hasta contrastar con otras fuentes,False
803,nivel,2026-01-02 10:16:00,2026-01-02 10:16:00,1,"mad,etiqueta",,1502,6.4000244140625,0.11,0,indeterminado,baja,"señalado por mad,etiqueta sin una regla determinista que identifique la causa",conservar marcado hasta contrastar con otras fuentes,False
803,nivel,2026-01-02 10:33:00,2026-01-02 11:00:00,28,"mad,etiqueta",,1502,8.89996337890625,0.11,0,indeterminado,baja,"señalado por mad,etiqueta sin una regla determinista que identifique la causa",conservar marcado hasta contrastar con otras fuentes,False
803,nivel,2026-01-02 12:31:00,2026-01-02 12:31:00,1,"mad,etiqueta",,1502,5.4000244140625,0.11,0,indeterminado,baja,"señalado por mad,etiqueta sin una regla determinista que identifique la causa",conservar marcado hasta contrastar con otras fuentes,False
803,nivel,2026-01-02 12:43:00,2026-01-02 12:44:00,2,"mad,etiqueta",,1502,6.5,0.11,0,indeterminado,baja,"señalado por mad,etiqueta sin una regla determinista que identifique la causa",conservar marcado hasta contrastar con otras fuentes,False
803,nivel,2026-01-02 14:27:00,2026-01-02 14:28:00,2,"mad,etiqueta",,1502,7.5,0.01,0,indeterminado,baja,"señalado por mad,etiqueta sin una regla determinista que identifique la causa",conservar marcado hasta contrastar con otras fuentes,False
803,nivel,2026-01-02 14:58:00,2026-01-02 14:58:00,1,"mad,etiqueta",,1502,7.70001220703125,0.08,0,indeterminado,baja,"señalado por mad,etiqueta sin una regla determinista que identifique la causa",conservar marcado hasta contrastar con otras fuentes,False
803,nivel,2026-01-02 16:59:00,2026-01-02 16:59:00,1,reglas,R:nivel,1,1.5999755859375,0.21,0,configuracion,media,nivel negativo sostenido: posible cota cero o desplazamiento del cero,corregir metadatos o configuración y reprocesar,False
803,nivel,2026-01-02 17:14:00,2026-01-02 17:23:00,10,reglas,R:nivel,1,1.70001220703125,0.51,0,indeterminado,baja,señalado por reglas sin una regla determinista que identifique la causa,conservar marcado hasta contrastar con otras fuentes,False
803,nivel,2026-01-02 17:43:00,2026-01-02 17:43:00,1,reglas,R:nivel,1,2.199951171875,0.51,0,configuracion,media,nivel negativo sostenido: posible cota cero o desplazamiento del cero,corregir metadatos o configuración y reprocesar,False
803,nivel,2026-01-02 19:20:00,2026-01-02 20:00:00,41,"reglas,mad,etiqueta",R:nivel,1502,9.4000244140625,0.51,0,configuracion,media,nivel negativo sostenido: posible cota cero o desplazamiento del cero,corregir metadatos o configuración y reprocesar,False
803,nivel,2026-01-02 20:13:00,2026-01-02 23:19:00,187,"reglas,mad,etiqueta",R:nivel,1502,7.10003662109375,0.51,1,indeterminado,baja,"señalado por reglas,mad,etiqueta sin una regla determinista que identifique la causa",conservar marcado hasta contrastar con otras fuentes,False
803,nivel,2026-01-02 23:34:00,2026-01-02 23:37:00,4,reglas,R:nivel,1,1.29998779296875,0.0,0,configuracion,media,nivel negativo sostenido: posible cota cero o desplazamiento del cero,corregir metadatos o configuración y reprocesar,False
803,nivel,2026-01-03 00:06:00,2026-01-03 00:06:00,1,reglas,R:nivel,1,1.0,0.01,0,configuracion,media,nivel negativo sostenido: posible cota cero o desplazamiento del cero,corregir metadatos o configuración y reprocesar,False
803,nivel,2026-01-03 00:32:00,2026-01-03 00:50:00,19,reglas,R:nivel,1,2.29998779296875,1.02,0,indeterminado,baja,señalado por reglas sin una regla determinista que identifique la causa,conservar marcado hasta contrastar con otras fuentes,False
803,nivel,2026-01-03 01:04:00,2026-01-03 01:14:00,11,reglas,R:nivel,1,0.79998779296875,1.27,0,indeterminado,baja,señalado por reglas sin una regla determinista que identifique la causa,conservar marcado hasta contrastar con otras fuentes,False
803,nivel,2026-01-03 02:04:00,2026-01-03 03:00:00,57,reglas,R:nivel,1,2.39996337890625,1.27,0,configuracion,media,nivel negativo sostenido: posible cota cero o desplazamiento del cero,corregir metadatos o configuración y reprocesar,False
803,nivel,2026-01-03 03:12:00,2026-01-03 03:13:00,2,reglas,R:nivel,1,1.0999755859375,2.29,0,configuracion,media,nivel negativo sostenido: posible cota cero o desplazamiento del cero,corregir metadatos o configuración y reprocesar,False
803,nivel,2026-01-03 03:29:00,2026-01-03 04:23:00,55,"reglas,mad",R:nivel,1,9.20001220703125,2.54,0,configuracion,media,nivel negativo sostenido: posible cota cero o desplazamiento del cero,corregir metadatos o configuración y reprocesar,False
803,nivel,2026-01-03 04:37:00,2026-01-03 04:49:00,13,reglas,R:nivel,1,1.9000244140625,2.54,0,configuracion,media,nivel negativo sostenido: posible cota cero o desplazamiento del cero,corregir metadatos o configuración y reprocesar,False
803,nivel,2026-01-03 05:52:00,2026-01-03 05:56:00,5,"mad,etiqueta",,1502,6.0,2.54,0,indeterminado,baja,"señalado por mad,etiqueta sin una regla determinista que identifique la causa",conservar marcado hasta contrastar con otras fuentes,False
803,nivel,2026-01-03 06:18:00,2026-01-03 06:18:00,1,"mad,etiqueta",,1502,4.5,2.29,0,indeterminado,baja,"señalado por mad,etiqueta sin una regla determinista que identifique la causa",conservar marcado hasta contrastar con otras fuentes,False
803,nivel,2026-01-03 07:44:00,2026-01-03 07:48:00,5,"mad,etiqueta",,1502,4.5,1.27,0,indeterminado,baja,"señalado por mad,etiqueta sin una regla determinista que identifique la causa",conservar marcado hasta contrastar con otras fuentes,False
803,nivel,2026-01-03 08:06:00,2026-01-03 08:09:00,4,"mad,etiqueta",,1502,5.39996337890625,1.27,0,indeterminado,baja,"señalado por mad,etiqueta sin una regla determinista que identifique la causa",conservar marcado hasta contrastar con otras fuentes,False
803,nivel,2026-01-03 12:26:00,2026-01-03 12:34:00,9,reglas,R:nivel,1,2.0,1.27,0,indeterminado,baja,señalado por reglas sin una regla determinista que identifique la causa,conservar marcado hasta contrastar con otras fuentes,False
803,nivel,2026-01-03 14:06:00,2026-01-03 14:06:00,1,reglas,R:nivel,1,2.60003662109375,2.79,0,configuracion,media,nivel negativo sostenido: posible cota cero o desplazamiento del cero,corregir metadatos o configuración y reprocesar,False
803,nivel,2026-01-03 14:38:00,2026-01-03 14:52:00,15,reglas,R:nivel,1,3.20001220703125,3.81,0,indeterminado,baja,señalado por reglas sin una regla determinista que identifique la causa,conservar marcado hasta contrastar con otras fuentes,False
803,nivel,2026-01-03 19:42:00,2026-01-03 19:42:00,1,"mad,etiqueta",,1502,4.5999755859375,3.56,0,indeterminado,baja,"señalado por mad,etiqueta sin una regla determinista que identifique la causa",conservar marcado hasta contrastar con otras fuentes,False
803,nivel,2026-01-03 19:56:00,2026-01-03 19:57:00,2,reglas,R:nivel,1,2.29998779296875,2.54,0,configuracion,media,nivel negativo sostenido: posible cota cero o desplazamiento del cero,corregir metadatos o configuración y reprocesar,False
803,nivel,2026-01-03 20:10:00,2026-01-03 20:51:00,42,"reglas,etiqueta",R:nivel,1502,4.20001220703125,2.29,0,indeterminado,baja,"señalado por reglas,etiqueta sin una regla determinista que identifique la causa",conservar marcado hasta contrastar con otras fuentes,False
803,nivel,2026-01-03 21:12:00,2026-01-03 21:12:00,1,reglas,R:nivel,1,1.60003662109375,1.27,0,configuracion,media,nivel negativo sostenido: posible cota cero o desplazamiento del cero,corregir metadatos o configuración y reprocesar,False
803,nivel,2026-01-03 21:24:00,2026-01-03 21:36:00,13,reglas,R:nivel,1,1.79998779296875,1.27,0,indeterminado,baja,señalado por reglas sin una regla determinista que identifique la causa,conservar marcado hasta contrastar con otras fuentes,False
803,nivel,2026-01-03 21:55:00,2026-01-03 21:58:00,4,"reglas,mad,etiqueta",R:nivel,1502,7.0999755859375,1.27,0,indeterminado,baja,"señalado por reglas,mad,etiqueta sin una regla determinista que identifique la causa",conservar marcado hasta contrastar con otras fuentes,False
803,nivel,2026-01-03 22:31:00,2026-01-03 23:18:00,48,"reglas,mad,etiqueta",R:nivel,1502,5.79998779296875,0.76,0,indeterminado,baja,"señalado por reglas,mad,etiqueta sin una regla determinista que identifique la causa",conservar marcado hasta contrastar con otras fuentes,False
803,nivel,2026-01-04 15:35:00,2026-01-04 15:35:00,1,reglas,R:nivel,1,2.0,0.25,0,configuracion,media,nivel negativo sostenido: posible cota cero o desplazamiento del cero,corregir metadatos o configuración y reprocesar,False
803,nivel,2026-01-04 15:53:00,2026-01-04 15:53:00,1,reglas,R:nivel,1,2.0,0.25,0,configuracion,media,nivel negativo sostenido: posible cota cero o desplazamiento del cero,corregir metadatos o configuración y reprocesar,False
803,nivel,2026-01-04 17:18:00,2026-01-04 17:21:00,4,"reglas,etiqueta",R:nivel,1502,2.300048828125,0.25,0,indeterminado,baja,"señalado por reglas,etiqueta sin una regla determinista que identifique la causa",conservar marcado hasta contrastar con otras fuentes,False
803,nivel,2026-01-04 18:04:00,2026-01-04 18:13:00,10,"mad,etiqueta",,1502,5.300048828125,0.25,0,indeterminado,baja,"señalado por mad,etiqueta sin una regla determinista que identifique la causa",conservar marcado hasta contrastar con otras fuentes,False
803,nivel,2026-01-04 18:57:00,2026-01-04 18:59:00,3,"mad,etiqueta",,1502,8.79998779296875,0.25,0,indeterminado,baja,"señalado por mad,etiqueta sin una regla determinista que identifique la causa",conservar marcado hasta contrastar con otras fuentes,False
803,nivel,2026-01-04 21:16:00,2026-01-04 21:16:00,1,reglas,R:nivel,1,1.70001220703125,0.0,0,configuracion,media,nivel negativo sostenido: posible cota cero o desplazamiento del cero,corregir metadatos o configuración y reprocesar,False
803,nivel,2026-01-04 22:31:00,2026-01-04 22:41:00,11,reglas,R:nivel,1,1.4000244140625,0.0,0,indeterminado,baja,señalado por reglas sin una regla determinista que identifique la causa,conservar marcado hasta contrastar con otras fuentes,False
803,nivel,2026-01-04 22:57:00,2026-01-04 23:01:00,5,reglas,R:nivel,1,1.79998779296875,0.0,0,configuracion,media,nivel negativo sostenido: posible cota cero o desplazamiento del cero,corregir metadatos o configuración y reprocesar,False
803,nivel,2026-01-04 23:16:00,2026-01-05 05:00:00,345,"reglas,etiqueta",R:nivel,1502,3.39996337890625,0.0,0,configuracion,media,nivel negativo sostenido: posible cota cero o desplazamiento del cero,corregir metadatos o configuración y reprocesar,False
803,nivel,2026-01-05 05:18:00,2026-01-05 06:01:00,44,"reglas,etiqueta",R:nivel,1502,2.60003662109375,0.0,0,indeterminado,baja,"señalado por reglas,etiqueta sin una regla determinista que identifique la causa",conservar marcado hasta contrastar con otras fuentes,False
803,nivel,2026-01-05 06:35:00,2026-01-05 06:36:00,2,"reglas,etiqueta",R:nivel,1502,3.199951171875,0.0,0,configuracion,media,nivel negativo sostenido: posible cota cero o desplazamiento del cero,corregir metadatos o configuración y reprocesar,False
803,nivel,2026-01-05 07:16:00,2026-01-05 07:27:00,12,"reglas,etiqueta",R:nivel,1502,3.20001220703125,0.0,0,configuracion,media,nivel negativo sostenido: posible cota cero o desplazamiento del cero,corregir metadatos o configuración y reprocesar,False
803,nivel,2026-01-05 07:54:00,2026-01-05 07:57:00,4,"reglas,etiqueta",R:nivel,1502,3.20001220703125,0.0,0,configuracion,media,nivel negativo sostenido: posible cota cero o desplazamiento del cero,corregir metadatos o configuración y reprocesar,False
803,nivel,2026-01-05 11:37:00,2026-01-05 11:38:00,2,"mad,etiqueta",,1502,9.9000244140625,0.0,0,indeterminado,baja,"señalado por mad,etiqueta sin una regla determinista que identifique la causa",conservar marcado hasta contrastar con otras fuentes,False
803,nivel,2026-01-06 04:20:00,2026-01-06 04:31:00,12,reglas,R:nivel,1,1.39996337890625,0.0,0,indeterminado,baja,señalado por reglas sin una regla determinista que identifique la causa,conservar marcado hasta contrastar con otras fuentes,False
803,nivel,2026-01-06 08:18:00,2026-01-06 08:19:00,2,reglas,R:nivel,1,1.5,0.0,0,configuracion,media,nivel negativo sostenido: posible cota cero o desplazamiento del cero,corregir metadatos o configuración y reprocesar,False
803,nivel,2026-01-06 09:04:00,2026-01-06 09:04:00,1,reglas,R:nivel,1,1.39996337890625,0.0,0,configuracion,media,nivel negativo sostenido: posible cota cero o desplazamiento del cero,corregir metadatos o configuración y reprocesar,False
803,nivel,2026-01-06 09:38:00,2026-01-06 09:53:00,16,reglas,R:nivel,1,1.29998779296875,0.0,0,indeterminado,baja,señalado por reglas sin una regla determinista que identifique la causa,conservar marcado hasta contrastar con otras fuentes,False
803,nivel,2026-01-06 11:14:00,2026-01-06 11:14:00,1,reglas,R:nivel,1,1.20001220703125,0.0,0,configuracion,media,nivel negativo sostenido: posible cota cero o desplazamiento del cero,corregir metadatos o configuración y reprocesar,False
803,nivel,2026-01-06 11:27:00,2026-01-06 11:27:00,1,reglas,R:nivel,1,1.199951171875,0.0,0,configuracion,media,nivel negativo sostenido: posible cota cero o desplazamiento del cero,corregir metadatos o configuración y reprocesar,False
803,nivel,2026-01-06 12:50:00,2026-01-06 12:50:00,1,"mad,etiqueta",,1502,4.70001220703125,0.0,0,indeterminado,baja,"señalado por mad,etiqueta sin una regla determinista que identifique la causa",conservar marcado hasta contrastar con otras fuentes,False
803,nivel,2026-01-06 13:30:00,2026-01-06 13:30:00,1,"mad,etiqueta",,1502,6.5999755859375,0.0,0,indeterminado,baja,"señalado por mad,etiqueta sin una regla determinista que identifique la causa",conservar marcado hasta contrastar con otras fuentes,False
803,nivel,2026-01-06 13:45:00,2026-01-06 13:46:00,2,"mad,etiqueta",,1502,9.5,0.03,0,indeterminado,baja,"señalado por mad,etiqueta sin una regla determinista que identifique la causa",conservar marcado hasta contrastar con otras fuentes,False
803,nivel,2026-01-06 20:48:00,2026-01-06 20:52:00,5,reglas,R:nivel,1,2.5999755859375,15.75,0,indeterminado,baja,señalado por reglas sin una regla determinista que identifique la causa,conservar marcado hasta contrastar con otras fuentes,False
803,nivel,2026-01-06 21:09:00,2026-01-06 21:10:00,2,reglas,R:nivel,1,2.70001220703125,15.75,0,configuracion,media,nivel negativo sostenido: posible cota cero o desplazamiento del cero,corregir metadatos o configuración y reprocesar,False
803,nivel,2026-01-07 00:59:00,2026-01-07 01:03:00,5,"reglas,mad",R:nivel,1,5.5,10.92,0,configuracion,media,nivel negativo sostenido: posible cota cero o desplazamiento del cero,corregir metadatos o configuración y reprocesar,False
803,nivel,2026-01-07 01:20:00,2026-01-07 01:36:00,17,"reglas,mad,etiqueta",R:nivel,1502,6.0,10.67,0,configuracion,media,nivel negativo sostenido: posible cota cero o desplazamiento del cero,corregir metadatos o configuración y reprocesar,False
803,nivel,2026-01-07 04:41:00,2026-01-07 05:14:00,34,"reglas,mad,etiqueta",R:nivel,1502,7.5,6.86,1,configuracion,media,nivel negativo sostenido: posible cota cero o desplazamiento del cero,corregir metadatos o configuración y reprocesar,False
803,nivel,2026-01-07 05:29:00,2026-01-07 05:34:00,6,"reglas,mad,etiqueta",R:nivel,1502,6.20001220703125,1.02,0,configuracion,media,nivel negativo sostenido: posible cota cero o desplazamiento del cero,corregir metadatos o configuración y reprocesar,False
803,nivel,2026-01-07 06:05:00,2026-01-07 06:05:00,1,"reglas,etiqueta",R:nivel,1502,4.4000244140625,0.51,0,configuracion,media,nivel negativo sostenido: posible cota cero o desplazamiento del cero,corregir metadatos o configuración y reprocesar,False
803,nivel,2026-01-07 06:22:00,2026-01-07 06:24:00,3,"reglas,mad",R:nivel,1,5.0999755859375,0.25,0,configuracion,media,nivel negativo sostenido: posible cota cero o desplazamiento del cero,corregir metadatos o configuración y reprocesar,False
803,nivel,2026-01-07 06:42:00,2026-01-07 07:02:00,21,"reglas,mad",R:nivel,1,6.0999755859375,0.25,0,configuracion,media,nivel negativo sostenido: posible cota cero o desplazamiento del cero,corregir metadatos o configuración y reprocesar,False
803,nivel,2026-01-07 07:18:00,2026-01-07 07:19:00,2,"reglas,mad",R:nivel,1,4.70001220703125,0.25,0,configuracion,media,nivel negativo sostenido: posible cota cero o desplazamiento del cero,corregir metadatos o configuración y reprocesar,False
803,nivel,2026-01-07 08:46:00,2026-01-07 09:10:00,25,"reglas,mad,etiqueta",R:nivel,1502,7.29998779296875,0.0,0,indeterminado,baja,"señalado por reglas,mad,etiqueta sin una regla determinista que identifique la causa",conservar marcado hasta contrastar con otras fuentes,False
803,nivel,2026-01-07 09:36:00,2026-01-07 09:36:00,1,"mad,etiqueta",,1502,7.0,0.0,0,indeterminado,baja,"señalado por mad,etiqueta sin una regla determinista que identifique la causa",conservar marcado hasta contrastar con otras fuentes,False
803,nivel,2026-01-07 09:53:00,2026-01-07 10:11:00,19,"mad,etiqueta",,1502,7.800048828125,0.0,0,indeterminado,baja,"señalado por mad,etiqueta sin una regla determinista que identifique la causa",conservar marcado hasta contrastar con otras fuentes,False
803,nivel,2026-01-07 10:27:00,2026-01-07 10:32:00,6,"mad,etiqueta",,1502,9.0,0.0,0,indeterminado,baja,"señalado por mad,etiqueta sin una regla determinista que identifique la causa",conservar marcado hasta contrastar con otras fuentes,False
803,nivel,2026-01-07 10:44:00,2026-01-07 10:46:00,3,"mad,etiqueta",,1502,8.70001220703125,0.0,0,indeterminado,baja,"señalado por mad,etiqueta sin una regla determinista que identifique la causa",conservar marcado hasta contrastar con otras fuentes,False
803,nivel,2026-01-07 11:58:00,2026-01-07 12:07:00,10,"mad,etiqueta",,1502,9.79998779296875,0.01,0,indeterminado,baja,"señalado por mad,etiqueta sin una regla determinista que identifique la causa",conservar marcado hasta contrastar con otras fuentes,False
803,nivel,2026-01-07 12:24:00,2026-01-07 12:27:00,4,"mad,etiqueta",,1502,9.79998779296875,0.01,0,indeterminado,baja,"señalado por mad,etiqueta sin una regla determinista que identifique la causa",conservar marcado hasta contrastar con otras fuentes,False
803,nivel,2026-01-07 12:39:00,2026-01-07 12:42:00,4,"mad,etiqueta",,1502,9.29998779296875,0.01,0,indeterminado,baja,"señalado por mad,etiqueta sin una regla determinista que identifique la causa",conservar marcado hasta contrastar con otras fuentes,False
803,nivel,2026-01-07 13:18:00,2026-01-07 13:41:00,24,"mad,etiqueta",,1502,9.9000244140625,0.01,0,indeterminado,baja,"señalado por mad,etiqueta sin una regla determinista que identifique la causa",conservar marcado hasta contrastar con otras fuentes,False
803,nivel,2026-01-07 13:55:00,2026-01-07 13:59:00,5,"mad,etiqueta",,1502,8.29998779296875,0.01,0,indeterminado,baja,"señalado por mad,etiqueta sin una regla determinista que identifique la causa",conservar marcado hasta contrastar con otras fuentes,False
803,nivel,2026-01-07 14:26:00,2026-01-07 14:26:00,1,"mad,etiqueta",,1502,6.5999755859375,0.01,0,indeterminado,baja,"señalado por mad,etiqueta sin una regla determinista que identifique la causa",conservar marcado hasta contrastar con otras fuentes,False
803,nivel,2026-01-07 14:42:00,2026-01-07 14:44:00,3,"mad,etiqueta",,1502,7.0,0.01,0,indeterminado,baja,"señalado por mad,etiqueta sin una regla determinista que identifique la causa",conservar marcado hasta contrastar con otras fuentes,False
803,nivel,2026-01-07 15:00:00,2026-01-07 15:31:00,32,"mad,etiqueta",,1502,9.79998779296875,0.01,0,indeterminado,baja,"señalado por mad,etiqueta sin una regla determinista que identifique la causa",conservar marcado hasta contrastar con otras fuentes,False
803,nivel,2026-01-07 15:46:00,2026-01-07 16:15:00,30,"mad,etiqueta",,1502,9.20001220703125,0.01,0,indeterminado,baja,"señalado por mad,etiqueta sin una regla determinista que identifique la causa",conservar marcado hasta contrastar con otras fuentes,False
803,nivel,2026-01-07 16:44:00,2026-01-07 16:44:00,1,"mad,etiqueta",,1502,6.0,0.01,0,indeterminado,baja,"señalado por mad,etiqueta sin una regla determinista que identifique la causa",conservar marcado hasta contrastar con otras fuentes,False
803,nivel,2026-01-07 17:10:00,2026-01-07 17:51:00,42,"mad,etiqueta",,1502,8.5999755859375,0.01,0,indeterminado,baja,"señalado por mad,etiqueta sin una regla determinista que identifique la causa",conservar marcado hasta contrastar con otras fuentes,False
803,nivel,2026-01-07 18:11:00,2026-01-07 18:19:00,9,"mad,etiqueta",,1502,7.199951171875,0.0,0,indeterminado,baja,"señalado por mad,etiqueta sin una regla determinista que identifique la causa",conservar marcado hasta contrastar con otras fuentes,False
803,nivel,2026-01-07 18:52:00,2026-01-07 19:30:00,39,"mad,etiqueta",,1502,7.60003662109375,0.0,0,indeterminado,baja,"señalado por mad,etiqueta sin una regla determinista que identifique la causa",conservar marcado hasta contrastar con otras fuentes,False
803,nivel,2026-01-07 19:44:00,2026-01-07 20:30:00,47,"reglas,mad,etiqueta",R:nivel,1502,7.89996337890625,0.0,0,indeterminado,baja,"señalado por reglas,mad,etiqueta sin una regla determinista que identifique la causa",conservar marcado hasta contrastar con otras fuentes,False
803,nivel,2026-01-07 21:08:00,2026-01-07 21:12:00,5,"reglas,mad,etiqueta",R:nivel,1502,7.5999755859375,0.0,0,configuracion,media,nivel negativo sostenido: posible cota cero o desplazamiento del cero,corregir metadatos o configuración y reprocesar,False
803,nivel,2026-01-07 21:35:00,2026-01-07 21:44:00,10,"mad,etiqueta",,1502,8.0999755859375,0.0,1,indeterminado,baja,"señalado por mad,etiqueta sin una regla determinista que identifique la causa",conservar marcado hasta contrastar con otras fuentes,False
803,nivel,2026-01-07 22:26:00,2026-01-07 22:26:00,1,"mad,etiqueta",,1502,6.5999755859375,0.0,1,indeterminado,baja,"señalado por mad,etiqueta sin una regla determinista que identifique la causa",conservar marcado hasta contrastar con otras fuentes,False
803,nivel,2026-01-07 22:45:00,2026-01-07 22:53:00,9,"reglas,mad,etiqueta",R:nivel,1502,6.70001220703125,0.0,0,indeterminado,baja,"señalado por reglas,mad,etiqueta sin una regla determinista que identifique la causa",conservar marcado hasta contrastar con otras fuentes,False
803,nivel,2026-01-07 23:05:00,2026-01-07 23:06:00,2,"mad,etiqueta",,1502,4.70001220703125,0.0,0,indeterminado,baja,"señalado por mad,etiqueta sin una regla determinista que identifique la causa",conservar marcado hasta contrastar con otras fuentes,False
803,nivel,2026-01-07 23:19:00,2026-01-07 23:27:00,9,"reglas,mad,etiqueta",R:nivel,1502,7.29998779296875,0.0,0,indeterminado,baja,"señalado por reglas,mad,etiqueta sin una regla determinista que identifique la causa",conservar marcado hasta contrastar con otras fuentes,False
803,nivel,2026-01-08 01:55:00,2026-01-08 02:11:00,17,"mad,etiqueta",,1502,7.79998779296875,0.0,0,indeterminado,baja,"señalado por mad,etiqueta sin una regla determinista que identifique la causa",conservar marcado hasta contrastar con otras fuentes,False
803,nivel,2026-01-08 02:39:00,2026-01-08 02:40:00,2,"mad,etiqueta",,1502,7.4000244140625,0.0,0,indeterminado,baja,"señalado por mad,etiqueta sin una regla determinista que identifique la causa",conservar marcado hasta contrastar con otras fuentes,False
803,nivel,2026-01-08 02:53:00,2026-01-08 03:12:00,20,"mad,etiqueta",,1502,7.0,0.0,0,indeterminado,baja,"señalado por mad,etiqueta sin una regla determinista que identifique la causa",conservar marcado hasta contrastar con otras fuentes,False
803,nivel,2026-01-08 05:43:00,2026-01-08 05:44:00,2,"mad,etiqueta",,1502,5.60003662109375,0.04,0,indeterminado,baja,"señalado por mad,etiqueta sin una regla determinista que identifique la causa",conservar marcado hasta contrastar con otras fuentes,False
803,nivel,2026-01-08 06:18:00,2026-01-08 06:41:00,24,"reglas,mad,etiqueta",R:nivel,1502,6.20001220703125,0.1,0,indeterminado,baja,"señalado por reglas,mad,etiqueta sin una regla determinista que identifique la causa",conservar marcado hasta contrastar con otras fuentes,False
803,nivel,2026-01-08 07:12:00,2026-01-08 07:15:00,4,"mad,etiqueta",,1502,5.70001220703125,0.1,0,indeterminado,baja,"señalado por mad,etiqueta sin una regla determinista que identifique la causa",conservar marcado hasta contrastar con otras fuentes,False
803,nivel,2026-01-08 07:29:00,2026-01-08 07:29:00,1,"reglas,etiqueta",R:nivel,1502,2.699951171875,0.1,0,configuracion,media,nivel negativo sostenido: posible cota cero o desplazamiento del cero,corregir metadatos o configuración y reprocesar,False
803,nivel,2026-01-08 07:54:00,2026-01-08 08:34:00,41,"reglas,mad,etiqueta",R:nivel,1502,6.5,0.1,0,indeterminado,baja,"señalado por reglas,mad,etiqueta sin una regla determinista que identifique la causa",conservar marcado hasta contrastar con otras fuentes,False
803,nivel,2026-01-08 09:06:00,2026-01-08 09:28:00,23,"reglas,mad,etiqueta",R:nivel,1502,6.4000244140625,0.1,0,indeterminado,baja,"señalado por reglas,mad,etiqueta sin una regla determinista que identifique la causa",conservar marcado hasta contrastar con otras fuentes,False
803,nivel,2026-01-08 09:45:00,2026-01-08 10:04:00,20,reglas,R:nivel,1,3.300048828125,0.1,0,indeterminado,baja,señalado por reglas sin una regla determinista que identifique la causa,conservar marcado hasta contrastar con otras fuentes,False
803,nivel,2026-01-08 10:32:00,2026-01-08 10:32:00,1,reglas,R:nivel,1,1.79998779296875,0.06,0,configuracion,media,nivel negativo sostenido: posible cota cero o desplazamiento del cero,corregir metadatos o configuración y reprocesar,False
803,nivel,2026-01-08 11:03:00,2026-01-08 11:11:00,9,"mad,etiqueta",,1502,7.60003662109375,0.06,1,indeterminado,baja,"señalado por mad,etiqueta sin una regla determinista que identifique la causa",conservar marcado hasta contrastar con otras fuentes,False
803,nivel,2026-01-08 11:26:00,2026-01-08 11:59:00,34,"mad,etiqueta",F:faltante,1502,5.5999755859375,0.06,2,falla_comunicacion,alta,faltante o centinela que coincide con huecos en 2 estación(es) más: causa común en la recepción,no imputar a ciegas; recuperar del datalogger,False
803,nivel,2026-01-08 13:17:00,2026-01-08 13:17:00,1,,F:faltante,-1,,0.25,1,falla_comunicacion,alta,faltante o centinela que coincide con huecos en 1 estación(es) más: causa común en la recepción,no imputar a ciegas; recuperar del datalogger,False
803,nivel,2026-01-08 14:02:00,2026-01-08 14:03:00,2,reglas,R:nivel,1,3.25,0.25,0,configuracion,media,nivel negativo sostenido: posible cota cero o desplazamiento del cero,corregir metadatos o configuración y reprocesar,False
803,nivel,2026-01-08 15:23:00,2026-01-08 15:38:00,16,"mad,etiqueta",,1502,7.800048828125,0.25,0,indeterminado,baja,"señalado por mad,etiqueta sin una regla determinista que identifique la causa",conservar marcado hasta contrastar con otras fuentes,False
803,nivel,2026-01-08 15:54:00,2026-01-08 15:57:00,4,"mad,etiqueta",,1502,8.9000244140625,0.25,0,indeterminado,baja,"señalado por mad,etiqueta sin una regla determinista que identifique la causa",conservar marcado hasta contrastar con otras fuentes,False
803,nivel,2026-01-08 16:16:00,2026-01-08 16:17:00,2,,F:faltante,-1,,0.25,2,falla_comunicacion,alta,faltante o centinela que coincide con huecos en 2 estación(es) más: causa común en la recepción,no imputar a ciegas; recuperar del datalogger,False
803,nivel,2026-01-08 17:10:00,2026-01-08 17:11:00,2,"mad,etiqueta",,1502,6.5999755859375,0.25,0,indeterminado,baja,"señalado por mad,etiqueta sin una regla determinista que identifique la causa",conservar marcado hasta contrastar con otras fuentes,False
803,nivel,2026-01-08 18:11:00,2026-01-08 18:11:00,1,reglas,R:nivel,1,1.4000244140625,0.25,0,configuracion,media,nivel negativo sostenido: posible cota cero o desplazamiento del cero,corregir metadatos o configuración y reprocesar,False
803,nivel,2026-01-08 18:27:00,2026-01-08 18:30:00,4,"reglas,mad,etiqueta",R:nivel,1502,5.5,0.25,0,indeterminado,baja,"señalado por reglas,mad,etiqueta sin una regla determinista que identifique la causa",conservar marcado hasta contrastar con otras fuentes,False
803,nivel,2026-01-08 19:04:00,2026-01-08 19:26:00,23,"reglas,mad,etiqueta",R:nivel,1502,5.5999755859375,0.25,0,indeterminado,baja,"señalado por reglas,mad,etiqueta sin una regla determinista que identifique la causa",conservar marcado hasta contrastar con otras fuentes,False
803,nivel,2026-01-08 20:17:00,2026-01-08 20:28:00,12,reglas,R:nivel,1,1.4000244140625,0.01,0,indeterminado,baja,señalado por reglas sin una regla determinista que identifique la causa,conservar marcado hasta contrastar con otras fuentes,False
803,nivel,2026-01-08 20:41:00,2026-01-08 20:58:00,18,"reglas,mad,etiqueta",R:nivel,1502,7.0,0.01,0,indeterminado,baja,"señalado por reglas,mad,etiqueta sin una regla determinista que identifique la causa",conservar marcado hasta contrastar con otras fuentes,False
803,nivel,2026-01-08 21:16:00,2026-01-08 21:37:00,22,"reglas,mad,etiqueta",R:nivel,1502,6.4000244140625,0.01,0,indeterminado,baja,"señalado por reglas,mad,etiqueta sin una regla determinista que identifique la causa",conservar marcado hasta contrastar con otras fuentes,False
803,nivel,2026-01-08 22:13:00,2026-01-08 23:18:00,66,"reglas,mad,etiqueta",R:nivel,1502,6.699951171875,0.01,0,indeterminado,baja,"señalado por reglas,mad,etiqueta sin una regla determinista que identifique la causa",conservar marcado hasta contrastar con otras fuentes,False
803,nivel,2026-01-08 23:35:00,2026-01-08 23:38:00,4,"reglas,etiqueta",R:nivel,1502,3.300048828125,0.01,0,configuracion,media,nivel negativo sostenido: posible cota cero o desplazamiento del cero,corregir metadatos o configuración y reprocesar,False
803,nivel,2026-01-08 23:56:00,2026-01-08 23:57:00,2,"mad,etiqueta",,1502,5.699951171875,0.01,0,indeterminado,baja,"señalado por mad,etiqueta sin una regla determinista que identifique la causa",conservar marcado hasta contrastar con otras fuentes,False
803,nivel,2026-01-09 03:46:00,2026-01-09 03:51:00,6,"mad,etiqueta",,1502,8.9000244140625,0.0,0,indeterminado,baja,"señalado por mad,etiqueta sin una regla determinista que identifique la causa",conservar marcado hasta contrastar con otras fuentes,False
803,nivel,2026-01-09 04:17:00,2026-01-09 04:30:00,14,"mad,etiqueta",,1502,8.79998779296875,0.0,0,indeterminado,baja,"señalado por mad,etiqueta sin una regla determinista que identifique la causa",conservar marcado hasta contrastar con otras fuentes,False
803,nivel,2026-01-09 06:09:00,2026-01-09 06:24:00,16,"reglas,mad,etiqueta",R:nivel,1502,5.70001220703125,0.0,0,indeterminado,baja,"señalado por reglas,mad,etiqueta sin una regla determinista que identifique la causa",conservar marcado hasta contrastar con otras fuentes,False
803,nivel,2026-01-09 06:38:00,2026-01-09 06:48:00,11,reglas,R:nivel,1,3.0999755859375,0.0,0,indeterminado,baja,señalado por reglas sin una regla determinista que identifique la causa,conservar marcado hasta contrastar con otras fuentes,False
803,nivel,2026-01-09 07:31:00,2026-01-09 07:58:00,28,"reglas,mad,etiqueta",R:nivel,1502,7.29998779296875,0.0,0,indeterminado,baja,"señalado por reglas,mad,etiqueta sin una regla determinista que identifique la causa",conservar marcado hasta contrastar con otras fuentes,False
803,nivel,2026-01-09 08:16:00,2026-01-09 08:22:00,7,"mad,etiqueta",,1502,7.300048828125,0.0,0,indeterminado,baja,"señalado por mad,etiqueta sin una regla determinista que identifique la causa",conservar marcado hasta contrastar con otras fuentes,False
803,nivel,2026-01-09 08:57:00,2026-01-09 08:57:00,1,"mad,etiqueta",,1502,5.0,0.0,0,indeterminado,baja,"señalado por mad,etiqueta sin una regla determinista que identifique la causa",conservar marcado hasta contrastar con otras fuentes,False
803,nivel,2026-01-09 11:18:00,2026-01-09 11:18:00,1,"mad,etiqueta",,1502,6.5,0.0,0,indeterminado,baja,"señalado por mad,etiqueta sin una regla determinista que identifique la causa",conservar marcado hasta contrastar con otras fuentes,False
803,nivel,2026-01-09 11:33:00,2026-01-09 11:34:00,2,"mad,etiqueta",,1502,6.5,0.0,0,indeterminado,baja,"señalado por mad,etiqueta sin una regla determinista que identifique la causa",conservar marcado hasta contrastar con otras fuentes,False
803,nivel,2026-01-09 12:23:00,2026-01-09 12:48:00,26,"mad,etiqueta",,1502,8.4000244140625,0.0,0,indeterminado,baja,"señalado por mad,etiqueta sin una regla determinista que identifique la causa",conservar marcado hasta contrastar con otras fuentes,False
803,nivel,2026-01-09 16:36:00,2026-01-09 16:36:00,1,"reglas,etiqueta",R:nivel,1502,2.10003662109375,2.03,0,configuracion,media,nivel negativo sostenido: posible cota cero o desplazamiento del cero,corregir metadatos o configuración y reprocesar,False
803,nivel,2026-01-09 18:26:00,2026-01-09 18:27:00,2,"reglas,etiqueta",R:nivel,1502,1.89996337890625,2.03,0,configuracion,media,nivel negativo sostenido: posible cota cero o desplazamiento del cero,corregir metadatos o configuración y reprocesar,False
803,nivel,2026-01-09 19:56:00,2026-01-09 20:23:00,28,reglas,R:nivel,1,1.89996337890625,1.78,0,indeterminado,baja,señalado por reglas sin una regla determinista que identifique la causa,conservar marcado hasta contrastar con otras fuentes,False
803,nivel,2026-01-09 20:36:00,2026-01-09 20:41:00,6,reglas,R:nivel,1,1.0,0.14,0,indeterminado,baja,señalado por reglas sin una regla determinista que identifique la causa,conservar marcado hasta contrastar con otras fuentes,False
803,nivel,2026-01-09 20:59:00,2026-01-09 21:07:00,9,reglas,R:nivel,1,0.70001220703125,0.13,0,configuracion,media,nivel negativo sostenido: posible cota cero o desplazamiento del cero,corregir metadatos o configuración y reprocesar,False
803,nivel,2026-01-09 21:26:00,2026-01-09 21:26:00,1,reglas,R:nivel,1,0.70001220703125,0.11,0,configuracion,media,nivel negativo sostenido: posible cota cero o desplazamiento del cero,corregir metadatos o configuración y reprocesar,False
803,nivel,2026-01-09 21:39:00,2026-01-09 21:39:00,1,reglas,R:nivel,1,0.5999755859375,0.11,0,configuracion,media,nivel negativo sostenido: posible cota cero o desplazamiento del cero,corregir metadatos o configuración y reprocesar,False
803,nivel,2026-01-09 22:04:00,2026-01-09 22:18:00,15,reglas,R:nivel,1,1.0,0.09,0,indeterminado,baja,señalado por reglas sin una regla determinista que identifique la causa,conservar marcado hasta contrastar con otras fuentes,False
803,nivel,2026-01-10 07:05:00,2026-01-10 07:09:00,5,reglas,R:nivel,1,1.79998779296875,0.0,0,configuracion,media,nivel negativo sostenido: posible cota cero o desplazamiento del cero,corregir metadatos o configuración y reprocesar,False
803,nivel,2026-01-10 07:30:00,2026-01-10 07:30:00,1,reglas,R:nivel,1,2.0,0.0,0,configuracion,media,nivel negativo sostenido: posible cota cero o desplazamiento del cero,corregir metadatos o configuración y reprocesar,False
803,nivel,2026-01-10 07:46:00,2026-01-10 07:47:00,2,reglas,R:nivel,1,2.4000244140625,0.0,0,configuracion,media,nivel negativo sostenido: posible cota cero o desplazamiento del cero,corregir metadatos o configuración y reprocesar,False
803,nivel,2026-01-10 08:10:00,2026-01-10 08:10:00,1,reglas,R:nivel,1,1.89996337890625,0.0,0,configuracion,media,nivel negativo sostenido: posible cota cero o desplazamiento del cero,corregir metadatos o configuración y reprocesar,False
803,nivel,2026-01-10 08:24:00,2026-01-10 08:24:00,1,"mad,etiqueta",,1502,4.79998779296875,0.0,0,indeterminado,baja,"señalado por mad,etiqueta sin una regla determinista que identifique la causa",conservar marcado hasta contrastar con otras fuentes,False
803,nivel,2026-01-10 14:03:00,2026-01-10 14:04:00,2,"mad,etiqueta",,1502,10.10003662109375,0.04,0,indeterminado,baja,"señalado por mad,etiqueta sin una regla determinista que identifique la causa",conservar marcado hasta contrastar con otras fuentes,False
803,nivel,2026-01-10 21:48:00,2026-01-10 21:48:00,1,reglas,R:nivel,1,2.0,10.41,0,configuracion,media,nivel negativo sostenido: posible cota cero o desplazamiento del cero,corregir metadatos o configuración y reprocesar,False
803,nivel,2026-01-10 22:36:00,2026-01-10 23:08:00,33,reglas,R:nivel,1,2.20001220703125,1.52,0,configuracion,media,nivel negativo sostenido: posible cota cero o desplazamiento del cero,corregir metadatos o configuración y reprocesar,False
803,nivel,2026-01-10 23:21:00,2026-01-10 23:27:00,7,reglas,R:nivel,1,1.5999755859375,0.04,0,configuracion,media,nivel negativo sostenido: posible cota cero o desplazamiento del cero,corregir metadatos o configuración y reprocesar,False
803,nivel,2026-01-10 23:43:00,2026-01-10 23:46:00,4,reglas,R:nivel,1,1.9000244140625,0.01,0,configuracion,media,nivel negativo sostenido: posible cota cero o desplazamiento del cero,corregir metadatos o configuración y reprocesar,False
803,nivel,2026-01-10 23:59:00,2026-01-11 00:07:00,9,reglas,R:nivel,1,1.79998779296875,0.01,0,configuracion,media,nivel negativo sostenido: posible cota cero o desplazamiento del cero,corregir metadatos o configuración y reprocesar,False
803,nivel,2026-01-11 00:27:00,2026-01-11 00:56:00,30,"reglas,mad,etiqueta",R:nivel,1502,6.20001220703125,0.0,0,indeterminado,baja,"señalado por reglas,mad,etiqueta sin una regla determinista que identifique la causa",conservar marcado hasta contrastar con otras fuentes,False
803,nivel,2026-01-11 01:33:00,2026-01-11 01:33:00,1,"reglas,mad,etiqueta",R:nivel,1502,4.699951171875,0.0,0,configuracion,media,nivel negativo sostenido: posible cota cero o desplazamiento del cero,corregir metadatos o configuración y reprocesar,False
803,nivel,2026-01-11 06:48:00,2026-01-11 06:48:00,1,reglas,R:nivel,1,1.5999755859375,0.76,0,configuracion,media,nivel negativo sostenido: posible cota cero o desplazamiento del cero,corregir metadatos o configuración y reprocesar,False
803,nivel,2026-01-11 07:01:00,2026-01-11 07:07:00,7,"reglas,etiqueta",R:nivel,1502,4.0,0.76,0,indeterminado,baja,"señalado por reglas,etiqueta sin una regla determinista que identifique la causa",conservar marcado hasta contrastar con otras fuentes,False
803,nivel,2026-01-11 07:35:00,2026-01-11 07:35:00,1,reglas,R:nivel,1,0.699951171875,0.76,0,configuracion,media,nivel negativo sostenido: posible cota cero o desplazamiento del cero,corregir metadatos o configuración y reprocesar,False
803,nivel,2026-01-11 08:10:00,2026-01-11 08:19:00,10,reglas,R:nivel,1,1.5,0.76,0,indeterminado,baja,señalado por reglas sin una regla determinista que identifique la causa,conservar marcado hasta contrastar con otras fuentes,False
803,nivel,2026-01-11 08:42:00,2026-01-11 08:44:00,3,reglas,R:nivel,1,1.70001220703125,0.76,0,configuracion,media,nivel negativo sostenido: posible cota cero o desplazamiento del cero,corregir metadatos o configuración y reprocesar,False
803,nivel,2026-01-11 09:04:00,2026-01-11 09:08:00,5,reglas,R:nivel,1,3.0,0.07,0,configuracion,media,nivel negativo sostenido: posible cota cero o desplazamiento del cero,corregir metadatos o configuración y reprocesar,False
803,nivel,2026-01-11 09:22:00,2026-01-11 09:29:00,8,reglas,R:nivel,1,3.5999755859375,0.06,0,configuracion,media,nivel negativo sostenido: posible cota cero o desplazamiento del cero,corregir metadatos o configuración y reprocesar,False
803,nivel,2026-01-11 21:24:00,2026-01-11 21:24:00,1,"reglas,mad",R:nivel,1,4.9000244140625,7.37,0,configuracion,media,nivel negativo sostenido: posible cota cero o desplazamiento del cero,corregir metadatos o configuración y reprocesar,False
803,nivel,2026-01-11 22:00:00,2026-01-11 22:00:00,1,"mad,etiqueta",,1502,4.89996337890625,7.37,1,indeterminado,baja,"señalado por mad,etiqueta sin una regla determinista que identifique la causa",conservar marcado hasta contrastar con otras fuentes,False
803,nivel,2026-01-12 20:23:00,2026-01-12 21:08:00,46,"reglas,mad,etiqueta",R:nivel,1502,4.70001220703125,20.57,0,indeterminado,baja,"señalado por reglas,mad,etiqueta sin una regla determinista que identifique la causa",conservar marcado hasta contrastar con otras fuentes,False
803,nivel,2026-01-13 05:57:00,2026-01-13 05:57:00,1,"reglas,etiqueta",R:nivel,1502,3.0,1.02,0,configuracion,media,nivel negativo sostenido: posible cota cero o desplazamiento del cero,corregir metadatos o configuración y reprocesar,False
803,nivel,2026-01-13 10:52:00,2026-01-13 11:31:00,40,"reglas,mad,etiqueta",R:nivel,1502,6.300048828125,2.03,0,indeterminado,baja,"señalado por reglas,mad,etiqueta sin una regla determinista que identifique la causa",conservar marcado hasta contrastar con otras fuentes,False
803,nivel,2026-01-13 11:44:00,2026-01-13 11:55:00,12,"mad,etiqueta",,1502,6.4000244140625,2.03,0,indeterminado,baja,"señalado por mad,etiqueta sin una regla determinista que identifique la causa",conservar marcado hasta contrastar con otras fuentes,False
803,nivel,2026-01-13 12:20:00,2026-01-13 12:31:00,12,"mad,etiqueta",,1502,5.79998779296875,2.03,0,indeterminado,baja,"señalado por mad,etiqueta sin una regla determinista que identifique la causa",conservar marcado hasta contrastar con otras fuentes,False
803,nivel,2026-01-13 12:54:00,2026-01-13 13:00:00,7,"reglas,mad,etiqueta",R:nivel,1502,7.89996337890625,2.03,0,indeterminado,baja,"señalado por reglas,mad,etiqueta sin una regla determinista que identifique la causa",conservar marcado hasta contrastar con otras fuentes,False
803,nivel,2026-01-13 13:44:00,2026-01-13 14:21:00,38,reglas,R:nivel,1,3.0999755859375,1.78,0,configuracion,media,nivel negativo sostenido: posible cota cero o desplazamiento del cero,corregir metadatos o configuración y reprocesar,False
803,nivel,2026-01-13 14:40:00,2026-01-13 14:40:00,1,reglas,R:nivel,1,1.5999755859375,1.52,0,configuracion,media,nivel negativo sostenido: posible cota cero o desplazamiento del cero,corregir metadatos o configuración y reprocesar,False
803,nivel,2026-01-13 15:00:00,2026-01-13 15:40:00,41,"mad,etiqueta",,1502,9.20001220703125,1.27,0,indeterminado,baja,"señalado por mad,etiqueta sin una regla determinista que identifique la causa",conservar marcado hasta contrastar con otras fuentes,False
803,nivel,2026-01-13 15:53:00,2026-01-13 15:53:00,1,"mad,etiqueta",,1502,6.0,0.28,0,indeterminado,baja,"señalado por mad,etiqueta sin una regla determinista que identifique la causa",conservar marcado hasta contrastar con otras fuentes,False
803,nivel,2026-01-13 16:06:00,2026-01-13 16:07:00,2,"mad,etiqueta",,1502,7.4000244140625,0.25,0,indeterminado,baja,"señalado por mad,etiqueta sin una regla determinista que identifique la causa",conservar marcado hasta contrastar con otras fuentes,False
803,nivel,2026-01-13 16:20:00,2026-01-13 16:53:00,34,"mad,etiqueta",,1502,7.10003662109375,0.23,0,indeterminado,baja,"señalado por mad,etiqueta sin una regla determinista que identifique la causa",conservar marcado hasta contrastar con otras fuentes,False
803,nivel,2026-01-13 17:12:00,2026-01-13 17:13:00,2,reglas,R:nivel,1,3.70001220703125,0.16,0,configuracion,media,nivel negativo sostenido: posible cota cero o desplazamiento del cero,corregir metadatos o configuración y reprocesar,False
803,nivel,2026-01-13 17:28:00,2026-01-13 17:28:00,1,"mad,etiqueta",,1502,6.0,0.16,0,indeterminado,baja,"señalado por mad,etiqueta sin una regla determinista que identifique la causa",conservar marcado hasta contrastar con otras fuentes,False
803,nivel,2026-01-13 17:43:00,2026-01-13 17:43:00,1,reglas,R:nivel,1,3.70001220703125,0.16,0,configuracion,media,nivel negativo sostenido: posible cota cero o desplazamiento del cero,corregir metadatos o configuración y reprocesar,False
803,nivel,2026-01-13 18:17:00,2026-01-13 18:20:00,4,"reglas,etiqueta",R:nivel,1502,4.4000244140625,0.14,0,configuracion,media,nivel negativo sostenido: posible cota cero o desplazamiento del cero,corregir metadatos o configuración y reprocesar,False
803,nivel,2026-01-13 18:34:00,2026-01-13 18:35:00,2,"reglas,etiqueta",R:nivel,1502,4.5,0.14,0,configuracion,media,nivel negativo sostenido: posible cota cero o desplazamiento del cero,corregir metadatos o configuración y reprocesar,False
803,nivel,2026-01-13 18:49:00,2026-01-13 18:51:00,3,"reglas,mad,etiqueta",R:nivel,1502,4.70001220703125,0.11,0,configuracion,media,nivel negativo sostenido: posible cota cero o desplazamiento del cero,corregir metadatos o configuración y reprocesar,False
803,nivel,2026-01-13 19:25:00,2026-01-13 19:25:00,1,"mad,etiqueta",,1502,5.10003662109375,0.03,0,indeterminado,baja,"señalado por mad,etiqueta sin una regla determinista que identifique la causa",conservar marcado hasta contrastar con otras fuentes,False
803,nivel,2026-01-13 19:48:00,2026-01-13 19:48:00,1,"mad,etiqueta",,1502,4.60003662109375,0.02,0,indeterminado,baja,"señalado por mad,etiqueta sin una regla determinista que identifique la causa",conservar marcado hasta contrastar con otras fuentes,False
803,nivel,2026-01-13 23:55:00,2026-01-14 00:02:00,8,reglas,R:nivel,1,4.29998779296875,1.02,0,configuracion,media,nivel negativo sostenido: posible cota cero o desplazamiento del cero,corregir metadatos o configuración y reprocesar,False
803,nivel,2026-01-14 20:01:00,2026-01-14 20:01:00,1,"reglas,etiqueta",R:nivel,1502,3.29998779296875,0.14,0,configuracion,media,nivel negativo sostenido: posible cota cero o desplazamiento del cero,corregir metadatos o configuración y reprocesar,False
803,nivel,2026-01-14 20:51:00,2026-01-14 21:50:00,60,"reglas,etiqueta",R:nivel,1502,3.20001220703125,0.13,0,indeterminado,baja,"señalado por reglas,etiqueta sin una regla determinista que identifique la causa",conservar marcado hasta contrastar con otras fuentes,False
803,nivel,2026-01-14 22:10:00,2026-01-14 22:21:00,12,"reglas,etiqueta",R:nivel,1502,3.20001220703125,0.05,0,indeterminado,baja,"señalado por reglas,etiqueta sin una regla determinista que identifique la causa",conservar marcado hasta contrastar con otras fuentes,False
803,nivel,2026-01-14 22:43:00,2026-01-14 22:59:00,17,"reglas,etiqueta",R:nivel,1502,2.70001220703125,0.03,0,indeterminado,baja,"señalado por reglas,etiqueta sin una regla determinista que identifique la causa",conservar marcado hasta contrastar con otras fuentes,False
803,nivel,2026-01-15 07:31:00,2026-01-15 07:33:00,3,"reglas,etiqueta",R:nivel,1502,3.0999755859375,0.0,0,configuracion,media,nivel negativo sostenido: posible cota cero o desplazamiento del cero,corregir metadatos o configuración y reprocesar,False
803,nivel,2026-01-15 08:08:00,2026-01-15 08:08:00,1,"reglas,etiqueta",R:nivel,151,2.4000244140625,0.0,0,configuracion,media,nivel negativo sostenido: posible cota cero o desplazamiento del cero,corregir metadatos o configuración y reprocesar,False
803,nivel,2026-01-15 08:56:00,2026-01-15 09:02:00,7,"reglas,etiqueta",R:nivel,1502,3.5,0.0,0,configuracion,media,nivel negativo sostenido: posible cota cero o desplazamiento del cero,corregir metadatos o configuración y reprocesar,False
803,nivel,2026-01-15 09:15:00,2026-01-15 09:15:00,1,"reglas,etiqueta",R:nivel,1502,3.0999755859375,0.0,0,configuracion,media,nivel negativo sostenido: posible cota cero o desplazamiento del cero,corregir metadatos o configuración y reprocesar,False
803,nivel,2026-01-15 14:45:00,2026-01-15 14:58:00,14,reglas,R:nivel,1,2.0999755859375,0.03,0,indeterminado,baja,señalado por reglas sin una regla determinista que identifique la causa,conservar marcado hasta contrastar con otras fuentes,False
803,nivel,2026-01-15 15:23:00,2026-01-15 15:23:00,1,reglas,R:nivel,1,1.5,0.06,0,configuracion,media,nivel negativo sostenido: posible cota cero o desplazamiento del cero,corregir metadatos o configuración y reprocesar,False
803,nivel,2026-01-15 15:35:00,2026-01-15 16:22:00,48,reglas,R:nivel,1,2.29998779296875,0.06,0,indeterminado,baja,señalado por reglas sin una regla determinista que identifique la causa,conservar marcado hasta contrastar con otras fuentes,False
803,nivel,2026-01-15 17:25:00,2026-01-15 17:46:00,22,reglas,R:nivel,1,2.9000244140625,1.02,0,indeterminado,baja,señalado por reglas sin una regla determinista que identifique la causa,conservar marcado hasta contrastar con otras fuentes,False
803,nivel,2026-01-15 18:09:00,2026-01-15 18:09:00,1,reglas,R:nivel,1,3.199951171875,1.02,0,configuracion,media,nivel negativo sostenido: posible cota cero o desplazamiento del cero,corregir metadatos o configuración y reprocesar,False
803,nivel,2026-01-15 18:25:00,2026-01-15 19:27:00,63,"reglas,etiqueta",R:nivel,1502,4.10003662109375,1.02,0,indeterminado,baja,"señalado por reglas,etiqueta sin una regla determinista que identifique la causa",conservar marcado hasta contrastar con otras fuentes,False
803,nivel,2026-01-15 19:42:00,2026-01-15 19:44:00,3,"reglas,etiqueta",R:nivel,1502,3.5,1.02,0,configuracion,media,nivel negativo sostenido: posible cota cero o desplazamiento del cero,corregir metadatos o configuración y reprocesar,False
803,nivel,2026-01-15 19:58:00,2026-01-15 20:10:00,13,"reglas,etiqueta",R:nivel,1502,3.5,1.02,1,indeterminado,baja,"señalado por reglas,etiqueta sin una regla determinista que identifique la causa",conservar marcado hasta contrastar con otras fuentes,False
803,nivel,2026-01-15 20:23:00,2026-01-15 20:44:00,22,"reglas,etiqueta",R:nivel,1502,3.5999755859375,1.02,1,configuracion,media,nivel negativo sostenido: posible cota cero o desplazamiento del cero,corregir metadatos o configuración y reprocesar,False
803,nivel,2026-01-15 20:58:00,2026-01-15 21:28:00,31,"reglas,etiqueta",R:nivel,1502,4.0999755859375,1.02,1,indeterminado,baja,"señalado por reglas,etiqueta sin una regla determinista que identifique la causa",conservar marcado hasta contrastar con otras fuentes,False
803,nivel,2026-01-15 21:41:00,2026-01-15 21:54:00,14,reglas,R:nivel,1,3.79998779296875,1.02,0,configuracion,media,nivel negativo sostenido: posible cota cero o desplazamiento del cero,corregir metadatos o configuración y reprocesar,False
803,nivel,2026-01-15 22:23:00,2026-01-15 22:31:00,9,reglas,R:nivel,1,3.79998779296875,1.02,0,configuracion,media,nivel negativo sostenido: posible cota cero o desplazamiento del cero,corregir metadatos o configuración y reprocesar,False
803,nivel,2026-01-16 18:56:00,2026-01-16 19:08:00,13,reglas,R:nivel,1,2.20001220703125,0.04,0,indeterminado,baja,señalado por reglas sin una regla determinista que identifique la causa,conservar marcado hasta contrastar con otras fuentes,False
803,nivel,2026-01-16 20:55:00,2026-01-16 20:55:00,1,reglas,R:nivel,1,1.89996337890625,0.04,0,configuracion,media,nivel negativo sostenido: posible cota cero o desplazamiento del cero,corregir metadatos o configuración y reprocesar,False
803,nivel,2026-01-16 21:18:00,2026-01-16 21:37:00,20,"reglas,etiqueta",R:nivel,1502,2.20001220703125,0.01,0,indeterminado,baja,"señalado por reglas,etiqueta sin una regla determinista que identifique la causa",conservar marcado hasta contrastar con otras fuentes,False
803,nivel,2026-01-16 22:04:00,2026-01-16 22:04:00,1,reglas,R:nivel,1,1.5,0.0,0,configuracion,media,nivel negativo sostenido: posible cota cero o desplazamiento del cero,corregir metadatos o configuración y reprocesar,False
803,nivel,2026-01-16 22:26:00,2026-01-16 22:28:00,3,reglas,R:nivel,1,1.5,0.0,0,configuracion,media,nivel negativo sostenido: posible cota cero o desplazamiento del cero,corregir metadatos o configuración y reprocesar,False
803,nivel,2026-01-16 22:42:00,2026-01-16 22:42:00,1,reglas,R:nivel,1,1.4000244140625,0.0,0,configuracion,media,nivel negativo sostenido: posible cota cero o desplazamiento del cero,corregir metadatos o configuración y reprocesar,False
803,nivel,2026-01-16 23:00:00,2026-01-16 23:01:00,2,reglas,R:nivel,1,1.70001220703125,0.0,0,configuracion,media,nivel negativo sostenido: posible cota cero o desplazamiento del cero,corregir metadatos o configuración y reprocesar,False
803,nivel,2026-01-16 23:30:00,2026-01-16 23:35:00,6,reglas,R:nivel,1,2.0999755859375,0.0,0,configuracion,media,nivel negativo sostenido: posible cota cero o desplazamiento del cero,corregir metadatos o configuración y reprocesar,False
803,nivel,2026-01-16 23:52:00,2026-01-16 23:52:00,1,reglas,R:nivel,1,1.89996337890625,0.0,0,configuracion,media,nivel negativo sostenido: posible cota cero o desplazamiento del cero,corregir metadatos o configuración y reprocesar,False
803,nivel,2026-01-17 06:41:00,2026-01-17 06:41:00,1,reglas,R:nivel,1,1.29998779296875,0.0,0,configuracion,media,nivel negativo sostenido: posible cota cero o desplazamiento del cero,corregir metadatos o configuración y reprocesar,False
803,nivel,2026-01-17 07:01:00,2026-01-17 07:01:00,1,reglas,R:nivel,1,1.5,0.0,0,configuracion,media,nivel negativo sostenido: posible cota cero o desplazamiento del cero,corregir metadatos o configuración y reprocesar,False
803,nivel,2026-01-17 07:41:00,2026-01-17 08:19:00,39,reglas,R:nivel,1,1.79998779296875,0.0,0,indeterminado,baja,señalado por reglas sin una regla determinista que identifique la causa,conservar marcado hasta contrastar con otras fuentes,False
803,nivel,2026-01-17 08:50:00,2026-01-17 08:52:00,3,reglas,R:nivel,1,1.70001220703125,0.0,0,configuracion,media,nivel negativo sostenido: posible cota cero o desplazamiento del cero,corregir metadatos o configuración y reprocesar,False
803,nivel,2026-01-17 09:06:00,2026-01-17 09:06:00,1,reglas,R:nivel,1,1.70001220703125,0.0,0,configuracion,media,nivel negativo sostenido: posible cota cero o desplazamiento del cero,corregir metadatos o configuración y reprocesar,False
803,nivel,2026-01-17 19:47:00,2026-01-17 19:47:00,1,"reglas,etiqueta",R:nivel,1502,3.79998779296875,0.0,0,configuracion,media,nivel negativo sostenido: posible cota cero o desplazamiento del cero,corregir metadatos o configuración y reprocesar,False
803,nivel,2026-01-17 20:34:00,2026-01-17 20:34:00,1,"reglas,etiqueta",R:nivel,1502,3.29998779296875,0.0,0,configuracion,media,nivel negativo sostenido: posible cota cero o desplazamiento del cero,corregir metadatos o configuración y reprocesar,False
803,nivel,2026-01-18 17:59:00,2026-01-18 18:26:00,28,"reglas,etiqueta",R:nivel,1502,3.199951171875,0.0,0,indeterminado,baja,"señalado por reglas,etiqueta sin una regla determinista que identifique la causa",conservar marcado hasta contrastar con otras fuentes,False
803,nivel,2026-01-18 23:07:00,2026-01-18 23:08:00,2,"reglas,etiqueta",R:nivel,1502,3.29998779296875,0.0,0,configuracion,media,nivel negativo sostenido: posible cota cero o desplazamiento del cero,corregir metadatos o configuración y reprocesar,False
803,nivel,2026-01-18 23:20:00,2026-01-18 23:29:00,10,"reglas,mad,etiqueta",R:nivel,1502,8.70001220703125,0.0,0,configuracion,media,nivel negativo sostenido: posible cota cero o desplazamiento del cero,corregir metadatos o configuración y reprocesar,False
803,nivel,2026-01-18 23:43:00,2026-01-18 23:47:00,5,"reglas,mad,etiqueta",R:nivel,1502,5.800048828125,0.0,0,configuracion,media,nivel negativo sostenido: posible cota cero o desplazamiento del cero,corregir metadatos o configuración y reprocesar,False
803,nivel,2026-01-19 00:01:00,2026-01-19 01:27:00,87,"reglas,mad,etiqueta",R:nivel,1502,6.29998779296875,0.0,0,configuracion,media,nivel negativo sostenido: posible cota cero o desplazamiento del cero,corregir metadatos o configuración y reprocesar,False
803,nivel,2026-01-19 02:08:00,2026-01-19 02:09:00,2,reglas,R:nivel,1,0.79998779296875,0.0,0,configuracion,media,nivel negativo sostenido: posible cota cero o desplazamiento del cero,corregir metadatos o configuración y reprocesar,False
803,nivel,2026-01-19 03:46:00,2026-01-19 04:40:00,55,reglas,R:nivel,1,2.199951171875,0.0,0,configuracion,media,nivel negativo sostenido: posible cota cero o desplazamiento del cero,corregir metadatos o configuración y reprocesar,False
803,nivel,2026-01-19 09:35:00,2026-01-19 09:51:00,17,"reglas,etiqueta",R:nivel,1502,3.0,0.0,0,indeterminado,baja,"señalado por reglas,etiqueta sin una regla determinista que identifique la causa",conservar marcado hasta contrastar con otras fuentes,False
803,nivel,2026-01-19 16:10:00,2026-01-19 16:29:00,20,"reglas,mad,etiqueta",R:nivel,1502,6.0,11.68,0,indeterminado,baja,"señalado por reglas,mad,etiqueta sin una regla determinista que identifique la causa",conservar marcado hasta contrastar con otras fuentes,False
803,nivel,2026-01-19 16:54:00,2026-01-19 17:39:00,46,"reglas,mad,etiqueta",R:nivel,1502,7.5999755859375,11.68,0,configuracion,media,nivel negativo sostenido: posible cota cero o desplazamiento del cero,corregir metadatos o configuración y reprocesar,False
803,nivel,2026-01-19 17:52:00,2026-01-19 19:05:00,74,"reglas,mad,etiqueta",R:nivel,1502,6.5999755859375,11.68,1,indeterminado,baja,"señalado por reglas,mad,etiqueta sin una regla determinista que identifique la causa",conservar marcado hasta contrastar con otras fuentes,False
803,nivel,2026-01-19 19:22:00,2026-01-19 19:22:00,1,"mad,etiqueta",,1502,5.39996337890625,11.68,0,indeterminado,baja,"señalado por mad,etiqueta sin una regla determinista que identifique la causa",conservar marcado hasta contrastar con otras fuentes,False
803,nivel,2026-01-19 20:00:00,2026-01-19 20:13:00,14,"mad,etiqueta",,1502,7.0,11.68,0,indeterminado,baja,"señalado por mad,etiqueta sin una regla determinista que identifique la causa",conservar marcado hasta contrastar con otras fuentes,False
803,nivel,2026-01-19 20:30:00,2026-01-19 20:45:00,16,"mad,etiqueta",,1502,7.0999755859375,0.06,0,indeterminado,baja,"señalado por mad,etiqueta sin una regla determinista que identifique la causa",conservar marcado hasta contrastar con otras fuentes,False
803,nivel,2026-01-19 21:13:00,2026-01-19 21:14:00,2,reglas,R:nivel,1,2.5999755859375,0.0,1,configuracion,media,nivel negativo sostenido: posible cota cero o desplazamiento del cero,corregir metadatos o configuración y reprocesar,False
803,nivel,2026-01-19 21:38:00,2026-01-19 21:38:00,1,reglas,R:nivel,1,1.79998779296875,0.0,0,configuracion,media,nivel negativo sostenido: posible cota cero o desplazamiento del cero,corregir metadatos o configuración y reprocesar,False
803,nivel,2026-01-19 22:01:00,2026-01-19 22:32:00,32,"mad,etiqueta",,1502,7.89996337890625,0.0,0,indeterminado,baja,"señalado por mad,etiqueta sin una regla determinista que identifique la causa",conservar marcado hasta contrastar con otras fuentes,False
803,nivel,2026-01-20 00:10:00,2026-01-20 00:10:00,1,"mad,etiqueta",,1502,4.60003662109375,0.0,0,indeterminado,baja,"señalado por mad,etiqueta sin una regla determinista que identifique la causa",conservar marcado hasta contrastar con otras fuentes,False
803,nivel,2026-01-20 03:16:00,2026-01-20 03:16:00,1,reglas,R:nivel,1,1.699951171875,0.0,0,configuracion,media,nivel negativo sostenido: posible cota cero o desplazamiento del cero,corregir metadatos o configuración y reprocesar,False
803,nivel,2026-01-20 04:19:00,2026-01-20 04:19:00,1,reglas,R:nivel,1,1.29998779296875,0.0,0,configuracion,media,nivel negativo sostenido: posible cota cero o desplazamiento del cero,corregir metadatos o configuración y reprocesar,False
803,nivel,2026-01-20 04:42:00,2026-01-20 05:26:00,45,"reglas,mad,etiqueta",R:nivel,1502,7.79998779296875,0.0,0,indeterminado,baja,"señalado por reglas,mad,etiqueta sin una regla determinista que identifique la causa",conservar marcado hasta contrastar con otras fuentes,False
803,nivel,2026-01-20 05:39:00,2026-01-20 05:39:00,1,"reglas,etiqueta",R:nivel,1502,2.29998779296875,0.0,0,configuracion,media,nivel negativo sostenido: posible cota cero o desplazamiento del cero,corregir metadatos o configuración y reprocesar,False
803,nivel,2026-01-20 07:25:00,2026-01-20 07:25:00,1,"mad,etiqueta",,1502,5.89996337890625,0.0,0,indeterminado,baja,"señalado por mad,etiqueta sin una regla determinista que identifique la causa",conservar marcado hasta contrastar con otras fuentes,False
803,nivel,2026-01-20 07:54:00,2026-01-20 07:54:00,1,"mad,etiqueta",,1502,5.5,0.0,0,indeterminado,baja,"señalado por mad,etiqueta sin una regla determinista que identifique la causa",conservar marcado hasta contrastar con otras fuentes,False
803,nivel,2026-01-20 08:21:00,2026-01-20 08:21:00,1,"mad,etiqueta",,1502,6.20001220703125,0.0,0,indeterminado,baja,"señalado por mad,etiqueta sin una regla determinista que identifique la causa",conservar marcado hasta contrastar con otras fuentes,False
803,nivel,2026-01-20 08:35:00,2026-01-20 08:37:00,3,"mad,etiqueta",,1502,6.0,0.0,0,indeterminado,baja,"señalado por mad,etiqueta sin una regla determinista que identifique la causa",conservar marcado hasta contrastar con otras fuentes,False
803,nivel,2026-01-20 09:05:00,2026-01-20 09:06:00,2,"mad,etiqueta",,1502,6.60003662109375,0.0,0,indeterminado,baja,"señalado por mad,etiqueta sin una regla determinista que identifique la causa",conservar marcado hasta contrastar con otras fuentes,False
803,nivel,2026-01-20 11:16:00,2026-01-20 11:20:00,5,"mad,etiqueta",,1502,5.9000244140625,0.01,0,indeterminado,baja,"señalado por mad,etiqueta sin una regla determinista que identifique la causa",conservar marcado hasta contrastar con otras fuentes,False
803,nivel,2026-01-20 16:19:00,2026-01-20 16:25:00,7,"reglas,mad",R:nivel,1,5.5999755859375,5.08,0,indeterminado,baja,"señalado por reglas,mad sin una regla determinista que identifique la causa",conservar marcado hasta contrastar con otras fuentes,False
803,nivel,2026-01-20 17:28:00,2026-01-20 17:30:00,3,"reglas,etiqueta",R:nivel,1502,4.5999755859375,5.08,0,configuracion,media,nivel negativo sostenido: posible cota cero o desplazamiento del cero,corregir metadatos o configuración y reprocesar,False
803,nivel,2026-01-20 17:43:00,2026-01-20 17:52:00,10,"reglas,etiqueta",R:nivel,1502,4.5999755859375,5.08,0,indeterminado,baja,"señalado por reglas,etiqueta sin una regla determinista que identifique la causa",conservar marcado hasta contrastar con otras fuentes,False
803,nivel,2026-01-20 18:25:00,2026-01-20 18:26:00,2,"reglas,etiqueta",R:nivel,1502,3.5,5.08,0,configuracion,media,nivel negativo sostenido: posible cota cero o desplazamiento del cero,corregir metadatos o configuración y reprocesar,False
803,nivel,2026-01-20 18:42:00,2026-01-20 18:57:00,16,"reglas,etiqueta",R:nivel,1502,3.29998779296875,5.08,0,indeterminado,baja,"señalado por reglas,etiqueta sin una regla determinista que identifique la causa",conservar marcado hasta contrastar con otras fuentes,False
803,nivel,2026-01-20 19:13:00,2026-01-20 19:13:00,1,"reglas,etiqueta",R:nivel,1502,3.0,4.83,0,configuracion,media,nivel negativo sostenido: posible cota cero o desplazamiento del cero,corregir metadatos o configuración y reprocesar,False
803,nivel,2026-01-20 19:33:00,2026-01-20 19:33:00,1,"reglas,etiqueta",R:nivel,1502,2.79998779296875,4.83,1,configuracion,media,nivel negativo sostenido: posible cota cero o desplazamiento del cero,corregir metadatos o configuración y reprocesar,False
803,nivel,2026-01-20 19:57:00,2026-01-20 19:58:00,2,"reglas,etiqueta",R:nivel,1502,3.10003662109375,4.83,1,configuracion,media,nivel negativo sostenido: posible cota cero o desplazamiento del cero,corregir metadatos o configuración y reprocesar,False
803,nivel,2026-01-20 20:16:00,2026-01-20 20:17:00,2,"reglas,etiqueta",R:nivel,1502,3.39996337890625,4.83,1,configuracion,media,nivel negativo sostenido: posible cota cero o desplazamiento del cero,corregir metadatos o configuración y reprocesar,False
803,nivel,2026-01-20 20:38:00,2026-01-20 20:50:00,13,"reglas,etiqueta",R:nivel,1502,2.9000244140625,4.83,1,indeterminado,baja,"señalado por reglas,etiqueta sin una regla determinista que identifique la causa",conservar marcado hasta contrastar con otras fuentes,False
803,nivel,2026-01-20 22:24:00,2026-01-20 22:24:00,1,"mad,etiqueta",,1502,6.5999755859375,0.0,0,indeterminado,baja,"señalado por mad,etiqueta sin una regla determinista que identifique la causa",conservar marcado hasta contrastar con otras fuentes,False
803,nivel,2026-01-20 22:41:00,2026-01-20 22:50:00,10,"mad,etiqueta",,1502,8.199951171875,0.0,0,indeterminado,baja,"señalado por mad,etiqueta sin una regla determinista que identifique la causa",conservar marcado hasta contrastar con otras fuentes,False
803,nivel,2026-01-21 00:55:00,2026-01-21 01:12:00,18,"mad,etiqueta",,1502,8.0,0.0,0,indeterminado,baja,"señalado por mad,etiqueta sin una regla determinista que identifique la causa",conservar marcado hasta contrastar con otras fuentes,False
803,nivel,2026-01-21 01:27:00,2026-01-21 01:47:00,21,"reglas,mad,etiqueta",R:nivel,1502,4.5999755859375,0.0,0,indeterminado,baja,"señalado por reglas,mad,etiqueta sin una regla determinista que identifique la causa",conservar marcado hasta contrastar con otras fuentes,False
803,nivel,2026-01-21 02:06:00,2026-01-21 02:08:00,3,"mad,etiqueta",,1502,6.4000244140625,0.0,0,indeterminado,baja,"señalado por mad,etiqueta sin una regla determinista que identifique la causa",conservar marcado hasta contrastar con otras fuentes,False
803,nivel,2026-01-21 02:24:00,2026-01-21 05:11:00,168,"reglas,mad,etiqueta",R:nivel,1502,8.0,0.0,0,indeterminado,baja,"señalado por reglas,mad,etiqueta sin una regla determinista que identifique la causa",conservar marcado hasta contrastar con otras fuentes,False
803,nivel,2026-01-21 05:30:00,2026-01-21 05:35:00,6,reglas,R:nivel,1,0.9000244140625,0.0,0,configuracion,media,nivel negativo sostenido: posible cota cero o desplazamiento del cero,corregir metadatos o configuración y reprocesar,False
803,nivel,2026-01-21 07:13:00,2026-01-21 07:35:00,23,reglas,R:nivel,1,1.70001220703125,0.0,0,indeterminado,baja,señalado por reglas sin una regla determinista que identifique la causa,conservar marcado hasta contrastar con otras fuentes,False
803,nivel,2026-01-21 08:46:00,2026-01-21 08:46:00,1,reglas,R:nivel,1,1.70001220703125,0.0,0,configuracion,media,nivel negativo sostenido: posible cota cero o desplazamiento del cero,corregir metadatos o configuración y reprocesar,False
803,nivel,2026-01-21 09:05:00,2026-01-21 09:05:00,1,"mad,etiqueta",,1502,5.199951171875,0.0,0,indeterminado,baja,"señalado por mad,etiqueta sin una regla determinista que identifique la causa",conservar marcado hasta contrastar con otras fuentes,False
803,nivel,2026-01-21 10:10:00,2026-01-21 10:10:00,1,"mad,etiqueta",,1502,5.199951171875,0.0,0,indeterminado,baja,"señalado por mad,etiqueta sin una regla determinista que identifique la causa",conservar marcado hasta contrastar con otras fuentes,False
803,nivel,2026-01-21 10:38:00,2026-01-21 10:38:00,1,"mad,etiqueta",,1502,5.0,0.0,0,indeterminado,baja,"señalado por mad,etiqueta sin una regla determinista que identifique la causa",conservar marcado hasta contrastar con otras fuentes,False
803,nivel,2026-01-21 11:00:00,2026-01-21 11:00:00,1,"mad,etiqueta",,1502,5.0,0.0,0,indeterminado,baja,"señalado por mad,etiqueta sin una regla determinista que identifique la causa",conservar marcado hasta contrastar con otras fuentes,False
803,nivel,2026-01-21 12:22:00,2026-01-21 12:42:00,21,"mad,etiqueta",,1502,6.5999755859375,0.01,0,indeterminado,baja,"señalado por mad,etiqueta sin una regla determinista que identifique la causa",conservar marcado hasta contrastar con otras fuentes,False
803,nivel,2026-01-21 13:09:00,2026-01-21 13:24:00,16,"mad,etiqueta",,1502,6.60003662109375,0.01,0,indeterminado,baja,"señalado por mad,etiqueta sin una regla determinista que identifique la causa",conservar marcado hasta contrastar con otras fuentes,False
803,nivel,2026-01-21 13:49:00,2026-01-21 13:57:00,9,"mad,etiqueta",,1502,7.79998779296875,0.01,0,indeterminado,baja,"señalado por mad,etiqueta sin una regla determinista que identifique la causa",conservar marcado hasta contrastar con otras fuentes,False
803,nivel,2026-01-21 14:17:00,2026-01-21 14:19:00,3,"mad,etiqueta",,1502,7.79998779296875,0.01,0,indeterminado,baja,"señalado por mad,etiqueta sin una regla determinista que identifique la causa",conservar marcado hasta contrastar con otras fuentes,False
803,nivel,2026-01-21 14:36:00,2026-01-21 14:50:00,15,"mad,etiqueta",,1502,7.5999755859375,0.01,0,indeterminado,baja,"señalado por mad,etiqueta sin una regla determinista que identifique la causa",conservar marcado hasta contrastar con otras fuentes,False
803,nivel,2026-01-21 15:38:00,2026-01-21 16:02:00,25,"mad,etiqueta",,1502,6.20001220703125,0.01,0,indeterminado,baja,"señalado por mad,etiqueta sin una regla determinista que identifique la causa",conservar marcado hasta contrastar con otras fuentes,False
803,nivel,2026-01-21 16:21:00,2026-01-21 17:01:00,41,"mad,etiqueta",,1502,8.20001220703125,0.01,0,indeterminado,baja,"señalado por mad,etiqueta sin una regla determinista que identifique la causa",conservar marcado hasta contrastar con otras fuentes,False
803,nivel,2026-01-21 18:12:00,2026-01-21 18:14:00,3,"mad,etiqueta",,1502,7.300048828125,0.0,0,indeterminado,baja,"señalado por mad,etiqueta sin una regla determinista que identifique la causa",conservar marcado hasta contrastar con otras fuentes,False
803,nivel,2026-01-21 21:21:00,2026-01-21 21:21:00,1,"mad,etiqueta",,1502,5.300048828125,0.0,0,indeterminado,baja,"señalado por mad,etiqueta sin una regla determinista que identifique la causa",conservar marcado hasta contrastar con otras fuentes,False
803,nivel,2026-01-21 21:36:00,2026-01-21 21:36:00,1,"mad,etiqueta",,1502,5.0,0.0,0,indeterminado,baja,"señalado por mad,etiqueta sin una regla determinista que identifique la causa",conservar marcado hasta contrastar con otras fuentes,False
803,nivel,2026-01-21 21:56:00,2026-01-21 22:01:00,6,"mad,etiqueta",,1502,6.70001220703125,0.0,0,indeterminado,baja,"señalado por mad,etiqueta sin una regla determinista que identifique la causa",conservar marcado hasta contrastar con otras fuentes,False
803,nivel,2026-01-21 22:20:00,2026-01-21 22:23:00,4,"mad,etiqueta",,1502,7.29998779296875,0.0,0,indeterminado,baja,"señalado por mad,etiqueta sin una regla determinista que identifique la causa",conservar marcado hasta contrastar con otras fuentes,False
803,nivel,2026-01-22 00:20:00,2026-01-22 00:22:00,3,reglas,R:nivel,1,1.0,0.0,0,configuracion,media,nivel negativo sostenido: posible cota cero o desplazamiento del cero,corregir metadatos o configuración y reprocesar,False
803,nivel,2026-01-22 01:14:00,2026-01-22 03:29:00,136,reglas,R:nivel,1,0.70001220703125,0.0,0,configuracion,media,nivel negativo sostenido: posible cota cero o desplazamiento del cero,corregir metadatos o configuración y reprocesar,False
803,nivel,2026-01-22 04:00:00,2026-01-22 04:16:00,17,reglas,R:nivel,1,0.800048828125,0.0,0,configuracion,media,nivel negativo sostenido: posible cota cero o desplazamiento del cero,corregir metadatos o configuración y reprocesar,False
803,nivel,2026-01-22 06:10:00,2026-01-22 06:10:00,1,"reglas,etiqueta",R:nivel,1502,2.0,0.0,0,configuracion,media,nivel negativo sostenido: posible cota cero o desplazamiento del cero,corregir metadatos o configuración y reprocesar,False
803,nivel,2026-01-22 06:50:00,2026-01-22 06:50:00,1,"mad,etiqueta",,1502,5.9000244140625,0.0,0,indeterminado,baja,"señalado por mad,etiqueta sin una regla determinista que identifique la causa",conservar marcado hasta contrastar con otras fuentes,False
803,nivel,2026-01-22 07:36:00,2026-01-22 07:39:00,4,reglas,R:nivel,1,2.39996337890625,0.0,0,indeterminado,baja,señalado por reglas sin una regla determinista que identifique la causa,conservar marcado hasta contrastar con otras fuentes,False
803,nivel,2026-01-22 08:00:00,2026-01-22 08:00:00,1,reglas,R:nivel,1,2.60003662109375,0.0,0,configuracion,media,nivel negativo sostenido: posible cota cero o desplazamiento del cero,corregir metadatos o configuración y reprocesar,False
803,nivel,2026-01-22 11:08:00,2026-01-22 11:08:00,1,"mad,etiqueta",,1502,5.0,0.01,0,indeterminado,baja,"señalado por mad,etiqueta sin una regla determinista que identifique la causa",conservar marcado hasta contrastar con otras fuentes,False
803,nivel,2026-01-22 13:12:00,2026-01-22 13:14:00,3,"mad,etiqueta",,1502,8.4000244140625,0.01,0,indeterminado,baja,"señalado por mad,etiqueta sin una regla determinista que identifique la causa",conservar marcado hasta contrastar con otras fuentes,False
803,nivel,2026-01-22 13:30:00,2026-01-22 13:34:00,5,"mad,etiqueta",,1502,8.0999755859375,0.01,0,indeterminado,baja,"señalado por mad,etiqueta sin una regla determinista que identifique la causa",conservar marcado hasta contrastar con otras fuentes,False
803,nivel,2026-01-22 16:32:00,2026-01-22 16:32:00,1,"mad,etiqueta",,1502,5.70001220703125,0.0,0,indeterminado,baja,"señalado por mad,etiqueta sin una regla determinista que identifique la causa",conservar marcado hasta contrastar con otras fuentes,False
803,nivel,2026-01-22 17:35:00,2026-01-22 17:45:00,11,reglas,R:nivel,1,1.60003662109375,0.0,0,indeterminado,baja,señalado por reglas sin una regla determinista que identifique la causa,conservar marcado hasta contrastar con otras fuentes,False
803,nivel,2026-01-22 18:00:00,2026-01-22 18:14:00,15,"reglas,mad,etiqueta",R:nivel,1502,4.5,0.0,0,indeterminado,baja,"señalado por reglas,mad,etiqueta sin una regla determinista que identifique la causa",conservar marcado hasta contrastar con otras fuentes,False
803,nivel,2026-01-22 19:09:00,2026-01-22 19:15:00,7,"reglas,mad,etiqueta",R:nivel,1502,4.39996337890625,0.0,0,indeterminado,baja,"señalado por reglas,mad,etiqueta sin una regla determinista que identifique la causa",conservar marcado hasta contrastar con otras fuentes,False
803,nivel,2026-01-22 19:54:00,2026-01-22 20:07:00,14,"reglas,mad,etiqueta",R:nivel,1502,7.79998779296875,0.0,0,indeterminado,baja,"señalado por reglas,mad,etiqueta sin una regla determinista que identifique la causa",conservar marcado hasta contrastar con otras fuentes,False
803,nivel,2026-01-22 20:25:00,2026-01-22 21:19:00,55,"reglas,etiqueta",R:nivel,1502,4.29998779296875,0.0,0,indeterminado,baja,"señalado por reglas,etiqueta sin una regla determinista que identifique la causa",conservar marcado hasta contrastar con otras fuentes,False
803,nivel,2026-01-22 21:40:00,2026-01-22 21:40:00,1,reglas,R:nivel,1,1.60003662109375,0.0,0,configuracion,media,nivel negativo sostenido: posible cota cero o desplazamiento del cero,corregir metadatos o configuración y reprocesar,False
803,nivel,2026-01-22 21:56:00,2026-01-22 22:10:00,15,"reglas,etiqueta",R:nivel,1502,2.79998779296875,0.0,0,indeterminado,baja,"señalado por reglas,etiqueta sin una regla determinista que identifique la causa",conservar marcado hasta contrastar con otras fuentes,False
803,nivel,2026-01-22 22:30:00,2026-01-22 22:31:00,2,reglas,R:nivel,1,2.4000244140625,0.0,0,configuracion,media,nivel negativo sostenido: posible cota cero o desplazamiento del cero,corregir metadatos o configuración y reprocesar,False
803,nivel,2026-01-23 00:10:00,2026-01-23 00:26:00,17,"mad,etiqueta",,1502,7.4000244140625,0.0,0,indeterminado,baja,"señalado por mad,etiqueta sin una regla determinista que identifique la causa",conservar marcado hasta contrastar con otras fuentes,False
803,nivel,2026-01-23 00:38:00,2026-01-23 01:21:00,44,"mad,etiqueta",,1502,8.79998779296875,0.0,0,indeterminado,baja,"señalado por mad,etiqueta sin una regla determinista que identifique la causa",conservar marcado hasta contrastar con otras fuentes,False
803,nivel,2026-01-23 01:40:00,2026-01-23 01:47:00,8,reglas,R:nivel,1,2.4000244140625,0.0,0,configuracion,media,nivel negativo sostenido: posible cota cero o desplazamiento del cero,corregir metadatos o configuración y reprocesar,False
803,nivel,2026-01-23 02:08:00,2026-01-23 02:10:00,3,"reglas,mad,etiqueta",R:nivel,1502,6.0,0.0,0,indeterminado,baja,"señalado por reglas,mad,etiqueta sin una regla determinista que identifique la causa",conservar marcado hasta contrastar con otras fuentes,False
803,nivel,2026-01-23 02:22:00,2026-01-23 02:23:00,2,reglas,R:nivel,1,1.9000244140625,0.0,0,configuracion,media,nivel negativo sostenido: posible cota cero o desplazamiento del cero,corregir metadatos o configuración y reprocesar,False
803,nivel,2026-01-23 04:02:00,2026-01-23 04:06:00,5,"mad,etiqueta",,1502,6.9000244140625,0.0,0,indeterminado,baja,"señalado por mad,etiqueta sin una regla determinista que identifique la causa",conservar marcado hasta contrastar con otras fuentes,False
803,nivel,2026-01-23 08:19:00,2026-01-23 08:22:00,4,"reglas,etiqueta",R:nivel,1502,4.300048828125,0.0,0,configuracion,media,nivel negativo sostenido: posible cota cero o desplazamiento del cero,corregir metadatos o configuración y reprocesar,False
803,nivel,2026-01-23 08:38:00,2026-01-23 08:40:00,3,reglas,R:nivel,1,3.9000244140625,0.0,0,configuracion,media,nivel negativo sostenido: posible cota cero o desplazamiento del cero,corregir metadatos o configuración y reprocesar,False
803,nivel,2026-01-23 08:53:00,2026-01-23 08:53:00,1,"reglas,etiqueta",R:nivel,1502,3.699951171875,0.0,0,configuracion,media,nivel negativo sostenido: posible cota cero o desplazamiento del cero,corregir metadatos o configuración y reprocesar,False
803,nivel,2026-01-23 12:23:00,2026-01-23 12:23:00,1,"mad,etiqueta",,1502,5.29998779296875,0.01,0,indeterminado,baja,"señalado por mad,etiqueta sin una regla determinista que identifique la causa",conservar marcado hasta contrastar con otras fuentes,False
803,nivel,2026-01-23 12:37:00,2026-01-23 12:38:00,2,"mad,etiqueta",,1502,7.0,0.01,0,indeterminado,baja,"señalado por mad,etiqueta sin una regla determinista que identifique la causa",conservar marcado hasta contrastar con otras fuentes,False
803,nivel,2026-01-23 15:10:00,2026-01-23 15:11:00,2,"mad,etiqueta",,1502,9.20001220703125,0.12,0,indeterminado,baja,"señalado por mad,etiqueta sin una regla determinista que identifique la causa",conservar marcado hasta contrastar con otras fuentes,False
803,nivel,2026-01-23 16:49:00,2026-01-23 16:49:00,1,reglas,R:nivel,1,2.29998779296875,0.13,0,configuracion,media,nivel negativo sostenido: posible cota cero o desplazamiento del cero,corregir metadatos o configuración y reprocesar,False
803,nivel,2026-01-23 17:59:00,2026-01-23 18:00:00,2,"mad,etiqueta",,1502,5.39996337890625,0.12,0,indeterminado,baja,"señalado por mad,etiqueta sin una regla determinista que identifique la causa",conservar marcado hasta contrastar con otras fuentes,False
803,nivel,2026-01-23 19:39:00,2026-01-23 19:39:00,1,"mad,etiqueta",,151,5.79998779296875,0.12,0,indeterminado,baja,"señalado por mad,etiqueta sin una regla determinista que identifique la causa",conservar marcado hasta contrastar con otras fuentes,False
803,nivel,2026-01-23 20:12:00,2026-01-23 20:12:00,1,"mad,etiqueta",,1502,5.5,0.08,0,indeterminado,baja,"señalado por mad,etiqueta sin una regla determinista que identifique la causa",conservar marcado hasta contrastar con otras fuentes,False
803,nivel,2026-01-23 20:53:00,2026-01-23 20:54:00,2,"mad,etiqueta",,1502,7.0,0.05,0,indeterminado,baja,"señalado por mad,etiqueta sin una regla determinista que identifique la causa",conservar marcado hasta contrastar con otras fuentes,False
803,nivel,2026-01-23 21:44:00,2026-01-23 21:44:00,1,"mad,etiqueta",,1502,4.800048828125,0.0,0,indeterminado,baja,"señalado por mad,etiqueta sin una regla determinista que identifique la causa",conservar marcado hasta contrastar con otras fuentes,False
803,nivel,2026-01-24 00:17:00,2026-01-24 00:18:00,2,"mad,etiqueta",,1502,5.5999755859375,0.0,0,indeterminado,baja,"señalado por mad,etiqueta sin una regla determinista que identifique la causa",conservar marcado hasta contrastar con otras fuentes,False
803,nivel,2026-01-24 05:59:00,2026-01-24 06:17:00,19,"reglas,mad,etiqueta",R:nivel,1502,7.699951171875,0.0,0,indeterminado,baja,"señalado por reglas,mad,etiqueta sin una regla determinista que identifique la causa",conservar marcado hasta contrastar con otras fuentes,False
803,nivel,2026-01-24 06:51:00,2026-01-24 06:51:00,1,reglas,R:nivel,1,1.0,0.0,0,configuracion,media,nivel negativo sostenido: posible cota cero o desplazamiento del cero,corregir metadatos o configuración y reprocesar,False
803,nivel,2026-01-24 07:22:00,2026-01-24 07:46:00,25,reglas,R:nivel,1,1.0,0.0,0,indeterminado,baja,señalado por reglas sin una regla determinista que identifique la causa,conservar marcado hasta contrastar con otras fuentes,False
803,nivel,2026-01-24 07:58:00,2026-01-24 08:07:00,10,reglas,R:nivel,1,1.20001220703125,0.0,0,configuracion,media,nivel negativo sostenido: posible cota cero o desplazamiento del cero,corregir metadatos o configuración y reprocesar,False
803,nivel,2026-01-24 09:18:00,2026-01-24 09:20:00,3,reglas,R:nivel,1,1.70001220703125,0.0,0,configuracion,media,nivel negativo sostenido: posible cota cero o desplazamiento del cero,corregir metadatos o configuración y reprocesar,False
803,nivel,2026-01-24 09:47:00,2026-01-24 09:54:00,8,"reglas,etiqueta",R:nivel,1502,2.60003662109375,0.0,0,indeterminado,baja,"señalado por reglas,etiqueta sin una regla determinista que identifique la causa",conservar marcado hasta contrastar con otras fuentes,False
803,nivel,2026-01-24 10:08:00,2026-01-24 10:08:00,1,"mad,etiqueta",,1502,4.60003662109375,0.0,0,indeterminado,baja,"señalado por mad,etiqueta sin una regla determinista que identifique la causa",conservar marcado hasta contrastar con otras fuentes,False
803,nivel,2026-01-24 14:39:00,2026-01-24 14:41:00,3,"mad,etiqueta",,1502,6.70001220703125,0.0,0,indeterminado,baja,"señalado por mad,etiqueta sin una regla determinista que identifique la causa",conservar marcado hasta contrastar con otras fuentes,False
803,nivel,2026-01-24 15:21:00,2026-01-24 15:21:00,1,"mad,etiqueta",,1502,5.5,0.0,0,indeterminado,baja,"señalado por mad,etiqueta sin una regla determinista que identifique la causa",conservar marcado hasta contrastar con otras fuentes,False
803,nivel,2026-01-24 15:56:00,2026-01-24 16:09:00,14,"mad,etiqueta",,1502,10.4000244140625,0.0,0,indeterminado,baja,"señalado por mad,etiqueta sin una regla determinista que identifique la causa",conservar marcado hasta contrastar con otras fuentes,False
803,nivel,2026-01-24 17:02:00,2026-01-24 17:04:00,3,"mad,etiqueta",,1502,6.79998779296875,0.0,0,indeterminado,baja,"señalado por mad,etiqueta sin una regla determinista que identifique la causa",conservar marcado hasta contrastar con otras fuentes,False
803,nivel,2026-01-24 17:57:00,2026-01-24 18:41:00,45,"reglas,mad,etiqueta",R:nivel,1502,8.300048828125,0.0,0,indeterminado,baja,"señalado por reglas,mad,etiqueta sin una regla determinista que identifique la causa",conservar marcado hasta contrastar con otras fuentes,False
803,nivel,2026-01-24 18:59:00,2026-01-24 19:45:00,47,"reglas,mad,etiqueta",R:nivel,1502,8.70001220703125,0.0,0,indeterminado,baja,"señalado por reglas,mad,etiqueta sin una regla determinista que identifique la causa",conservar marcado hasta contrastar con otras fuentes,False
803,nivel,2026-01-24 20:22:00,2026-01-24 20:23:00,2,"mad,etiqueta",,1502,5.5,0.0,0,indeterminado,baja,"señalado por mad,etiqueta sin una regla determinista que identifique la causa",conservar marcado hasta contrastar con otras fuentes,False
803,nivel,2026-01-24 20:53:00,2026-01-24 20:53:00,1,reglas,R:nivel,1,1.79998779296875,0.0,0,configuracion,media,nivel negativo sostenido: posible cota cero o desplazamiento del cero,corregir metadatos o configuración y reprocesar,False
803,nivel,2026-01-24 21:17:00,2026-01-24 21:34:00,18,"reglas,mad,etiqueta",R:nivel,1502,8.199951171875,0.0,0,indeterminado,baja,"señalado por reglas,mad,etiqueta sin una regla determinista que identifique la causa",conservar marcado hasta contrastar con otras fuentes,False
803,nivel,2026-01-24 21:47:00,2026-01-24 21:48:00,2,"mad,etiqueta",,1502,6.300048828125,0.0,0,indeterminado,baja,"señalado por mad,etiqueta sin una regla determinista que identifique la causa",conservar marcado hasta contrastar con otras fuentes,False
803,nivel,2026-01-24 22:20:00,2026-01-24 23:10:00,51,reglas,R:nivel,1,2.10003662109375,0.0,0,indeterminado,baja,señalado por reglas sin una regla determinista que identifique la causa,conservar marcado hasta contrastar con otras fuentes,False
803,nivel,2026-01-25 06:26:00,2026-01-25 06:26:00,1,reglas,R:nivel,1,0.29998779296875,0.0,0,configuracion,media,nivel negativo sostenido: posible cota cero o desplazamiento del cero,corregir metadatos o configuración y reprocesar,False
803,nivel,2026-01-25 06:40:00,2026-01-25 06:47:00,8,reglas,R:nivel,1,0.199951171875,0.0,0,indeterminado,baja,señalado por reglas sin una regla determinista que identifique la causa,conservar marcado hasta contrastar con otras fuentes,False
803,nivel,2026-01-25 07:06:00,2026-01-25 08:32:00,87,"reglas,etiqueta",R:nivel,1502,1.89996337890625,0.0,0,configuracion,media,nivel negativo sostenido: posible cota cero o desplazamiento del cero,corregir metadatos o configuración y reprocesar,False
803,nivel,2026-01-25 09:05:00,2026-01-25 09:11:00,7,reglas,R:nivel,1,1.300048828125,0.0,0,indeterminado,baja,señalado por reglas sin una regla determinista que identifique la causa,conservar marcado hasta contrastar con otras fuentes,False
803,nivel,2026-01-25 09:23:00,2026-01-25 09:27:00,5,"mad,etiqueta",,1502,6.70001220703125,0.0,0,indeterminado,baja,"señalado por mad,etiqueta sin una regla determinista que identifique la causa",conservar marcado hasta contrastar con otras fuentes,False
803,nivel,2026-01-25 10:11:00,2026-01-25 10:11:00,1,"mad,etiqueta",,1502,6.300048828125,0.0,0,indeterminado,baja,"señalado por mad,etiqueta sin una regla determinista que identifique la causa",conservar marcado hasta contrastar con otras fuentes,False
803,nivel,2026-01-25 10:27:00,2026-01-25 10:27:00,1,"reglas,etiqueta",R:nivel,1502,3.300048828125,0.0,0,configuracion,media,nivel negativo sostenido: posible cota cero o desplazamiento del cero,corregir metadatos o configuración y reprocesar,False
803,nivel,2026-01-25 10:39:00,2026-01-25 10:39:00,1,"reglas,etiqueta",R:nivel,1502,2.699951171875,0.0,0,configuracion,media,nivel negativo sostenido: posible cota cero o desplazamiento del cero,corregir metadatos o configuración y reprocesar,False
803,nivel,2026-01-25 11:11:00,2026-01-25 11:11:00,1,"mad,etiqueta",,1502,4.5,0.0,0,indeterminado,baja,"señalado por mad,etiqueta sin una regla determinista que identifique la causa",conservar marcado hasta contrastar con otras fuentes,False
803,nivel,2026-01-25 11:31:00,2026-01-25 11:31:00,1,"mad,etiqueta",,1502,6.9000244140625,0.0,0,indeterminado,baja,"señalado por mad,etiqueta sin una regla determinista que identifique la causa",conservar marcado hasta contrastar con otras fuentes,False
803,nivel,2026-01-25 12:48:00,2026-01-25 12:55:00,8,"mad,etiqueta",,1502,6.79998779296875,0.0,0,indeterminado,baja,"señalado por mad,etiqueta sin una regla determinista que identifique la causa",conservar marcado hasta contrastar con otras fuentes,False
803,nivel,2026-01-25 13:45:00,2026-01-25 13:45:00,1,"mad,etiqueta",,1502,6.29998779296875,0.0,0,indeterminado,baja,"señalado por mad,etiqueta sin una regla determinista que identifique la causa",conservar marcado hasta contrastar con otras fuentes,False
803,nivel,2026-01-25 14:27:00,2026-01-25 14:27:00,1,"mad,etiqueta",,1502,7.70001220703125,0.0,0,indeterminado,baja,"señalado por mad,etiqueta sin una regla determinista que identifique la causa",conservar marcado hasta contrastar con otras fuentes,False
803,nivel,2026-01-25 14:44:00,2026-01-25 14:44:00,1,"mad,etiqueta",,1502,7.0,0.0,0,indeterminado,baja,"señalado por mad,etiqueta sin una regla determinista que identifique la causa",conservar marcado hasta contrastar con otras fuentes,False
803,nivel,2026-01-25 15:00:00,2026-01-25 15:00:00,1,"mad,etiqueta",,1502,6.9000244140625,0.0,0,indeterminado,baja,"señalado por mad,etiqueta sin una regla determinista que identifique la causa",conservar marcado hasta contrastar con otras fuentes,False
803,nivel,2026-01-25 15:13:00,2026-01-25 15:13:00,1,"mad,etiqueta",,1502,7.0999755859375,0.0,0,indeterminado,baja,"señalado por mad,etiqueta sin una regla determinista que identifique la causa",conservar marcado hasta contrastar con otras fuentes,False
803,nivel,2026-01-25 15:37:00,2026-01-25 15:55:00,19,"mad,etiqueta",,1502,8.5999755859375,0.0,0,indeterminado,baja,"señalado por mad,etiqueta sin una regla determinista que identifique la causa",conservar marcado hasta contrastar con otras fuentes,False
803,nivel,2026-01-25 16:51:00,2026-01-25 16:51:00,1,"mad,etiqueta",,1502,5.60003662109375,0.0,0,indeterminado,baja,"señalado por mad,etiqueta sin una regla determinista que identifique la causa",conservar marcado hasta contrastar con otras fuentes,False
803,nivel,2026-01-25 18:01:00,2026-01-25 18:01:00,1,"reglas,etiqueta",R:nivel,1502,4.5,0.0,0,configuracion,media,nivel negativo sostenido: posible cota cero o desplazamiento del cero,corregir metadatos o configuración y reprocesar,False
803,nivel,2026-01-25 18:18:00,2026-01-25 18:18:00,1,"reglas,etiqueta",R:nivel,1502,4.20001220703125,0.0,0,configuracion,media,nivel negativo sostenido: posible cota cero o desplazamiento del cero,corregir metadatos o configuración y reprocesar,False
803,nivel,2026-01-25 18:34:00,2026-01-25 18:36:00,3,"reglas,mad,etiqueta",R:nivel,1502,6.0,0.0,0,indeterminado,baja,"señalado por reglas,mad,etiqueta sin una regla determinista que identifique la causa",conservar marcado hasta contrastar con otras fuentes,False
803,nivel,2026-01-25 18:51:00,2026-01-25 19:00:00,10,"reglas,mad,etiqueta",R:nivel,1502,5.4000244140625,0.0,0,indeterminado,baja,"señalado por reglas,mad,etiqueta sin una regla determinista que identifique la causa",conservar marcado hasta contrastar con otras fuentes,False
803,nivel,2026-01-25 19:12:00,2026-01-25 19:54:00,43,"reglas,mad,etiqueta",R:nivel,1502,6.10003662109375,0.0,0,indeterminado,baja,"señalado por reglas,mad,etiqueta sin una regla determinista que identifique la causa",conservar marcado hasta contrastar con otras fuentes,False
803,nivel,2026-01-25 20:08:00,2026-01-26 00:58:00,291,"reglas,mad,etiqueta",R:nivel,1502,8.4000244140625,0.0,0,configuracion,media,nivel negativo sostenido: posible cota cero o desplazamiento del cero,corregir metadatos o configuración y reprocesar,False
803,nivel,2026-01-26 01:25:00,2026-01-26 01:29:00,5,reglas,R:nivel,1,1.29998779296875,0.76,0,configuracion,media,nivel negativo sostenido: posible cota cero o desplazamiento del cero,corregir metadatos o configuración y reprocesar,False
803,nivel,2026-01-26 02:08:00,2026-01-26 02:19:00,12,reglas,R:nivel,1,1.29998779296875,1.27,0,configuracion,media,nivel negativo sostenido: posible cota cero o desplazamiento del cero,corregir metadatos o configuración y reprocesar,False
803,nivel,2026-01-26 02:42:00,2026-01-26 02:42:00,1,reglas,R:nivel,1,0.9000244140625,1.27,0,configuracion,media,nivel negativo sostenido: posible cota cero o desplazamiento del cero,corregir metadatos o configuración y reprocesar,False
803,nivel,2026-01-26 02:59:00,2026-01-26 03:02:00,4,"reglas,mad,etiqueta",R:nivel,1502,8.4000244140625,1.27,1,indeterminado,baja,"señalado por reglas,mad,etiqueta sin una regla determinista que identifique la causa",conservar marcado hasta contrastar con otras fuentes,False
803,nivel,2026-01-26 03:45:00,2026-01-26 03:50:00,6,"mad,etiqueta",,1502,9.29998779296875,1.27,0,indeterminado,baja,"señalado por mad,etiqueta sin una regla determinista que identifique la causa",conservar marcado hasta contrastar con otras fuentes,False
803,nivel,2026-01-26 04:05:00,2026-01-26 04:29:00,25,"reglas,mad,etiqueta",R:nivel,1502,9.0,1.27,0,indeterminado,baja,"señalado por reglas,mad,etiqueta sin una regla determinista que identifique la causa",conservar marcado hasta contrastar con otras fuentes,False
803,nivel,2026-01-26 05:15:00,2026-01-26 05:17:00,3,"reglas,mad,etiqueta",R:nivel,1502,4.9000244140625,1.27,0,configuracion,media,nivel negativo sostenido: posible cota cero o desplazamiento del cero,corregir metadatos o configuración y reprocesar,False
803,nivel,2026-01-26 05:43:00,2026-01-26 07:21:00,99,"reglas,mad,etiqueta",R:nivel,1502,7.5999755859375,1.27,0,configuracion,media,nivel negativo sostenido: posible cota cero o desplazamiento del cero,corregir metadatos o configuración y reprocesar,False
803,nivel,2026-01-26 07:53:00,2026-01-26 07:58:00,6,"mad,etiqueta",,1502,6.89996337890625,0.02,0,indeterminado,baja,"señalado por mad,etiqueta sin una regla determinista que identifique la causa",conservar marcado hasta contrastar con otras fuentes,False
803,nivel,2026-01-26 08:20:00,2026-01-26 08:20:00,1,reglas,R:nivel,1,3.9000244140625,0.0,0,configuracion,media,nivel negativo sostenido: posible cota cero o desplazamiento del cero,corregir metadatos o configuración y reprocesar,False
803,nivel,2026-01-26 08:56:00,2026-01-26 09:32:00,37,"mad,etiqueta",,1502,9.0,0.0,0,indeterminado,baja,"señalado por mad,etiqueta sin una regla determinista que identifique la causa",conservar marcado hasta contrastar con otras fuentes,False
803,nivel,2026-01-26 10:16:00,2026-01-26 10:17:00,2,"mad,etiqueta",,1502,6.4000244140625,0.0,0,indeterminado,baja,"señalado por mad,etiqueta sin una regla determinista que identifique la causa",conservar marcado hasta contrastar con otras fuentes,False
803,nivel,2026-01-26 11:06:00,2026-01-26 11:20:00,15,"mad,etiqueta",,1502,8.300048828125,0.0,0,indeterminado,baja,"señalado por mad,etiqueta sin una regla determinista que identifique la causa",conservar marcado hasta contrastar con otras fuentes,False
803,nivel,2026-01-26 11:48:00,2026-01-26 11:48:00,1,"mad,etiqueta",,1502,5.5999755859375,0.0,0,indeterminado,baja,"señalado por mad,etiqueta sin una regla determinista que identifique la causa",conservar marcado hasta contrastar con otras fuentes,False
803,nivel,2026-01-26 12:45:00,2026-01-26 12:56:00,12,"mad,etiqueta",,1502,9.70001220703125,0.0,0,indeterminado,baja,"señalado por mad,etiqueta sin una regla determinista que identifique la causa",conservar marcado hasta contrastar con otras fuentes,False
803,nivel,2026-01-26 13:08:00,2026-01-26 13:35:00,28,"mad,etiqueta",,1502,9.29998779296875,0.0,0,indeterminado,baja,"señalado por mad,etiqueta sin una regla determinista que identifique la causa",conservar marcado hasta contrastar con otras fuentes,False
803,nivel,2026-01-26 14:01:00,2026-01-26 14:01:00,1,"mad,etiqueta",,1502,6.29998779296875,0.0,0,indeterminado,baja,"señalado por mad,etiqueta sin una regla determinista que identifique la causa",conservar marcado hasta contrastar con otras fuentes,False
803,nivel,2026-01-26 14:51:00,2026-01-26 14:59:00,9,"mad,etiqueta",,1502,9.29998779296875,0.0,0,indeterminado,baja,"señalado por mad,etiqueta sin una regla determinista que identifique la causa",conservar marcado hasta contrastar con otras fuentes,False
803,nivel,2026-01-26 15:13:00,2026-01-26 15:20:00,8,"mad,etiqueta",,1502,9.5999755859375,0.0,0,indeterminado,baja,"señalado por mad,etiqueta sin una regla determinista que identifique la causa",conservar marcado hasta contrastar con otras fuentes,False
803,nivel,2026-01-26 16:52:00,2026-01-26 16:53:00,2,reglas,R:nivel,1,2.0999755859375,1.27,0,configuracion,media,nivel negativo sostenido: posible cota cero o desplazamiento del cero,corregir metadatos o configuración y reprocesar,False
803,nivel,2026-01-26 17:35:00,2026-01-26 17:37:00,3,reglas,R:nivel,1,1.60003662109375,1.27,0,configuracion,media,nivel negativo sostenido: posible cota cero o desplazamiento del cero,corregir metadatos o configuración y reprocesar,False
803,nivel,2026-01-26 17:49:00,2026-01-26 17:49:00,1,"mad,etiqueta",,1502,6.10003662109375,1.27,0,indeterminado,baja,"señalado por mad,etiqueta sin una regla determinista que identifique la causa",conservar marcado hasta contrastar con otras fuentes,False
803,nivel,2026-01-26 18:06:00,2026-01-26 18:07:00,2,"mad,etiqueta",,1502,7.5,1.27,0,indeterminado,baja,"señalado por mad,etiqueta sin una regla determinista que identifique la causa",conservar marcado hasta contrastar con otras fuentes,False
803,nivel,2026-01-26 18:22:00,2026-01-26 18:24:00,3,"mad,etiqueta",,1502,8.29998779296875,1.27,0,indeterminado,baja,"señalado por mad,etiqueta sin una regla determinista que identifique la causa",conservar marcado hasta contrastar con otras fuentes,False
803,nivel,2026-01-26 18:51:00,2026-01-26 18:54:00,4,reglas,R:nivel,1,2.70001220703125,1.27,0,indeterminado,baja,señalado por reglas sin una regla determinista que identifique la causa,conservar marcado hasta contrastar con otras fuentes,False
803,nivel,2026-01-26 19:30:00,2026-01-26 19:31:00,2,"mad,etiqueta",,1502,7.4000244140625,1.27,0,indeterminado,baja,"señalado por mad,etiqueta sin una regla determinista que identifique la causa",conservar marcado hasta contrastar con otras fuentes,False
803,nivel,2026-01-26 20:55:00,2026-01-26 21:04:00,10,"reglas,etiqueta",R:nivel,1502,3.20001220703125,1.27,0,indeterminado,baja,"señalado por reglas,etiqueta sin una regla determinista que identifique la causa",conservar marcado hasta contrastar con otras fuentes,False
803,nivel,2026-01-26 21:20:00,2026-01-26 21:43:00,24,"reglas,mad,etiqueta",R:nivel,151,7.0999755859375,1.27,0,indeterminado,baja,"señalado por reglas,mad,etiqueta sin una regla determinista que identifique la causa",conservar marcado hasta contrastar con otras fuentes,False
803,nivel,2026-01-27 04:34:00,2026-01-27 06:06:00,93,"reglas,mad,etiqueta",R:nivel,1502,4.5,32.26,0,indeterminado,baja,"señalado por reglas,mad,etiqueta sin una regla determinista que identifique la causa",conservar marcado hasta contrastar con otras fuentes,False
803,nivel,2026-01-27 06:27:00,2026-01-27 06:30:00,4,"reglas,etiqueta",R:nivel,1502,2.70001220703125,2.79,0,configuracion,media,nivel negativo sostenido: posible cota cero o desplazamiento del cero,corregir metadatos o configuración y reprocesar,False
803,nivel,2026-01-27 10:41:00,2026-01-27 10:41:00,1,"reglas,mad,etiqueta",R:nivel,1502,4.5,0.0,0,configuracion,media,nivel negativo sostenido: posible cota cero o desplazamiento del cero,corregir metadatos o configuración y reprocesar,False
803,nivel,2026-01-27 10:55:00,2026-01-27 11:24:00,30,"reglas,etiqueta",R:nivel,1502,4.4000244140625,0.0,0,indeterminado,baja,"señalado por reglas,etiqueta sin una regla determinista que identifique la causa",conservar marcado hasta contrastar con otras fuentes,False
803,nivel,2026-01-27 11:48:00,2026-01-27 11:48:00,1,"reglas,etiqueta",R:nivel,1502,3.5,0.01,0,configuracion,media,nivel negativo sostenido: posible cota cero o desplazamiento del cero,corregir metadatos o configuración y reprocesar,False
803,nivel,2026-01-27 13:01:00,2026-01-27 13:13:00,13,"reglas,etiqueta",R:nivel,1502,3.70001220703125,0.01,0,configuracion,media,nivel negativo sostenido: posible cota cero o desplazamiento del cero,corregir metadatos o configuración y reprocesar,False
803,nivel,2026-01-27 13:34:00,2026-01-27 13:34:00,1,"reglas,etiqueta",R:nivel,1502,4.300048828125,0.01,0,configuracion,media,nivel negativo sostenido: posible cota cero o desplazamiento del cero,corregir metadatos o configuración y reprocesar,False
803,nivel,2026-01-27 14:41:00,2026-01-27 14:41:00,1,"reglas,etiqueta",R:nivel,1502,3.79998779296875,0.01,0,configuracion,media,nivel negativo sostenido: posible cota cero o desplazamiento del cero,corregir metadatos o configuración y reprocesar,False
803,nivel,2026-01-27 16:48:00,2026-01-27 17:19:00,32,"reglas,mad,etiqueta",R:nivel,1502,5.4000244140625,2.79,0,indeterminado,baja,"señalado por reglas,mad,etiqueta sin una regla determinista que identifique la causa",conservar marcado hasta contrastar con otras fuentes,False
803,nivel,2026-01-27 17:32:00,2026-01-27 17:40:00,9,reglas,R:nivel,1,4.29998779296875,2.79,0,configuracion,media,nivel negativo sostenido: posible cota cero o desplazamiento del cero,corregir metadatos o configuración y reprocesar,False
803,nivel,2026-01-27 18:04:00,2026-01-27 18:17:00,14,"reglas,mad,etiqueta",R:nivel,1502,4.699951171875,2.79,0,indeterminado,baja,"señalado por reglas,mad,etiqueta sin una regla determinista que identifique la causa",conservar marcado hasta contrastar con otras fuentes,False
803,nivel,2026-01-27 18:45:00,2026-01-27 19:07:00,23,"reglas,mad,etiqueta",R:nivel,1502,6.20001220703125,2.79,0,indeterminado,baja,"señalado por reglas,mad,etiqueta sin una regla determinista que identifique la causa",conservar marcado hasta contrastar con otras fuentes,False
803,nivel,2026-01-27 21:01:00,2026-01-27 21:10:00,10,"reglas,mad,etiqueta",R:nivel,1502,5.5,2.79,0,indeterminado,baja,"señalado por reglas,mad,etiqueta sin una regla determinista que identifique la causa",conservar marcado hasta contrastar con otras fuentes,False
803,nivel,2026-01-28 00:56:00,2026-01-28 00:56:00,1,reglas,R:nivel,1,0.699951171875,0.0,0,configuracion,media,nivel negativo sostenido: posible cota cero o desplazamiento del cero,corregir metadatos o configuración y reprocesar,False
803,nivel,2026-01-28 01:19:00,2026-01-28 01:19:00,1,reglas,R:nivel,1,0.79998779296875,0.0,0,configuracion,media,nivel negativo sostenido: posible cota cero o desplazamiento del cero,corregir metadatos o configuración y reprocesar,False
803,nivel,2026-01-28 01:53:00,2026-01-28 01:53:00,1,reglas,R:nivel,1,0.70001220703125,0.0,0,configuracion,media,nivel negativo sostenido: posible cota cero o desplazamiento del cero,corregir metadatos o configuración y reprocesar,False
803,nivel,2026-01-28 02:51:00,2026-01-28 03:24:00,34,reglas,R:nivel,1,1.0999755859375,0.0,0,configuracion,media,nivel negativo sostenido: posible cota cero o desplazamiento del cero,corregir metadatos o configuración y reprocesar,False
803,nivel,2026-01-28 03:36:00,2026-01-28 03:44:00,9,reglas,R:nivel,1,0.699951171875,0.0,0,indeterminado,baja,señalado por reglas sin una regla determinista que identifique la causa,conservar marcado hasta contrastar con otras fuentes,False
803,nivel,2026-01-28 07:37:00,2026-01-28 07:56:00,20,"reglas,mad,etiqueta",R:nivel,1502,5.4000244140625,0.0,0,configuracion,media,nivel negativo sostenido: posible cota cero o desplazamiento del cero,corregir metadatos o configuración y reprocesar,False
803,nivel,2026-01-28 08:59:00,2026-01-28 08:59:00,1,"mad,etiqueta",,1502,4.70001220703125,0.0,0,indeterminado,baja,"señalado por mad,etiqueta sin una regla determinista que identifique la causa",conservar marcado hasta contrastar con otras fuentes,False
803,nivel,2026-01-28 11:35:00,2026-01-28 11:35:00,1,"mad,etiqueta",,1502,5.70001220703125,0.0,0,indeterminado,baja,"señalado por mad,etiqueta sin una regla determinista que identifique la causa",conservar marcado hasta contrastar con otras fuentes,False
803,nivel,2026-01-28 12:25:00,2026-01-28 12:28:00,4,"mad,etiqueta",,1502,8.70001220703125,0.0,0,indeterminado,baja,"señalado por mad,etiqueta sin una regla determinista que identifique la causa",conservar marcado hasta contrastar con otras fuentes,False
803,nivel,2026-01-28 12:54:00,2026-01-28 13:00:00,7,"mad,etiqueta",,1502,7.79998779296875,0.0,0,indeterminado,baja,"señalado por mad,etiqueta sin una regla determinista que identifique la causa",conservar marcado hasta contrastar con otras fuentes,False
803,nivel,2026-01-28 13:12:00,2026-01-28 13:34:00,23,"mad,etiqueta",,1502,8.29998779296875,0.0,0,indeterminado,baja,"señalado por mad,etiqueta sin una regla determinista que identifique la causa",conservar marcado hasta contrastar con otras fuentes,False
803,nivel,2026-01-28 13:59:00,2026-01-28 14:04:00,6,"mad,etiqueta",,1502,7.9000244140625,0.0,0,indeterminado,baja,"señalado por mad,etiqueta sin una regla determinista que identifique la causa",conservar marcado hasta contrastar con otras fuentes,False
803,nivel,2026-01-28 17:40:00,2026-01-28 17:45:00,6,reglas,R:nivel,1,1.79998779296875,9.65,0,configuracion,media,nivel negativo sostenido: posible cota cero o desplazamiento del cero,corregir metadatos o configuración y reprocesar,False
803,nivel,2026-01-28 18:01:00,2026-01-28 18:02:00,2,reglas,R:nivel,1,1.0999755859375,9.65,0,configuracion,media,nivel negativo sostenido: posible cota cero o desplazamiento del cero,corregir metadatos o configuración y reprocesar,False
803,nivel,2026-01-28 18:30:00,2026-01-28 19:24:00,55,reglas,R:nivel,1,1.4000244140625,9.65,0,configuracion,media,nivel negativo sostenido: posible cota cero o desplazamiento del cero,corregir metadatos o configuración y reprocesar,False
803,nivel,2026-01-28 19:48:00,2026-01-28 19:59:00,12,"reglas,etiqueta",R:nivel,1502,3.70001220703125,9.65,0,configuracion,media,nivel negativo sostenido: posible cota cero o desplazamiento del cero,corregir metadatos o configuración y reprocesar,False
803,nivel,2026-01-28 20:20:00,2026-01-28 21:07:00,48,"reglas,etiqueta",R:nivel,1502,3.0999755859375,9.65,0,configuracion,media,nivel negativo sostenido: posible cota cero o desplazamiento del cero,corregir metadatos o configuración y reprocesar,False
803,nivel,2026-01-28 21:52:00,2026-01-28 21:54:00,3,"reglas,etiqueta",R:nivel,1502,2.5,0.51,0,configuracion,media,nivel negativo sostenido: posible cota cero o desplazamiento del cero,corregir metadatos o configuración y reprocesar,False
803,nivel,2026-01-28 23:03:00,2026-01-28 23:03:00,1,reglas,R:nivel,1,1.0999755859375,0.05,0,configuracion,media,nivel negativo sostenido: posible cota cero o desplazamiento del cero,corregir metadatos o configuración y reprocesar,False
803,nivel,2026-01-29 04:15:00,2026-01-29 05:05:00,51,reglas,R:nivel,1,1.60003662109375,0.0,0,configuracion,media,nivel negativo sostenido: posible cota cero o desplazamiento del cero,corregir metadatos o configuración y reprocesar,False
803,nivel,2026-01-29 07:16:00,2026-01-29 07:41:00,26,reglas,R:nivel,1,1.0999755859375,0.0,0,configuracion,media,nivel negativo sostenido: posible cota cero o desplazamiento del cero,corregir metadatos o configuración y reprocesar,False
803,nivel,2026-01-29 09:04:00,2026-01-29 09:04:00,1,reglas,R:nivel,1,1.70001220703125,0.0,0,configuracion,media,nivel negativo sostenido: posible cota cero o desplazamiento del cero,corregir metadatos o configuración y reprocesar,False
803,nivel,2026-01-29 09:45:00,2026-01-29 09:52:00,8,"reglas,etiqueta",R:nivel,1502,2.4000244140625,0.0,0,indeterminado,baja,"señalado por reglas,etiqueta sin una regla determinista que identifique la causa",conservar marcado hasta contrastar con otras fuentes,False
803,nivel,2026-01-29 10:11:00,2026-01-29 10:11:00,1,"mad,etiqueta",,1502,5.20001220703125,0.0,0,indeterminado,baja,"señalado por mad,etiqueta sin una regla determinista que identifique la causa",conservar marcado hasta contrastar con otras fuentes,False
803,nivel,2026-01-29 10:24:00,2026-01-29 10:24:00,1,"mad,etiqueta",,1502,4.5999755859375,0.0,0,indeterminado,baja,"señalado por mad,etiqueta sin una regla determinista que identifique la causa",conservar marcado hasta contrastar con otras fuentes,False
803,nivel,2026-01-29 10:55:00,2026-01-29 11:14:00,20,"reglas,mad,etiqueta",R:nivel,1502,5.9000244140625,0.0,0,indeterminado,baja,"señalado por reglas,mad,etiqueta sin una regla determinista que identifique la causa",conservar marcado hasta contrastar con otras fuentes,False
803,nivel,2026-01-29 11:33:00,2026-01-29 11:33:00,1,reglas,R:nivel,1,2.9000244140625,0.01,0,configuracion,media,nivel negativo sostenido: posible cota cero o desplazamiento del cero,corregir metadatos o configuración y reprocesar,False
803,nivel,2026-01-29 11:56:00,2026-01-29 12:04:00,9,"mad,etiqueta",,1502,8.29998779296875,0.01,0,indeterminado,baja,"señalado por mad,etiqueta sin una regla determinista que identifique la causa",conservar marcado hasta contrastar con otras fuentes,False
803,nivel,2026-01-29 12:17:00,2026-01-29 12:17:00,1,reglas,R:nivel,1,3.0999755859375,0.01,0,configuracion,media,nivel negativo sostenido: posible cota cero o desplazamiento del cero,corregir metadatos o configuración y reprocesar,False
803,nivel,2026-01-29 12:33:00,2026-01-29 12:33:00,1,"mad,etiqueta",,1502,5.0999755859375,0.01,0,indeterminado,baja,"señalado por mad,etiqueta sin una regla determinista que identifique la causa",conservar marcado hasta contrastar con otras fuentes,False
803,nivel,2026-01-29 12:57:00,2026-01-29 12:57:00,1,"mad,etiqueta",,1502,6.5999755859375,0.01,0,indeterminado,baja,"señalado por mad,etiqueta sin una regla determinista que identifique la causa",conservar marcado hasta contrastar con otras fuentes,False
803,nivel,2026-01-29 13:10:00,2026-01-29 13:20:00,11,"mad,etiqueta",,1502,6.60003662109375,0.01,0,indeterminado,baja,"señalado por mad,etiqueta sin una regla determinista que identifique la causa",conservar marcado hasta contrastar con otras fuentes,False
803,nivel,2026-01-29 13:45:00,2026-01-29 13:54:00,10,"mad,etiqueta",,1502,6.0999755859375,0.01,0,indeterminado,baja,"señalado por mad,etiqueta sin una regla determinista que identifique la causa",conservar marcado hasta contrastar con otras fuentes,False
803,nivel,2026-01-29 14:20:00,2026-01-29 14:20:00,1,"mad,etiqueta",,1502,7.20001220703125,0.01,0,indeterminado,baja,"señalado por mad,etiqueta sin una regla determinista que identifique la causa",conservar marcado hasta contrastar con otras fuentes,False
803,nivel,2026-01-29 14:41:00,2026-01-29 14:41:00,1,"mad,etiqueta",,1502,7.39996337890625,0.01,0,indeterminado,baja,"señalado por mad,etiqueta sin una regla determinista que identifique la causa",conservar marcado hasta contrastar con otras fuentes,False
803,nivel,2026-01-29 15:00:00,2026-01-29 15:33:00,34,"mad,etiqueta",,1502,7.70001220703125,0.01,0,indeterminado,baja,"señalado por mad,etiqueta sin una regla determinista que identifique la causa",conservar marcado hasta contrastar con otras fuentes,False
803,nivel,2026-01-29 15:53:00,2026-01-29 16:01:00,9,"mad,etiqueta",,1502,6.4000244140625,0.01,0,indeterminado,baja,"señalado por mad,etiqueta sin una regla determinista que identifique la causa",conservar marcado hasta contrastar con otras fuentes,False
803,nivel,2026-01-29 16:25:00,2026-01-29 16:40:00,16,"mad,etiqueta",,1502,6.10003662109375,0.01,0,indeterminado,baja,"señalado por mad,etiqueta sin una regla determinista que identifique la causa",conservar marcado hasta contrastar con otras fuentes,False
803,nivel,2026-01-29 18:02:00,2026-01-29 18:02:00,1,"mad,etiqueta",,1502,4.5,0.0,0,indeterminado,baja,"señalado por mad,etiqueta sin una regla determinista que identifique la causa",conservar marcado hasta contrastar con otras fuentes,False
803,nivel,2026-01-29 18:18:00,2026-01-29 18:18:00,1,"mad,etiqueta",,1502,4.39996337890625,0.0,0,indeterminado,baja,"señalado por mad,etiqueta sin una regla determinista que identifique la causa",conservar marcado hasta contrastar con otras fuentes,False
803,nivel,2026-01-29 18:34:00,2026-01-29 18:34:00,1,"mad,etiqueta",,1502,4.5,0.0,0,indeterminado,baja,"señalado por mad,etiqueta sin una regla determinista que identifique la causa",conservar marcado hasta contrastar con otras fuentes,False
803,nivel,2026-01-29 20:37:00,2026-01-29 20:52:00,16,"mad,etiqueta",,1502,5.29998779296875,0.0,0,indeterminado,baja,"señalado por mad,etiqueta sin una regla determinista que identifique la causa",conservar marcado hasta contrastar con otras fuentes,False
803,nivel,2026-01-29 21:14:00,2026-01-29 21:14:00,1,"mad,etiqueta",,1502,5.0,0.0,0,indeterminado,baja,"señalado por mad,etiqueta sin una regla determinista que identifique la causa",conservar marcado hasta contrastar con otras fuentes,False
803,nivel,2026-01-29 21:35:00,2026-01-29 21:37:00,3,"mad,etiqueta",,1502,5.0999755859375,0.0,0,indeterminado,baja,"señalado por mad,etiqueta sin una regla determinista que identifique la causa",conservar marcado hasta contrastar con otras fuentes,False
803,nivel,2026-01-29 22:14:00,2026-01-29 22:18:00,5,"mad,etiqueta",,1502,6.9000244140625,0.0,0,indeterminado,baja,"señalado por mad,etiqueta sin una regla determinista que identifique la causa",conservar marcado hasta contrastar con otras fuentes,False
803,nivel,2026-01-29 22:40:00,2026-01-29 22:43:00,4,"mad,etiqueta",,1502,7.70001220703125,0.0,0,indeterminado,baja,"señalado por mad,etiqueta sin una regla determinista que identifique la causa",conservar marcado hasta contrastar con otras fuentes,False
803,nivel,2026-01-29 23:02:00,2026-01-29 23:03:00,2,"mad,etiqueta",,1502,7.0999755859375,0.0,0,indeterminado,baja,"señalado por mad,etiqueta sin una regla determinista que identifique la causa",conservar marcado hasta contrastar con otras fuentes,False
803,nivel,2026-01-30 00:22:00,2026-01-30 00:28:00,7,reglas,R:nivel,1,0.9000244140625,0.0,0,configuracion,media,nivel negativo sostenido: posible cota cero o desplazamiento del cero,corregir metadatos o configuración y reprocesar,False
803,nivel,2026-01-30 00:52:00,2026-01-30 00:52:00,1,reglas,R:nivel,1,0.699951171875,0.0,0,configuracion,media,nivel negativo sostenido: posible cota cero o desplazamiento del cero,corregir metadatos o configuración y reprocesar,False
803,nivel,2026-01-30 01:04:00,2026-01-30 01:44:00,41,"reglas,mad,etiqueta",R:nivel,1502,7.20001220703125,0.04,0,configuracion,media,nivel negativo sostenido: posible cota cero o desplazamiento del cero,corregir metadatos o configuración y reprocesar,False
803,nivel,2026-01-30 01:58:00,2026-01-30 01:58:00,1,reglas,R:nivel,1,0.9000244140625,0.04,0,configuracion,media,nivel negativo sostenido: posible cota cero o desplazamiento del cero,corregir metadatos o configuración y reprocesar,False
803,nivel,2026-01-30 02:12:00,2026-01-30 02:12:00,1,reglas,R:nivel,1,1.5,0.04,0,configuracion,media,nivel negativo sostenido: posible cota cero o desplazamiento del cero,corregir metadatos o configuración y reprocesar,False
803,nivel,2026-01-30 02:45:00,2026-01-30 02:48:00,4,reglas,R:nivel,1,2.9000244140625,0.12,0,indeterminado,baja,señalado por reglas sin una regla determinista que identifique la causa,conservar marcado hasta contrastar con otras fuentes,False
803,nivel,2026-01-30 04:16:00,2026-01-30 04:18:00,3,reglas,R:nivel,1,2.5,0.76,0,configuracion,media,nivel negativo sostenido: posible cota cero o desplazamiento del cero,corregir metadatos o configuración y reprocesar,False
803,nivel,2026-01-30 04:37:00,2026-01-30 04:37:00,1,reglas,R:nivel,1,2.5,0.76,0,configuracion,media,nivel negativo sostenido: posible cota cero o desplazamiento del cero,corregir metadatos o configuración y reprocesar,False
803,nivel,2026-01-30 04:56:00,2026-01-30 05:24:00,29,"reglas,mad,etiqueta",R:nivel,1502,5.0999755859375,0.76,0,indeterminado,baja,"señalado por reglas,mad,etiqueta sin una regla determinista que identifique la causa",conservar marcado hasta contrastar con otras fuentes,False
803,nivel,2026-01-30 08:31:00,2026-01-30 08:31:00,1,reglas,R:nivel,1,2.0,0.76,0,configuracion,media,nivel negativo sostenido: posible cota cero o desplazamiento del cero,corregir metadatos o configuración y reprocesar,False
803,nivel,2026-01-30 09:21:00,2026-01-30 09:35:00,15,"mad,etiqueta",,1502,7.10003662109375,0.25,0,indeterminado,baja,"señalado por mad,etiqueta sin una regla determinista que identifique la causa",conservar marcado hasta contrastar con otras fuentes,False
803,nivel,2026-01-30 09:50:00,2026-01-30 09:50:00,1,"mad,etiqueta",,1502,5.20001220703125,0.01,0,indeterminado,baja,"señalado por mad,etiqueta sin una regla determinista que identifique la causa",conservar marcado hasta contrastar con otras fuentes,False
803,nivel,2026-01-30 12:53:00,2026-01-30 13:03:00,11,"mad,etiqueta",,1502,5.79998779296875,0.51,0,indeterminado,baja,"señalado por mad,etiqueta sin una regla determinista que identifique la causa",conservar marcado hasta contrastar con otras fuentes,False
803,nivel,2026-01-30 13:30:00,2026-01-30 13:31:00,2,"mad,etiqueta",,1502,6.79998779296875,0.51,0,indeterminado,baja,"señalado por mad,etiqueta sin una regla determinista que identifique la causa",conservar marcado hasta contrastar con otras fuentes,False
803,nivel,2026-01-30 13:45:00,2026-01-30 13:45:00,1,"mad,etiqueta",,1502,6.79998779296875,0.51,0,indeterminado,baja,"señalado por mad,etiqueta sin una regla determinista que identifique la causa",conservar marcado hasta contrastar con otras fuentes,False
803,nivel,2026-01-30 14:34:00,2026-01-30 14:34:00,1,"mad,etiqueta",,1502,7.29998779296875,0.51,0,indeterminado,baja,"señalado por mad,etiqueta sin una regla determinista que identifique la causa",conservar marcado hasta contrastar con otras fuentes,False
803,nivel,2026-01-30 15:24:00,2026-01-30 15:43:00,20,"mad,etiqueta",,1502,10.0999755859375,0.51,0,indeterminado,baja,"señalado por mad,etiqueta sin una regla determinista que identifique la causa",conservar marcado hasta contrastar con otras fuentes,False
803,nivel,2026-01-30 18:02:00,2026-01-30 18:04:00,3,reglas,R:nivel,1,4.39996337890625,2.03,0,configuracion,media,nivel negativo sostenido: posible cota cero o desplazamiento del cero,corregir metadatos o configuración y reprocesar,False
803,nivel,2026-01-30 18:19:00,2026-01-30 18:20:00,2,reglas,R:nivel,1,4.29998779296875,2.03,0,configuracion,media,nivel negativo sostenido: posible cota cero o desplazamiento del cero,corregir metadatos o configuración y reprocesar,False
803,nivel,2026-01-30 19:35:00,2026-01-30 19:43:00,9,"reglas,etiqueta",R:nivel,1502,3.10003662109375,2.03,0,indeterminado,baja,"señalado por reglas,etiqueta sin una regla determinista que identifique la causa",conservar marcado hasta contrastar con otras fuentes,False
803,nivel,2026-01-30 20:11:00,2026-01-30 20:17:00,7,"mad,etiqueta",,1502,6.199951171875,2.03,0,indeterminado,baja,"señalado por mad,etiqueta sin una regla determinista que identifique la causa",conservar marcado hasta contrastar con otras fuentes,False
803,nivel,2026-01-30 23:09:00,2026-01-30 23:16:00,8,reglas,R:nivel,1,0.60003662109375,0.51,0,configuracion,media,nivel negativo sostenido: posible cota cero o desplazamiento del cero,corregir metadatos o configuración y reprocesar,False
803,nivel,2026-01-30 23:54:00,2026-01-31 01:11:00,78,reglas,R:nivel,1,1.9000244140625,0.02,0,configuracion,media,nivel negativo sostenido: posible cota cero o desplazamiento del cero,corregir metadatos o configuración y reprocesar,False
803,nivel,2026-01-31 01:32:00,2026-01-31 03:31:00,120,"reglas,mad,etiqueta",R:nivel,1502,9.89996337890625,0.08,0,configuracion,media,nivel negativo sostenido: posible cota cero o desplazamiento del cero,corregir metadatos o configuración y reprocesar,False
803,nivel,2026-01-31 03:54:00,2026-01-31 04:08:00,15,"mad,etiqueta",,1502,5.0999755859375,1.78,0,indeterminado,baja,"señalado por mad,etiqueta sin una regla determinista que identifique la causa",conservar marcado hasta contrastar con otras fuentes,False
803,nivel,2026-01-31 04:29:00,2026-01-31 04:30:00,2,"reglas,etiqueta",R:nivel,1502,1.60003662109375,2.54,0,configuracion,media,nivel negativo sostenido: posible cota cero o desplazamiento del cero,corregir metadatos o configuración y reprocesar,False
803,nivel,2026-01-31 06:12:00,2026-01-31 06:22:00,11,reglas,R:nivel,1,1.20001220703125,2.54,0,indeterminado,baja,señalado por reglas sin una regla determinista que identifique la causa,conservar marcado hasta contrastar con otras fuentes,False
803,nivel,2026-01-31 06:36:00,2026-01-31 06:45:00,10,reglas,R:nivel,1,1.10003662109375,2.54,0,indeterminado,baja,señalado por reglas sin una regla determinista que identifique la causa,conservar marcado hasta contrastar con otras fuentes,False
803,nivel,2026-01-31 08:02:00,2026-01-31 08:05:00,4,reglas,R:nivel,1,1.4000244140625,2.29,0,configuracion,media,nivel negativo sostenido: posible cota cero o desplazamiento del cero,corregir metadatos o configuración y reprocesar,False
803,nivel,2026-01-31 08:28:00,2026-01-31 08:58:00,31,"reglas,etiqueta",R:nivel,1502,2.9000244140625,2.29,0,indeterminado,baja,"señalado por reglas,etiqueta sin una regla determinista que identifique la causa",conservar marcado hasta contrastar con otras fuentes,False
803,nivel,2026-01-31 09:11:00,2026-01-31 09:23:00,13,reglas,R:nivel,1,2.79998779296875,2.29,0,configuracion,media,nivel negativo sostenido: posible cota cero o desplazamiento del cero,corregir metadatos o configuración y reprocesar,False
803,nivel,2026-01-31 09:36:00,2026-01-31 09:57:00,22,"reglas,mad,etiqueta",R:nivel,1502,4.699951171875,2.03,0,indeterminado,baja,"señalado por reglas,mad,etiqueta sin una regla determinista que identifique la causa",conservar marcado hasta contrastar con otras fuentes,False
803,nivel,2026-01-31 10:48:00,2026-01-31 10:48:00,1,reglas,R:nivel,1,3.29998779296875,0.01,0,configuracion,media,nivel negativo sostenido: posible cota cero o desplazamiento del cero,corregir metadatos o configuración y reprocesar,False
803,nivel,2026-01-31 11:22:00,2026-01-31 12:07:00,46,"mad,etiqueta",,1502,8.20001220703125,0.01,0,indeterminado,baja,"señalado por mad,etiqueta sin una regla determinista que identifique la causa",conservar marcado hasta contrastar con otras fuentes,False
803,nivel,2026-01-31 12:19:00,2026-01-31 12:19:00,1,"mad,etiqueta",,1502,7.60003662109375,0.01,0,indeterminado,baja,"señalado por mad,etiqueta sin una regla determinista que identifique la causa",conservar marcado hasta contrastar con otras fuentes,False
803,nivel,2026-01-31 12:45:00,2026-01-31 13:16:00,32,"mad,etiqueta",,1502,8.29998779296875,0.01,0,indeterminado,baja,"señalado por mad,etiqueta sin una regla determinista que identifique la causa",conservar marcado hasta contrastar con otras fuentes,False
803,nivel,2026-01-31 13:52:00,2026-01-31 13:52:00,1,"mad,etiqueta",,1502,6.4000244140625,0.01,0,indeterminado,baja,"señalado por mad,etiqueta sin una regla determinista que identifique la causa",conservar marcado hasta contrastar con otras fuentes,False
803,nivel,2026-01-31 14:12:00,2026-01-31 14:28:00,17,"mad,etiqueta",,1502,8.5,0.01,0,indeterminado,baja,"señalado por mad,etiqueta sin una regla determinista que identifique la causa",conservar marcado hasta contrastar con otras fuentes,False
803,nivel,2026-01-31 15:05:00,2026-01-31 15:40:00,36,"mad,etiqueta",,1502,10.0999755859375,0.01,0,indeterminado,baja,"señalado por mad,etiqueta sin una regla determinista que identifique la causa",conservar marcado hasta contrastar con otras fuentes,False
803,nivel,2026-01-31 16:10:00,2026-01-31 16:10:00,1,"mad,etiqueta",,1502,5.5999755859375,0.01,0,indeterminado,baja,"señalado por mad,etiqueta sin una regla determinista que identifique la causa",conservar marcado hasta contrastar con otras fuentes,False
803,nivel,2026-01-31 17:43:00,2026-01-31 17:47:00,5,"mad,etiqueta",,1502,9.0999755859375,0.0,0,indeterminado,baja,"señalado por mad,etiqueta sin una regla determinista que identifique la causa",conservar marcado hasta contrastar con otras fuentes,False
803,nivel,2026-01-31 18:38:00,2026-01-31 18:39:00,2,reglas,R:nivel,1,2.199951171875,0.0,0,configuracion,media,nivel negativo sostenido: posible cota cero o desplazamiento del cero,corregir metadatos o configuración y reprocesar,False
803,nivel,2026-01-31 19:24:00,2026-01-31 19:25:00,2,reglas,R:nivel,1,2.4000244140625,0.0,0,configuracion,media,nivel negativo sostenido: posible cota cero o desplazamiento del cero,corregir metadatos o configuración y reprocesar,False
803,nivel,2026-01-31 20:01:00,2026-01-31 20:01:00,1,reglas,R:nivel,1,2.29998779296875,0.0,0,configuracion,media,nivel negativo sostenido: posible cota cero o desplazamiento del cero,corregir metadatos o configuración y reprocesar,False
803,nivel,2026-01-31 20:15:00,2026-01-31 20:15:00,1,"mad,etiqueta",,1502,6.0,0.0,0,indeterminado,baja,"señalado por mad,etiqueta sin una regla determinista que identifique la causa",conservar marcado hasta contrastar con otras fuentes,False
803,nivel,2026-01-31 20:31:00,2026-01-31 20:53:00,23,"reglas,mad,etiqueta",R:nivel,1502,8.5999755859375,0.0,0,indeterminado,baja,"señalado por reglas,mad,etiqueta sin una regla determinista que identifique la causa",conservar marcado hasta contrastar con otras fuentes,False
803,nivel,2026-01-31 22:18:00,2026-01-31 22:19:00,2,"mad,etiqueta",,1502,6.300048828125,0.0,0,indeterminado,baja,"señalado por mad,etiqueta sin una regla determinista que identifique la causa",conservar marcado hasta contrastar con otras fuentes,False
803,nivel,2026-01-31 23:30:00,2026-01-31 23:50:00,21,"reglas,mad,etiqueta",R:nivel,1502,9.699951171875,0.0,0,indeterminado,baja,"señalado por reglas,mad,etiqueta sin una regla determinista que identifique la causa",conservar marcado hasta contrastar con otras fuentes,False
803,nivel,2026-02-01 00:09:00,2026-02-01 00:14:00,6,reglas,R:nivel,1,0.5999755859375,0.0,0,indeterminado,baja,señalado por reglas sin una regla determinista que identifique la causa,conservar marcado hasta contrastar con otras fuentes,False
803,nivel,2026-02-01 00:29:00,2026-02-01 01:18:00,50,"reglas,mad,etiqueta",R:nivel,1502,6.20001220703125,0.0,0,indeterminado,baja,"señalado por reglas,mad,etiqueta sin una regla determinista que identifique la causa",conservar marcado hasta contrastar con otras fuentes,False
803,nivel,2026-02-01 01:34:00,2026-02-01 02:15:00,42,reglas,R:nivel,1,0.5999755859375,0.0,0,configuracion,media,nivel negativo sostenido: posible cota cero o desplazamiento del cero,corregir metadatos o configuración y reprocesar,False
803,nivel,2026-02-01 02:37:00,2026-02-01 03:22:00,46,reglas,R:nivel,1,0.29998779296875,0.0,0,indeterminado,baja,señalado por reglas sin una regla determinista que identifique la causa,conservar marcado hasta contrastar con otras fuentes,False
803,nivel,2026-02-01 03:39:00,2026-02-01 04:14:00,36,reglas,R:nivel,1,0.199951171875,0.02,0,indeterminado,baja,señalado por reglas sin una regla determinista que identifique la causa,conservar marcado hasta contrastar con otras fuentes,False
803,nivel,2026-02-01 04:40:00,2026-02-01 04:41:00,2,reglas,R:nivel,1,0.199951171875,0.04,0,configuracion,media,nivel negativo sostenido: posible cota cero o desplazamiento del cero,corregir metadatos o configuración y reprocesar,False
803,nivel,2026-02-01 05:06:00,2026-02-01 05:10:00,5,reglas,R:nivel,1,0.29998779296875,0.04,0,indeterminado,baja,señalado por reglas sin una regla determinista que identifique la causa,conservar marcado hasta contrastar con otras fuentes,False
803,nivel,2026-02-01 07:15:00,2026-02-01 07:16:00,2,"mad,etiqueta",,1502,8.300048828125,0.15,0,indeterminado,baja,"señalado por mad,etiqueta sin una regla determinista que identifique la causa",conservar marcado hasta contrastar con otras fuentes,False
803,nivel,2026-02-01 07:42:00,2026-02-01 07:44:00,3,"mad,etiqueta",,1502,8.5,0.19,0,indeterminado,baja,"señalado por mad,etiqueta sin una regla determinista que identifique la causa",conservar marcado hasta contrastar con otras fuentes,False
803,nivel,2026-02-01 08:03:00,2026-02-01 08:05:00,3,"mad,etiqueta",,1502,8.5999755859375,0.2,0,indeterminado,baja,"señalado por mad,etiqueta sin una regla determinista que identifique la causa",conservar marcado hasta contrastar con otras fuentes,False
803,nivel,2026-02-01 08:54:00,2026-02-01 09:09:00,16,"mad,etiqueta",,1502,8.300048828125,0.25,0,indeterminado,baja,"señalado por mad,etiqueta sin una regla determinista que identifique la causa",conservar marcado hasta contrastar con otras fuentes,False
803,nivel,2026-02-01 09:23:00,2026-02-01 09:31:00,9,"mad,etiqueta",,1502,5.0999755859375,0.28,0,indeterminado,baja,"señalado por mad,etiqueta sin una regla determinista que identifique la causa",conservar marcado hasta contrastar con otras fuentes,False
803,nivel,2026-02-01 10:03:00,2026-02-01 10:40:00,38,"mad,etiqueta",,1502,7.29998779296875,0.28,0,indeterminado,baja,"señalado por mad,etiqueta sin una regla determinista que identifique la causa",conservar marcado hasta contrastar con otras fuentes,False
803,nivel,2026-02-01 10:54:00,2026-02-01 11:02:00,9,"mad,etiqueta",,1502,5.70001220703125,0.3,0,indeterminado,baja,"señalado por mad,etiqueta sin una regla determinista que identifique la causa",conservar marcado hasta contrastar con otras fuentes,False
803,nivel,2026-02-01 11:21:00,2026-02-01 11:36:00,16,"mad,etiqueta",,1502,6.199951171875,0.3,0,indeterminado,baja,"señalado por mad,etiqueta sin una regla determinista que identifique la causa",conservar marcado hasta contrastar con otras fuentes,False
803,nivel,2026-02-01 12:12:00,2026-02-01 12:16:00,5,"mad,etiqueta",,1502,8.5,0.23,0,indeterminado,baja,"señalado por mad,etiqueta sin una regla determinista que identifique la causa",conservar marcado hasta contrastar con otras fuentes,False
803,nivel,2026-02-01 12:38:00,2026-02-01 12:46:00,9,"mad,etiqueta",,1502,9.5,0.26,0,indeterminado,baja,"señalado por mad,etiqueta sin una regla determinista que identifique la causa",conservar marcado hasta contrastar con otras fuentes,False
803,nivel,2026-02-01 13:27:00,2026-02-01 13:32:00,6,"mad,etiqueta",,1502,8.89996337890625,0.24,0,indeterminado,baja,"señalado por mad,etiqueta sin una regla determinista que identifique la causa",conservar marcado hasta contrastar con otras fuentes,False
803,nivel,2026-02-01 19:01:00,2026-02-01 19:09:00,9,"reglas,etiqueta",R:nivel,1502,4.29998779296875,7.87,0,indeterminado,baja,"señalado por reglas,etiqueta sin una regla determinista que identifique la causa",conservar marcado hasta contrastar con otras fuentes,False
803,nivel,2026-02-01 20:17:00,2026-02-01 20:19:00,3,"reglas,mad",R:nivel,1,4.89996337890625,7.87,0,configuracion,media,nivel negativo sostenido: posible cota cero o desplazamiento del cero,corregir metadatos o configuración y reprocesar,False
803,nivel,2026-02-01 23:17:00,2026-02-01 23:17:00,1,"mad,etiqueta",,1502,4.79998779296875,1.52,0,indeterminado,baja,"señalado por mad,etiqueta sin una regla determinista que identifique la causa",conservar marcado hasta contrastar con otras fuentes,False
803,nivel,2026-02-02 05:33:00,2026-02-02 05:43:00,11,"reglas,etiqueta",R:nivel,1502,3.20001220703125,0.51,0,indeterminado,baja,"señalado por reglas,etiqueta sin una regla determinista que identifique la causa",conservar marcado hasta contrastar con otras fuentes,False
803,nivel,2026-02-02 06:19:00,2026-02-02 06:21:00,3,reglas,R:nivel,1,1.4000244140625,0.51,0,configuracion,media,nivel negativo sostenido: posible cota cero o desplazamiento del cero,corregir metadatos o configuración y reprocesar,False
803,nivel,2026-02-02 06:45:00,2026-02-02 06:45:00,1,reglas,R:nivel,1,1.10003662109375,0.51,0,configuracion,media,nivel negativo sostenido: posible cota cero o desplazamiento del cero,corregir metadatos o configuración y reprocesar,False
803,nivel,2026-02-02 07:16:00,2026-02-02 07:31:00,16,"reglas,mad,etiqueta",R:nivel,1502,6.20001220703125,0.51,0,indeterminado,baja,"señalado por reglas,mad,etiqueta sin una regla determinista que identifique la causa",conservar marcado hasta contrastar con otras fuentes,False
803,nivel,2026-02-02 07:47:00,2026-02-02 07:47:00,1,reglas,R:nivel,1,1.0,0.25,0,configuracion,media,nivel negativo sostenido: posible cota cero o desplazamiento del cero,corregir metadatos o configuración y reprocesar,False
803,nivel,2026-02-02 09:12:00,2026-02-02 09:18:00,7,"mad,etiqueta",,1502,7.5,0.03,0,indeterminado,baja,"señalado por mad,etiqueta sin una regla determinista que identifique la causa",conservar marcado hasta contrastar con otras fuentes,False
803,nivel,2026-02-02 09:46:00,2026-02-02 09:46:00,1,"mad,etiqueta",,1502,4.5999755859375,0.0,0,indeterminado,baja,"señalado por mad,etiqueta sin una regla determinista que identifique la causa",conservar marcado hasta contrastar con otras fuentes,False
803,nivel,2026-02-02 09:58:00,2026-02-02 10:10:00,13,"mad,etiqueta",,1502,9.10003662109375,0.0,0,indeterminado,baja,"señalado por mad,etiqueta sin una regla determinista que identifique la causa",conservar marcado hasta contrastar con otras fuentes,False
803,nivel,2026-02-02 11:04:00,2026-02-02 11:24:00,21,"mad,etiqueta",,1502,6.10003662109375,0.0,0,indeterminado,baja,"señalado por mad,etiqueta sin una regla determinista que identifique la causa",conservar marcado hasta contrastar con otras fuentes,False
803,nivel,2026-02-02 11:37:00,2026-02-02 11:48:00,12,"mad,etiqueta",,1502,8.0999755859375,0.0,0,indeterminado,baja,"señalado por mad,etiqueta sin una regla determinista que identifique la causa",conservar marcado hasta contrastar con otras fuentes,False
803,nivel,2026-02-02 12:03:00,2026-02-02 12:04:00,2,"mad,etiqueta",,1502,7.70001220703125,0.0,0,indeterminado,baja,"señalado por mad,etiqueta sin una regla determinista que identifique la causa",conservar marcado hasta contrastar con otras fuentes,False
803,nivel,2026-02-02 12:30:00,2026-02-02 12:38:00,9,"mad,etiqueta",,1502,6.70001220703125,0.0,0,indeterminado,baja,"señalado por mad,etiqueta sin una regla determinista que identifique la causa",conservar marcado hasta contrastar con otras fuentes,False
803,nivel,2026-02-02 13:00:00,2026-02-02 13:00:00,1,"mad,etiqueta",,1502,6.0,0.02,0,indeterminado,baja,"señalado por mad,etiqueta sin una regla determinista que identifique la causa",conservar marcado hasta contrastar con otras fuentes,False
803,nivel,2026-02-02 13:30:00,2026-02-02 13:30:00,1,"mad,etiqueta",,1502,6.9000244140625,0.05,0,indeterminado,baja,"señalado por mad,etiqueta sin una regla determinista que identifique la causa",conservar marcado hasta contrastar con otras fuentes,False
803,nivel,2026-02-02 15:46:00,2026-02-02 15:48:00,3,reglas,R:nivel,1,2.5,1.02,0,configuracion,media,nivel negativo sostenido: posible cota cero o desplazamiento del cero,corregir metadatos o configuración y reprocesar,False
803,nivel,2026-02-02 16:22:00,2026-02-02 16:22:00,1,reglas,R:nivel,1,3.0999755859375,1.02,0,configuracion,media,nivel negativo sostenido: posible cota cero o desplazamiento del cero,corregir metadatos o configuración y reprocesar,False
803,nivel,2026-02-02 16:40:00,2026-02-02 16:41:00,2,reglas,R:nivel,1,2.9000244140625,1.02,0,configuracion,media,nivel negativo sostenido: posible cota cero o desplazamiento del cero,corregir metadatos o configuración y reprocesar,False
803,nivel,2026-02-02 18:16:00,2026-02-02 18:16:00,1,reglas,R:nivel,1,2.89996337890625,6.86,0,configuracion,media,nivel negativo sostenido: posible cota cero o desplazamiento del cero,corregir metadatos o configuración y reprocesar,False
803,nivel,2026-02-02 18:39:00,2026-02-02 19:08:00,30,"reglas,etiqueta",R:nivel,1502,3.39996337890625,6.86,0,indeterminado,baja,"señalado por reglas,etiqueta sin una regla determinista que identifique la causa",conservar marcado hasta contrastar con otras fuentes,False
803,nivel,2026-02-02 19:31:00,2026-02-02 19:32:00,2,"reglas,etiqueta",R:nivel,1502,2.70001220703125,6.86,0,configuracion,media,nivel negativo sostenido: posible cota cero o desplazamiento del cero,corregir metadatos o configuración y reprocesar,False
803,nivel,2026-02-02 19:50:00,2026-02-02 19:58:00,9,"reglas,etiqueta",R:nivel,1502,3.10003662109375,6.86,0,indeterminado,baja,"señalado por reglas,etiqueta sin una regla determinista que identifique la causa",conservar marcado hasta contrastar con otras fuentes,False
803,nivel,2026-02-03 10:01:00,2026-02-03 10:15:00,15,"reglas,etiqueta",R:nivel,1502,3.79998779296875,0.25,0,indeterminado,baja,"señalado por reglas,etiqueta sin una regla determinista que identifique la causa",conservar marcado hasta contrastar con otras fuentes,False
803,nivel,2026-02-03 10:30:00,2026-02-03 10:40:00,11,"reglas,etiqueta",R:nivel,1502,3.79998779296875,0.0,0,indeterminado,baja,"señalado por reglas,etiqueta sin una regla determinista que identifique la causa",conservar marcado hasta contrastar con otras fuentes,False
803,nivel,2026-02-03 10:54:00,2026-02-03 10:54:00,1,"mad,etiqueta",,1502,5.9000244140625,0.0,0,indeterminado,baja,"señalado por mad,etiqueta sin una regla determinista que identifique la causa",conservar marcado hasta contrastar con otras fuentes,False
803,nivel,2026-02-03 11:27:00,2026-02-03 11:29:00,3,"mad,etiqueta",,1502,8.4000244140625,0.0,0,indeterminado,baja,"señalado por mad,etiqueta sin una regla determinista que identifique la causa",conservar marcado hasta contrastar con otras fuentes,False
803,nivel,2026-02-03 13:53:00,2026-02-03 13:53:00,1,"mad,etiqueta",,1502,8.60003662109375,0.0,0,indeterminado,baja,"señalado por mad,etiqueta sin una regla determinista que identifique la causa",conservar marcado hasta contrastar con otras fuentes,False
803,nivel,2026-02-03 15:37:00,2026-02-03 15:42:00,6,"mad,etiqueta",,2,8.60003662109375,0.51,0,indeterminado,baja,"señalado por mad,etiqueta sin una regla determinista que identifique la causa",conservar marcado hasta contrastar con otras fuentes,False
803,nivel,2026-02-03 22:04:00,2026-02-03 22:21:00,18,reglas,R:nivel,1,1.4000244140625,0.51,0,indeterminado,baja,señalado por reglas sin una regla determinista que identifique la causa,conservar marcado hasta contrastar con otras fuentes,False
803,nivel,2026-02-03 22:49:00,2026-02-03 23:50:00,62,"reglas,mad,etiqueta",R:nivel,1502,5.0,0.0,0,indeterminado,baja,"señalado por reglas,mad,etiqueta sin una regla determinista que identifique la causa",conservar marcado hasta contrastar con otras fuentes,False
803,nivel,2026-02-04 00:05:00,2026-02-04 00:09:00,5,reglas,R:nivel,1,2.5,0.0,0,configuracion,media,nivel negativo sostenido: posible cota cero o desplazamiento del cero,corregir metadatos o configuración y reprocesar,False
803,nivel,2026-02-04 00:23:00,2026-02-04 00:28:00,6,"reglas,mad,etiqueta",R:nivel,1502,8.10003662109375,0.0,0,configuracion,media,nivel negativo sostenido: posible cota cero o desplazamiento del cero,corregir metadatos o configuración y reprocesar,False
803,nivel,2026-02-04 04:15:00,2026-02-04 04:46:00,32,"reglas,etiqueta",R:nivel,1502,3.60003662109375,0.0,0,indeterminado,baja,"señalado por reglas,etiqueta sin una regla determinista que identifique la causa",conservar marcado hasta contrastar con otras fuentes,False
803,nivel,2026-02-04 05:06:00,2026-02-04 05:08:00,3,reglas,R:nivel,1,1.5,0.0,0,configuracion,media,nivel negativo sostenido: posible cota cero o desplazamiento del cero,corregir metadatos o configuración y reprocesar,False
803,nivel,2026-02-04 10:02:00,2026-02-04 10:02:00,1,"mad,etiqueta",,1502,4.79998779296875,0.0,0,indeterminado,baja,"señalado por mad,etiqueta sin una regla determinista que identifique la causa",conservar marcado hasta contrastar con otras fuentes,False
803,nivel,2026-02-04 10:17:00,2026-02-04 10:24:00,8,"mad,etiqueta",,1502,6.5999755859375,0.0,0,indeterminado,baja,"señalado por mad,etiqueta sin una regla determinista que identifique la causa",conservar marcado hasta contrastar con otras fuentes,False
803,nivel,2026-02-04 10:57:00,2026-02-04 11:08:00,12,"mad,etiqueta",,1502,7.60003662109375,0.0,0,indeterminado,baja,"señalado por mad,etiqueta sin una regla determinista que identifique la causa",conservar marcado hasta contrastar con otras fuentes,False
803,nivel,2026-02-04 11:49:00,2026-02-04 11:50:00,2,"mad,etiqueta",,1502,5.20001220703125,0.0,0,indeterminado,baja,"señalado por mad,etiqueta sin una regla determinista que identifique la causa",conservar marcado hasta contrastar con otras fuentes,False
803,nivel,2026-02-04 12:05:00,2026-02-04 12:31:00,27,"mad,etiqueta",,1502,7.300048828125,0.0,0,indeterminado,baja,"señalado por mad,etiqueta sin una regla determinista que identifique la causa",conservar marcado hasta contrastar con otras fuentes,False
803,nivel,2026-02-04 12:53:00,2026-02-04 12:54:00,2,"mad,etiqueta",,1502,6.0,0.01,0,indeterminado,baja,"señalado por mad,etiqueta sin una regla determinista que identifique la causa",conservar marcado hasta contrastar con otras fuentes,False
803,nivel,2026-02-04 13:39:00,2026-02-04 13:45:00,7,"mad,etiqueta",,1502,6.0,0.01,0,indeterminado,baja,"señalado por mad,etiqueta sin una regla determinista que identifique la causa",conservar marcado hasta contrastar con otras fuentes,False
803,nivel,2026-02-04 14:39:00,2026-02-04 14:51:00,13,"mad,etiqueta",,1502,6.89996337890625,0.01,0,indeterminado,baja,"señalado por mad,etiqueta sin una regla determinista que identifique la causa",conservar marcado hasta contrastar con otras fuentes,False
803,nivel,2026-02-04 16:02:00,2026-02-04 16:15:00,14,"mad,etiqueta",,1502,7.20001220703125,0.01,1,indeterminado,baja,"señalado por mad,etiqueta sin una regla determinista que identifique la causa",conservar marcado hasta contrastar con otras fuentes,False
803,nivel,2026-02-04 16:39:00,2026-02-04 16:41:00,3,"mad,etiqueta",,1502,7.79998779296875,0.01,0,indeterminado,baja,"señalado por mad,etiqueta sin una regla determinista que identifique la causa",conservar marcado hasta contrastar con otras fuentes,False
803,nivel,2026-02-04 17:52:00,2026-02-04 18:02:00,11,"mad,etiqueta",,1502,6.89996337890625,0.01,0,indeterminado,baja,"señalado por mad,etiqueta sin una regla determinista que identifique la causa",conservar marcado hasta contrastar con otras fuentes,False
803,nivel,2026-02-04 18:23:00,2026-02-04 18:23:00,1,"mad,etiqueta",,1502,5.20001220703125,0.0,0,indeterminado,baja,"señalado por mad,etiqueta sin una regla determinista que identifique la causa",conservar marcado hasta contrastar con otras fuentes,False
803,nivel,2026-02-04 19:15:00,2026-02-04 19:47:00,33,"reglas,mad,etiqueta",R:nivel,1502,8.39996337890625,0.0,0,indeterminado,baja,"señalado por reglas,mad,etiqueta sin una regla determinista que identifique la causa",conservar marcado hasta contrastar con otras fuentes,False
803,nivel,2026-02-04 20:15:00,2026-02-04 20:43:00,29,"mad,etiqueta",,1502,8.29998779296875,0.0,0,indeterminado,baja,"señalado por mad,etiqueta sin una regla determinista que identifique la causa",conservar marcado hasta contrastar con otras fuentes,False
803,nivel,2026-02-04 22:19:00,2026-02-04 23:17:00,59,"reglas,mad,etiqueta",R:nivel,1502,10.20001220703125,0.0,0,indeterminado,baja,"señalado por reglas,mad,etiqueta sin una regla determinista que identifique la causa",conservar marcado hasta contrastar con otras fuentes,False
803,nivel,2026-02-04 23:56:00,2026-02-05 00:12:00,17,"reglas,mad",R:nivel,1,6.20001220703125,0.0,0,indeterminado,baja,"señalado por reglas,mad sin una regla determinista que identifique la causa",conservar marcado hasta contrastar con otras fuentes,False
803,nivel,2026-02-05 00:30:00,2026-02-05 00:32:00,3,"reglas,mad",R:nivel,1,6.0,0.0,0,configuracion,media,nivel negativo sostenido: posible cota cero o desplazamiento del cero,corregir metadatos o configuración y reprocesar,False
803,nivel,2026-02-05 00:49:00,2026-02-05 06:34:00,346,"reglas,mad,etiqueta",R:nivel,1502,9.0999755859375,0.0,0,configuracion,media,nivel negativo sostenido: posible cota cero o desplazamiento del cero,corregir metadatos o configuración y reprocesar,False
803,nivel,2026-02-05 06:47:00,2026-02-05 06:58:00,12,"reglas,mad,etiqueta",R:nivel,1502,6.0,0.0,0,indeterminado,baja,"señalado por reglas,mad,etiqueta sin una regla determinista que identifique la causa",conservar marcado hasta contrastar con otras fuentes,False
803,nivel,2026-02-05 07:12:00,2026-02-05 07:17:00,6,reglas,R:nivel,1,2.5999755859375,0.0,0,configuracion,media,nivel negativo sostenido: posible cota cero o desplazamiento del cero,corregir metadatos o configuración y reprocesar,False
803,nivel,2026-02-05 07:29:00,2026-02-05 08:19:00,51,"reglas,mad,etiqueta",R:nivel,1502,6.0,0.0,0,indeterminado,baja,"señalado por reglas,mad,etiqueta sin una regla determinista que identifique la causa",conservar marcado hasta contrastar con otras fuentes,False
803,nivel,2026-02-05 08:32:00,2026-02-05 08:34:00,3,reglas,R:nivel,1,2.20001220703125,0.0,0,configuracion,media,nivel negativo sostenido: posible cota cero o desplazamiento del cero,corregir metadatos o configuración y reprocesar,False
803,nivel,2026-02-05 08:46:00,2026-02-05 09:03:00,18,"reglas,etiqueta",R:nivel,1502,4.39996337890625,0.0,0,configuracion,media,nivel negativo sostenido: posible cota cero o desplazamiento del cero,corregir metadatos o configuración y reprocesar,False
803,nivel,2026-02-05 09:53:00,2026-02-05 10:09:00,17,"mad,etiqueta",,1502,6.0,0.0,0,indeterminado,baja,"señalado por mad,etiqueta sin una regla determinista que identifique la causa",conservar marcado hasta contrastar con otras fuentes,False
803,nivel,2026-02-05 10:54:00,2026-02-05 11:05:00,12,"mad,etiqueta",,1502,6.4000244140625,0.0,1,indeterminado,baja,"señalado por mad,etiqueta sin una regla determinista que identifique la causa",conservar marcado hasta contrastar con otras fuentes,False
803,nivel,2026-02-05 11:41:00,2026-02-05 12:01:00,21,"mad,etiqueta",,1502,6.29998779296875,0.0,0,indeterminado,baja,"señalado por mad,etiqueta sin una regla determinista que identifique la causa",conservar marcado hasta contrastar con otras fuentes,False
803,nivel,2026-02-05 12:16:00,2026-02-05 12:26:00,11,"mad,etiqueta",,1502,6.79998779296875,0.0,0,indeterminado,baja,"señalado por mad,etiqueta sin una regla determinista que identifique la causa",conservar marcado hasta contrastar con otras fuentes,False
803,nivel,2026-02-05 12:39:00,2026-02-05 12:52:00,14,"mad,etiqueta",,1502,9.0999755859375,0.0,0,indeterminado,baja,"señalado por mad,etiqueta sin una regla determinista que identifique la causa",conservar marcado hasta contrastar con otras fuentes,False
803,nivel,2026-02-05 13:18:00,2026-02-05 13:29:00,12,"mad,etiqueta",,1502,7.9000244140625,0.0,0,indeterminado,baja,"señalado por mad,etiqueta sin una regla determinista que identifique la causa",conservar marcado hasta contrastar con otras fuentes,False
803,nivel,2026-02-05 16:09:00,2026-02-05 16:11:00,3,reglas,R:nivel,1,4.70001220703125,3.05,0,configuracion,media,nivel negativo sostenido: posible cota cero o desplazamiento del cero,corregir metadatos o configuración y reprocesar,False
803,nivel,2026-02-05 17:06:00,2026-02-05 17:19:00,14,reglas,R:nivel,1,3.0,7.37,0,indeterminado,baja,señalado por reglas sin una regla determinista que identifique la causa,conservar marcado hasta contrastar con otras fuentes,False
803,nivel,2026-02-05 17:32:00,2026-02-05 17:51:00,20,reglas,R:nivel,1,3.89996337890625,7.37,0,configuracion,media,nivel negativo sostenido: posible cota cero o desplazamiento del cero,corregir metadatos o configuración y reprocesar,False
803,nivel,2026-02-05 18:12:00,2026-02-05 18:16:00,5,"mad,etiqueta",,1502,7.0999755859375,7.37,0,indeterminado,baja,"señalado por mad,etiqueta sin una regla determinista que identifique la causa",conservar marcado hasta contrastar con otras fuentes,False
803,nivel,2026-02-05 19:02:00,2026-02-05 19:02:00,1,"mad,etiqueta",,1502,8.5,7.37,0,indeterminado,baja,"señalado por mad,etiqueta sin una regla determinista que identifique la causa",conservar marcado hasta contrastar con otras fuentes,False
803,nivel,2026-02-05 19:27:00,2026-02-05 19:29:00,3,"mad,etiqueta",,1502,8.5,7.37,0,indeterminado,baja,"señalado por mad,etiqueta sin una regla determinista que identifique la causa",conservar marcado hasta contrastar con otras fuentes,False
803,nivel,2026-02-05 19:51:00,2026-02-05 19:52:00,2,"mad,etiqueta",,1502,7.0999755859375,7.37,0,indeterminado,baja,"señalado por mad,etiqueta sin una regla determinista que identifique la causa",conservar marcado hasta contrastar con otras fuentes,False
803,nivel,2026-02-05 20:30:00,2026-02-05 20:34:00,5,"reglas,mad,etiqueta",R:nivel,1502,5.29998779296875,7.37,0,configuracion,media,nivel negativo sostenido: posible cota cero o desplazamiento del cero,corregir metadatos o configuración y reprocesar,False
803,nivel,2026-02-05 21:22:00,2026-02-05 21:26:00,5,reglas,R:nivel,1,1.79998779296875,6.35,0,configuracion,media,nivel negativo sostenido: posible cota cero o desplazamiento del cero,corregir metadatos o configuración y reprocesar,False
803,nivel,2026-02-06 12:55:00,2026-02-06 13:27:00,33,"mad,etiqueta",F:faltante,1502,9.29998779296875,0.25,0,falla_comunicacion,media,faltante o centinela sin coincidencia en otras estaciones,no imputar a ciegas; recuperar del datalogger,False
803,nivel,2026-02-06 13:59:00,2026-02-06 13:59:00,1,"mad,etiqueta",,1502,6.0999755859375,0.0,0,indeterminado,baja,"señalado por mad,etiqueta sin una regla determinista que identifique la causa",conservar marcado hasta contrastar con otras fuentes,False
803,nivel,2026-02-06 17:33:00,2026-02-06 17:42:00,10,"mad,etiqueta",,1502,6.0999755859375,0.08,0,indeterminado,baja,"señalado por mad,etiqueta sin una regla determinista que identifique la causa",conservar marcado hasta contrastar con otras fuentes,False
803,nivel,2026-02-06 19:16:00,2026-02-06 19:17:00,2,"reglas,etiqueta",R:nivel,1502,3.70001220703125,0.08,0,configuracion,media,nivel negativo sostenido: posible cota cero o desplazamiento del cero,corregir metadatos o configuración y reprocesar,False
803,nivel,2026-02-06 19:32:00,2026-02-06 19:50:00,19,"reglas,etiqueta",R:nivel,1502,3.9000244140625,0.08,0,indeterminado,baja,"señalado por reglas,etiqueta sin una regla determinista que identifique la causa",conservar marcado hasta contrastar con otras fuentes,False
803,nivel,2026-02-06 20:55:00,2026-02-06 21:11:00,17,"reglas,mad,etiqueta",R:nivel,1502,7.199951171875,0.08,0,indeterminado,baja,"señalado por reglas,mad,etiqueta sin una regla determinista que identifique la causa",conservar marcado hasta contrastar con otras fuentes,False
803,nivel,2026-02-06 21:38:00,2026-02-06 21:41:00,4,"mad,etiqueta",,1502,7.699951171875,0.08,0,indeterminado,baja,"señalado por mad,etiqueta sin una regla determinista que identifique la causa",conservar marcado hasta contrastar con otras fuentes,False
803,nivel,2026-02-06 22:08:00,2026-02-06 22:48:00,41,"reglas,mad,etiqueta",R:nivel,1502,9.5999755859375,0.08,0,indeterminado,baja,"señalado por reglas,mad,etiqueta sin una regla determinista que identifique la causa",conservar marcado hasta contrastar con otras fuentes,False
803,nivel,2026-02-06 23:01:00,2026-02-06 23:01:00,1,reglas,R:nivel,1,0.39996337890625,0.07,0,configuracion,media,nivel negativo sostenido: posible cota cero o desplazamiento del cero,corregir metadatos o configuración y reprocesar,False
803,nivel,2026-02-06 23:34:00,2026-02-06 23:50:00,17,reglas,R:nivel,1,0.5,0.0,0,configuracion,media,nivel negativo sostenido: posible cota cero o desplazamiento del cero,corregir metadatos o configuración y reprocesar,False
803,nivel,2026-02-07 00:02:00,2026-02-07 00:27:00,26,reglas,R:nivel,1,0.800048828125,0.0,0,configuracion,media,nivel negativo sostenido: posible cota cero o desplazamiento del cero,corregir metadatos o configuración y reprocesar,False
803,nivel,2026-02-07 01:33:00,2026-02-07 01:49:00,17,"reglas,mad,etiqueta",R:nivel,1502,6.9000244140625,0.0,0,indeterminado,baja,"señalado por reglas,mad,etiqueta sin una regla determinista que identifique la causa",conservar marcado hasta contrastar con otras fuentes,False
803,nivel,2026-02-07 02:07:00,2026-02-07 02:23:00,17,reglas,R:nivel,1,2.70001220703125,0.0,0,indeterminado,baja,señalado por reglas sin una regla determinista que identifique la causa,conservar marcado hasta contrastar con otras fuentes,False
803,nivel,2026-02-07 03:28:00,2026-02-07 03:28:00,1,"reglas,mad,etiqueta",R:nivel,1502,5.70001220703125,0.0,0,configuracion,media,nivel negativo sostenido: posible cota cero o desplazamiento del cero,corregir metadatos o configuración y reprocesar,False
803,nivel,2026-02-07 03:42:00,2026-02-07 03:54:00,13,"reglas,mad,etiqueta",R:nivel,1502,6.300048828125,0.0,0,indeterminado,baja,"señalado por reglas,mad,etiqueta sin una regla determinista que identifique la causa",conservar marcado hasta contrastar con otras fuentes,False
803,nivel,2026-02-07 04:37:00,2026-02-07 04:37:00,1,"reglas,mad,etiqueta",R:nivel,1502,5.79998779296875,0.0,0,configuracion,media,nivel negativo sostenido: posible cota cero o desplazamiento del cero,corregir metadatos o configuración y reprocesar,False
803,nivel,2026-02-07 04:52:00,2026-02-07 05:04:00,13,"reglas,mad,etiqueta",R:nivel,1502,5.199951171875,0.0,0,configuracion,media,nivel negativo sostenido: posible cota cero o desplazamiento del cero,corregir metadatos o configuración y reprocesar,False
803,nivel,2026-02-07 05:18:00,2026-02-07 07:07:00,110,"reglas,mad,etiqueta",R:nivel,1502,8.60003662109375,0.0,0,indeterminado,baja,"señalado por reglas,mad,etiqueta sin una regla determinista que identifique la causa",conservar marcado hasta contrastar con otras fuentes,False
803,nivel,2026-02-07 07:38:00,2026-02-07 07:38:00,1,reglas,R:nivel,1,2.199951171875,0.0,0,configuracion,media,nivel negativo sostenido: posible cota cero o desplazamiento del cero,corregir metadatos o configuración y reprocesar,False
803,nivel,2026-02-07 08:11:00,2026-02-07 08:16:00,6,reglas,R:nivel,1,2.199951171875,0.0,0,configuracion,media,nivel negativo sostenido: posible cota cero o desplazamiento del cero,corregir metadatos o configuración y reprocesar,False
803,nivel,2026-02-07 08:47:00,2026-02-07 08:48:00,2,"mad,etiqueta",,1502,5.89996337890625,0.0,0,indeterminado,baja,"señalado por mad,etiqueta sin una regla determinista que identifique la causa",conservar marcado hasta contrastar con otras fuentes,False
803,nivel,2026-02-07 09:07:00,2026-02-07 09:07:00,1,"mad,etiqueta",,1502,5.0,0.0,0,indeterminado,baja,"señalado por mad,etiqueta sin una regla determinista que identifique la causa",conservar marcado hasta contrastar con otras fuentes,False
803,nivel,2026-02-07 09:32:00,2026-02-07 09:33:00,2,"mad,etiqueta",,1502,5.5999755859375,0.0,0,indeterminado,baja,"señalado por mad,etiqueta sin una regla determinista que identifique la causa",conservar marcado hasta contrastar con otras fuentes,False
803,nivel,2026-02-07 10:34:00,2026-02-07 11:04:00,31,"mad,etiqueta",,1502,6.0,0.0,0,indeterminado,baja,"señalado por mad,etiqueta sin una regla determinista que identifique la causa",conservar marcado hasta contrastar con otras fuentes,False
803,nivel,2026-02-07 11:54:00,2026-02-07 11:56:00,3,"mad,etiqueta",,1502,8.70001220703125,0.0,0,indeterminado,baja,"señalado por mad,etiqueta sin una regla determinista que identifique la causa",conservar marcado hasta contrastar con otras fuentes,False
803,nivel,2026-02-07 12:12:00,2026-02-07 12:30:00,19,"mad,etiqueta",,1502,6.20001220703125,0.0,0,indeterminado,baja,"señalado por mad,etiqueta sin una regla determinista que identifique la causa",conservar marcado hasta contrastar con otras fuentes,False
803,nivel,2026-02-07 12:57:00,2026-02-07 13:01:00,5,"mad,etiqueta",,1502,6.5,0.0,0,indeterminado,baja,"señalado por mad,etiqueta sin una regla determinista que identifique la causa",conservar marcado hasta contrastar con otras fuentes,False
803,nivel,2026-02-07 13:18:00,2026-02-07 13:24:00,7,"mad,etiqueta",,1502,7.0999755859375,0.0,0,indeterminado,baja,"señalado por mad,etiqueta sin una regla determinista que identifique la causa",conservar marcado hasta contrastar con otras fuentes,False
803,nivel,2026-02-07 13:48:00,2026-02-07 13:55:00,8,"mad,etiqueta",,1502,7.10003662109375,0.0,0,indeterminado,baja,"señalado por mad,etiqueta sin una regla determinista que identifique la causa",conservar marcado hasta contrastar con otras fuentes,False
803,nivel,2026-02-07 14:09:00,2026-02-07 14:11:00,3,"mad,etiqueta",,1502,8.5,0.0,0,indeterminado,baja,"señalado por mad,etiqueta sin una regla determinista que identifique la causa",conservar marcado hasta contrastar con otras fuentes,False
803,nivel,2026-02-07 14:29:00,2026-02-07 14:41:00,13,"mad,etiqueta",,1502,7.29998779296875,0.02,0,indeterminado,baja,"señalado por mad,etiqueta sin una regla determinista que identifique la causa",conservar marcado hasta contrastar con otras fuentes,False
803,nivel,2026-02-07 14:57:00,2026-02-07 15:04:00,8,"mad,etiqueta",,1502,7.199951171875,0.02,0,indeterminado,baja,"señalado por mad,etiqueta sin una regla determinista que identifique la causa",conservar marcado hasta contrastar con otras fuentes,False
803,nivel,2026-02-07 17:26:00,2026-02-07 17:26:00,1,"mad,etiqueta",,1502,5.5999755859375,0.51,0,indeterminado,baja,"señalado por mad,etiqueta sin una regla determinista que identifique la causa",conservar marcado hasta contrastar con otras fuentes,False
803,nivel,2026-02-07 17:39:00,2026-02-07 17:51:00,13,"mad,etiqueta",,1502,7.4000244140625,0.51,0,indeterminado,baja,"señalado por mad,etiqueta sin una regla determinista que identifique la causa",conservar marcado hasta contrastar con otras fuentes,False
803,nivel,2026-02-07 18:03:00,2026-02-07 18:07:00,5,"reglas,mad,etiqueta",R:nivel,1502,5.5,0.51,0,indeterminado,baja,"señalado por reglas,mad,etiqueta sin una regla determinista que identifique la causa",conservar marcado hasta contrastar con otras fuentes,False
803,nivel,2026-02-07 18:27:00,2026-02-07 18:40:00,14,"mad,etiqueta",,1502,5.29998779296875,0.51,0,indeterminado,baja,"señalado por mad,etiqueta sin una regla determinista que identifique la causa",conservar marcado hasta contrastar con otras fuentes,False
803,nivel,2026-02-07 18:57:00,2026-02-07 18:57:00,1,"mad,etiqueta",,1502,4.60003662109375,0.51,0,indeterminado,baja,"señalado por mad,etiqueta sin una regla determinista que identifique la causa",conservar marcado hasta contrastar con otras fuentes,False
803,nivel,2026-02-07 19:34:00,2026-02-07 19:39:00,6,"mad,etiqueta",,1502,6.60003662109375,0.51,0,indeterminado,baja,"señalado por mad,etiqueta sin una regla determinista que identifique la causa",conservar marcado hasta contrastar con otras fuentes,False
803,nivel,2026-02-07 20:13:00,2026-02-07 20:13:00,1,"reglas,etiqueta",R:nivel,1502,4.20001220703125,0.51,0,configuracion,media,nivel negativo sostenido: posible cota cero o desplazamiento del cero,corregir metadatos o configuración y reprocesar,False
803,nivel,2026-02-07 20:37:00,2026-02-07 20:37:00,1,"mad,etiqueta",,1502,5.0999755859375,0.51,0,indeterminado,baja,"señalado por mad,etiqueta sin una regla determinista que identifique la causa",conservar marcado hasta contrastar con otras fuentes,False
803,nivel,2026-02-07 21:08:00,2026-02-07 21:11:00,4,"mad,etiqueta",,1502,5.5,0.51,0,indeterminado,baja,"señalado por mad,etiqueta sin una regla determinista que identifique la causa",conservar marcado hasta contrastar con otras fuentes,False
803,nivel,2026-02-07 23:53:00,2026-02-07 23:55:00,3,"mad,etiqueta",,1502,4.5,0.76,0,indeterminado,baja,"señalado por mad,etiqueta sin una regla determinista que identifique la causa",conservar marcado hasta contrastar con otras fuentes,False
803,nivel,2026-02-08 02:11:00,2026-02-08 02:24:00,14,"mad,etiqueta",,1502,6.20001220703125,0.76,0,indeterminado,baja,"señalado por mad,etiqueta sin una regla determinista que identifique la causa",conservar marcado hasta contrastar con otras fuentes,False
803,nivel,2026-02-08 04:03:00,2026-02-08 04:03:00,1,"mad,etiqueta",,1502,4.70001220703125,0.76,0,indeterminado,baja,"señalado por mad,etiqueta sin una regla determinista que identifique la causa",conservar marcado hasta contrastar con otras fuentes,False
803,nivel,2026-02-08 04:36:00,2026-02-08 05:12:00,37,"mad,etiqueta",,1502,6.29998779296875,0.02,0,indeterminado,baja,"señalado por mad,etiqueta sin una regla determinista que identifique la causa",conservar marcado hasta contrastar con otras fuentes,False
803,nivel,2026-02-08 06:08:00,2026-02-08 06:24:00,17,"mad,etiqueta",,1502,6.10003662109375,0.0,0,indeterminado,baja,"señalado por mad,etiqueta sin una regla determinista que identifique la causa",conservar marcado hasta contrastar con otras fuentes,False
803,nivel,2026-02-08 06:40:00,2026-02-08 07:25:00,46,"reglas,mad,etiqueta",R:nivel,1502,7.79998779296875,0.0,0,configuracion,media,nivel negativo sostenido: posible cota cero o desplazamiento del cero,corregir metadatos o configuración y reprocesar,False
803,nivel,2026-02-08 07:38:00,2026-02-08 08:04:00,27,"reglas,mad,etiqueta",R:nivel,1502,7.29998779296875,0.0,0,configuracion,media,nivel negativo sostenido: posible cota cero o desplazamiento del cero,corregir metadatos o configuración y reprocesar,False
803,nivel,2026-02-08 08:18:00,2026-02-08 08:29:00,12,reglas,R:nivel,1,0.79998779296875,0.0,0,indeterminado,baja,señalado por reglas sin una regla determinista que identifique la causa,conservar marcado hasta contrastar con otras fuentes,False
803,nivel,2026-02-08 08:56:00,2026-02-08 09:04:00,9,"reglas,etiqueta",R:nivel,1502,3.9000244140625,0.0,0,indeterminado,baja,"señalado por reglas,etiqueta sin una regla determinista que identifique la causa",conservar marcado hasta contrastar con otras fuentes,False
803,nivel,2026-02-08 09:25:00,2026-02-08 09:25:00,1,"mad,etiqueta",,1502,4.699951171875,0.0,0,indeterminado,baja,"señalado por mad,etiqueta sin una regla determinista que identifique la causa",conservar marcado hasta contrastar con otras fuentes,False
803,nivel,2026-02-08 10:00:00,2026-02-08 10:05:00,6,"mad,etiqueta",,1502,6.5999755859375,0.0,0,indeterminado,baja,"señalado por mad,etiqueta sin una regla determinista que identifique la causa",conservar marcado hasta contrastar con otras fuentes,False
803,nivel,2026-02-08 10:20:00,2026-02-08 10:20:00,1,"mad,etiqueta",,1502,5.0999755859375,0.0,0,indeterminado,baja,"señalado por mad,etiqueta sin una regla determinista que identifique la causa",conservar marcado hasta contrastar con otras fuentes,False
803,nivel,2026-02-08 11:00:00,2026-02-08 11:01:00,2,"mad,etiqueta",,1502,5.0,0.02,0,indeterminado,baja,"señalado por mad,etiqueta sin una regla determinista que identifique la causa",conservar marcado hasta contrastar con otras fuentes,False
803,nivel,2026-02-08 11:25:00,2026-02-08 11:30:00,6,"mad,etiqueta",,1502,6.0999755859375,0.03,0,indeterminado,baja,"señalado por mad,etiqueta sin una regla determinista que identifique la causa",conservar marcado hasta contrastar con otras fuentes,False
803,nivel,2026-02-08 11:43:00,2026-02-08 11:43:00,1,"mad,etiqueta",,1502,5.29998779296875,0.03,0,indeterminado,baja,"señalado por mad,etiqueta sin una regla determinista que identifique la causa",conservar marcado hasta contrastar con otras fuentes,False
803,nivel,2026-02-08 12:01:00,2026-02-08 12:09:00,9,"mad,etiqueta",,1502,5.70001220703125,0.03,0,indeterminado,baja,"señalado por mad,etiqueta sin una regla determinista que identifique la causa",conservar marcado hasta contrastar con otras fuentes,False
803,nivel,2026-02-08 12:24:00,2026-02-08 12:24:00,1,"mad,etiqueta",,1502,5.5999755859375,0.03,0,indeterminado,baja,"señalado por mad,etiqueta sin una regla determinista que identifique la causa",conservar marcado hasta contrastar con otras fuentes,False
803,nivel,2026-02-08 12:37:00,2026-02-08 12:37:00,1,"mad,etiqueta",,1502,5.0,0.03,0,indeterminado,baja,"señalado por mad,etiqueta sin una regla determinista que identifique la causa",conservar marcado hasta contrastar con otras fuentes,False
803,nivel,2026-02-08 16:23:00,2026-02-08 16:30:00,8,"mad,etiqueta",,1502,6.0999755859375,0.04,0,indeterminado,baja,"señalado por mad,etiqueta sin una regla determinista que identifique la causa",conservar marcado hasta contrastar con otras fuentes,False
803,nivel,2026-02-08 18:00:00,2026-02-08 18:08:00,9,"mad,etiqueta",,1502,5.5,0.01,0,indeterminado,baja,"señalado por mad,etiqueta sin una regla determinista que identifique la causa",conservar marcado hasta contrastar con otras fuentes,False
803,nivel,2026-02-08 19:05:00,2026-02-08 19:15:00,11,"mad,etiqueta",,1502,5.0,0.01,0,indeterminado,baja,"señalado por mad,etiqueta sin una regla determinista que identifique la causa",conservar marcado hasta contrastar con otras fuentes,False
803,nivel,2026-02-08 19:42:00,2026-02-08 19:43:00,2,"mad,etiqueta",,1502,4.70001220703125,0.0,0,indeterminado,baja,"señalado por mad,etiqueta sin una regla determinista que identifique la causa",conservar marcado hasta contrastar con otras fuentes,False
803,nivel,2026-02-08 21:03:00,2026-02-08 21:03:00,1,"mad,etiqueta",,1502,4.5,0.0,0,indeterminado,baja,"señalado por mad,etiqueta sin una regla determinista que identifique la causa",conservar marcado hasta contrastar con otras fuentes,False
803,nivel,2026-02-08 21:37:00,2026-02-08 22:13:00,37,"reglas,mad,etiqueta",R:nivel,1502,6.199951171875,0.0,0,indeterminado,baja,"señalado por reglas,mad,etiqueta sin una regla determinista que identifique la causa",conservar marcado hasta contrastar con otras fuentes,False
803,nivel,2026-02-08 22:25:00,2026-02-08 22:25:00,1,"mad,etiqueta",,1502,4.70001220703125,0.0,0,indeterminado,baja,"señalado por mad,etiqueta sin una regla determinista que identifique la causa",conservar marcado hasta contrastar con otras fuentes,False
803,nivel,2026-02-08 22:41:00,2026-02-08 22:46:00,6,"mad,etiqueta",,1502,5.5,0.0,0,indeterminado,baja,"señalado por mad,etiqueta sin una regla determinista que identifique la causa",conservar marcado hasta contrastar con otras fuentes,False
803,nivel,2026-02-08 23:10:00,2026-02-08 23:14:00,5,"mad,etiqueta",,1502,6.29998779296875,0.01,0,indeterminado,baja,"señalado por mad,etiqueta sin una regla determinista que identifique la causa",conservar marcado hasta contrastar con otras fuentes,False
803,nivel,2026-02-08 23:53:00,2026-02-09 00:05:00,13,"reglas,mad,etiqueta",R:nivel,1502,6.699951171875,0.01,0,indeterminado,baja,"señalado por reglas,mad,etiqueta sin una regla determinista que identifique la causa",conservar marcado hasta contrastar con otras fuentes,False
803,nivel,2026-02-09 00:56:00,2026-02-09 01:14:00,19,"reglas,mad,etiqueta",R:nivel,1502,5.5999755859375,0.01,0,indeterminado,baja,"señalado por reglas,mad,etiqueta sin una regla determinista que identifique la causa",conservar marcado hasta contrastar con otras fuentes,False
803,nivel,2026-02-09 02:07:00,2026-02-09 02:15:00,9,"mad,etiqueta",,1502,5.300048828125,0.01,0,indeterminado,baja,"señalado por mad,etiqueta sin una regla determinista que identifique la causa",conservar marcado hasta contrastar con otras fuentes,False
803,nivel,2026-02-09 03:06:00,2026-02-09 03:06:00,1,"mad,etiqueta",,1502,4.70001220703125,0.01,0,indeterminado,baja,"señalado por mad,etiqueta sin una regla determinista que identifique la causa",conservar marcado hasta contrastar con otras fuentes,False
803,nivel,2026-02-09 04:43:00,2026-02-09 04:44:00,2,reglas,R:nivel,1,1.699951171875,0.01,0,configuracion,media,nivel negativo sostenido: posible cota cero o desplazamiento del cero,corregir metadatos o configuración y reprocesar,False
803,nivel,2026-02-09 04:56:00,2026-02-09 04:56:00,1,reglas,R:nivel,1,1.29998779296875,0.01,0,configuracion,media,nivel negativo sostenido: posible cota cero o desplazamiento del cero,corregir metadatos o configuración y reprocesar,False
803,nivel,2026-02-09 05:55:00,2026-02-09 05:56:00,2,reglas,R:nivel,1,1.10003662109375,0.0,0,configuracion,media,nivel negativo sostenido: posible cota cero o desplazamiento del cero,corregir metadatos o configuración y reprocesar,False
803,nivel,2026-02-09 06:18:00,2026-02-09 06:19:00,2,reglas,R:nivel,1,0.89996337890625,0.0,0,configuracion,media,nivel negativo sostenido: posible cota cero o desplazamiento del cero,corregir metadatos o configuración y reprocesar,False
803,nivel,2026-02-09 07:03:00,2026-02-09 07:26:00,24,"reglas,etiqueta",R:nivel,1502,4.29998779296875,0.0,0,indeterminado,baja,"señalado por reglas,etiqueta sin una regla determinista que identifique la causa",conservar marcado hasta contrastar con otras fuentes,False
803,nivel,2026-02-09 09:46:00,2026-02-09 09:47:00,2,"mad,etiqueta",,1502,5.5,0.0,0,indeterminado,baja,"señalado por mad,etiqueta sin una regla determinista que identifique la causa",conservar marcado hasta contrastar con otras fuentes,False
803,nivel,2026-02-09 12:05:00,2026-02-09 12:07:00,3,"mad,etiqueta",,1502,6.800048828125,0.0,0,indeterminado,baja,"señalado por mad,etiqueta sin una regla determinista que identifique la causa",conservar marcado hasta contrastar con otras fuentes,False
803,nivel,2026-02-09 12:21:00,2026-02-09 12:21:00,1,"mad,etiqueta",,1502,5.5,0.0,0,indeterminado,baja,"señalado por mad,etiqueta sin una regla determinista que identifique la causa",conservar marcado hasta contrastar con otras fuentes,False
803,nivel,2026-02-09 12:39:00,2026-02-09 12:46:00,8,"mad,etiqueta",,1502,7.699951171875,0.0,0,indeterminado,baja,"señalado por mad,etiqueta sin una regla determinista que identifique la causa",conservar marcado hasta contrastar con otras fuentes,False
803,nivel,2026-02-09 13:16:00,2026-02-09 13:42:00,27,"mad,etiqueta",,1502,8.0999755859375,0.0,0,indeterminado,baja,"señalado por mad,etiqueta sin una regla determinista que identifique la causa",conservar marcado hasta contrastar con otras fuentes,False
803,nivel,2026-02-09 14:34:00,2026-02-09 14:43:00,10,"mad,etiqueta",,1502,8.70001220703125,0.0,0,indeterminado,baja,"señalado por mad,etiqueta sin una regla determinista que identifique la causa",conservar marcado hasta contrastar con otras fuentes,False
803,nivel,2026-02-09 14:57:00,2026-02-09 15:54:00,58,"mad,etiqueta",,1502,10.0999755859375,0.0,0,indeterminado,baja,"señalado por mad,etiqueta sin una regla determinista que identifique la causa",conservar marcado hasta contrastar con otras fuentes,False
803,nivel,2026-02-09 16:37:00,2026-02-09 16:39:00,3,"mad,etiqueta",,1502,9.5,0.0,0,indeterminado,baja,"señalado por mad,etiqueta sin una regla determinista que identifique la causa",conservar marcado hasta contrastar con otras fuentes,False
803,nivel,2026-02-09 17:20:00,2026-02-09 17:20:00,1,"mad,etiqueta",,1502,5.800048828125,0.0,1,indeterminado,baja,"señalado por mad,etiqueta sin una regla determinista que identifique la causa",conservar marcado hasta contrastar con otras fuentes,False
803,nivel,2026-02-09 18:02:00,2026-02-09 18:02:00,1,"mad,etiqueta",,1502,5.0,0.0,0,indeterminado,baja,"señalado por mad,etiqueta sin una regla determinista que identifique la causa",conservar marcado hasta contrastar con otras fuentes,False
803,nivel,2026-02-09 19:44:00,2026-02-09 19:46:00,3,reglas,R:nivel,1,1.29998779296875,0.0,0,configuracion,media,nivel negativo sostenido: posible cota cero o desplazamiento del cero,corregir metadatos o configuración y reprocesar,False
803,nivel,2026-02-09 19:58:00,2026-02-09 20:24:00,27,reglas,R:nivel,1,0.9000244140625,0.0,0,indeterminado,baja,señalado por reglas sin una regla determinista que identifique la causa,conservar marcado hasta contrastar con otras fuentes,False
803,nivel,2026-02-09 20:41:00,2026-02-09 20:51:00,11,reglas,R:nivel,1,0.5999755859375,0.0,0,indeterminado,baja,señalado por reglas sin una regla determinista que identifique la causa,conservar marcado hasta contrastar con otras fuentes,False
803,nivel,2026-02-09 21:12:00,2026-02-09 22:22:00,71,"reglas,etiqueta",R:nivel,1502,4.20001220703125,0.0,0,configuracion,media,nivel negativo sostenido: posible cota cero o desplazamiento del cero,corregir metadatos o configuración y reprocesar,False
803,nivel,2026-02-09 23:20:00,2026-02-09 23:20:00,1,reglas,R:nivel,1,1.4000244140625,0.0,0,configuracion,media,nivel negativo sostenido: posible cota cero o desplazamiento del cero,corregir metadatos o configuración y reprocesar,False
803,nivel,2026-02-09 23:50:00,2026-02-09 23:58:00,9,"reglas,mad,etiqueta",R:nivel,1502,7.20001220703125,0.0,0,indeterminado,baja,"señalado por reglas,mad,etiqueta sin una regla determinista que identifique la causa",conservar marcado hasta contrastar con otras fuentes,False
803,nivel,2026-02-10 00:13:00,2026-02-10 00:55:00,43,"reglas,mad,etiqueta",R:nivel,1502,7.20001220703125,0.0,0,indeterminado,baja,"señalado por reglas,mad,etiqueta sin una regla determinista que identifique la causa",conservar marcado hasta contrastar con otras fuentes,False
803,nivel,2026-02-10 01:58:00,2026-02-10 02:06:00,9,"reglas,mad,etiqueta",R:nivel,1502,8.0,0.0,0,indeterminado,baja,"señalado por reglas,mad,etiqueta sin una regla determinista que identifique la causa",conservar marcado hasta contrastar con otras fuentes,False
803,nivel,2026-02-10 03:44:00,2026-02-10 03:46:00,3,"mad,etiqueta",,1502,7.29998779296875,0.0,0,indeterminado,baja,"señalado por mad,etiqueta sin una regla determinista que identifique la causa",conservar marcado hasta contrastar con otras fuentes,False
803,nivel,2026-02-10 03:58:00,2026-02-10 04:38:00,41,"reglas,mad,etiqueta",R:nivel,1502,5.800048828125,0.0,0,indeterminado,baja,"señalado por reglas,mad,etiqueta sin una regla determinista que identifique la causa",conservar marcado hasta contrastar con otras fuentes,False
803,nivel,2026-02-10 05:10:00,2026-02-10 05:49:00,40,"reglas,mad,etiqueta",R:nivel,1502,5.29998779296875,0.0,0,indeterminado,baja,"señalado por reglas,mad,etiqueta sin una regla determinista que identifique la causa",conservar marcado hasta contrastar con otras fuentes,False
803,nivel,2026-02-10 06:01:00,2026-02-10 06:03:00,3,reglas,R:nivel,1,2.5,0.0,0,configuracion,media,nivel negativo sostenido: posible cota cero o desplazamiento del cero,corregir metadatos o configuración y reprocesar,False
803,nivel,2026-02-10 06:35:00,2026-02-10 06:38:00,4,"reglas,mad,etiqueta",R:nivel,1502,5.10003662109375,0.0,0,indeterminado,baja,"señalado por reglas,mad,etiqueta sin una regla determinista que identifique la causa",conservar marcado hasta contrastar con otras fuentes,False
803,nivel,2026-02-10 07:04:00,2026-02-10 07:11:00,8,"mad,etiqueta",,1502,6.4000244140625,0.0,0,indeterminado,baja,"señalado por mad,etiqueta sin una regla determinista que identifique la causa",conservar marcado hasta contrastar con otras fuentes,False
803,nivel,2026-02-10 08:11:00,2026-02-10 08:15:00,5,"mad,etiqueta",,1502,6.10003662109375,0.0,0,indeterminado,baja,"señalado por mad,etiqueta sin una regla determinista que identifique la causa",conservar marcado hasta contrastar con otras fuentes,False
803,nivel,2026-02-10 09:01:00,2026-02-10 09:01:00,1,"mad,etiqueta",,1502,4.39996337890625,0.0,0,indeterminado,baja,"señalado por mad,etiqueta sin una regla determinista que identifique la causa",conservar marcado hasta contrastar con otras fuentes,False
803,nivel,2026-02-10 09:55:00,2026-02-10 09:55:00,1,"mad,etiqueta",,1502,5.9000244140625,0.0,0,indeterminado,baja,"señalado por mad,etiqueta sin una regla determinista que identifique la causa",conservar marcado hasta contrastar con otras fuentes,False
803,nivel,2026-02-10 15:18:00,2026-02-10 15:39:00,22,"reglas,etiqueta",R:nivel,1502,2.800048828125,0.07,0,indeterminado,baja,"señalado por reglas,etiqueta sin una regla determinista que identifique la causa",conservar marcado hasta contrastar con otras fuentes,False
803,nivel,2026-02-10 17:06:00,2026-02-10 17:06:00,1,"mad,etiqueta",,1502,5.5,0.07,0,indeterminado,baja,"señalado por mad,etiqueta sin una regla determinista que identifique la causa",conservar marcado hasta contrastar con otras fuentes,False
803,nivel,2026-02-10 17:22:00,2026-02-10 17:22:00,1,"reglas,etiqueta",R:nivel,1502,4.0,0.07,0,configuracion,media,nivel negativo sostenido: posible cota cero o desplazamiento del cero,corregir metadatos o configuración y reprocesar,False
803,nivel,2026-02-10 18:01:00,2026-02-10 18:24:00,24,"reglas,etiqueta",R:nivel,1502,4.199951171875,0.09,0,indeterminado,baja,"señalado por reglas,etiqueta sin una regla determinista que identifique la causa",conservar marcado hasta contrastar con otras fuentes,False
803,nivel,2026-02-10 18:42:00,2026-02-10 18:42:00,1,"reglas,etiqueta",R:nivel,1502,3.5,0.09,0,configuracion,media,nivel negativo sostenido: posible cota cero o desplazamiento del cero,corregir metadatos o configuración y reprocesar,False
803,nivel,2026-02-10 19:04:00,2026-02-10 19:05:00,2,"reglas,etiqueta",R:nivel,1502,3.699951171875,0.09,0,configuracion,media,nivel negativo sostenido: posible cota cero o desplazamiento del cero,corregir metadatos o configuración y reprocesar,False
803,nivel,2026-02-10 19:48:00,2026-02-10 19:48:00,1,"reglas,etiqueta",R:nivel,1502,3.0999755859375,0.09,0,configuracion,media,nivel negativo sostenido: posible cota cero o desplazamiento del cero,corregir metadatos o configuración y reprocesar,False
803,nivel,2026-02-10 20:01:00,2026-02-10 20:03:00,3,"reglas,etiqueta",R:nivel,1502,3.60003662109375,0.09,0,configuracion,media,nivel negativo sostenido: posible cota cero o desplazamiento del cero,corregir metadatos o configuración y reprocesar,False
803,nivel,2026-02-10 20:21:00,2026-02-10 20:43:00,23,"reglas,etiqueta",R:nivel,1502,4.0999755859375,0.07,0,indeterminado,baja,"señalado por reglas,etiqueta sin una regla determinista que identifique la causa",conservar marcado hasta contrastar con otras fuentes,False
803,nivel,2026-02-10 20:55:00,2026-02-10 20:56:00,2,reglas,R:nivel,1,2.5,0.05,0,configuracion,media,nivel negativo sostenido: posible cota cero o desplazamiento del cero,corregir metadatos o configuración y reprocesar,False
803,nivel,2026-02-10 21:17:00,2026-02-10 21:35:00,19,reglas,R:nivel,1,2.9000244140625,0.02,0,indeterminado,baja,señalado por reglas sin una regla determinista que identifique la causa,conservar marcado hasta contrastar con otras fuentes,False
803,nivel,2026-02-10 22:46:00,2026-02-10 22:48:00,3,"reglas,etiqueta",R:nivel,1502,3.0999755859375,0.02,0,configuracion,media,nivel negativo sostenido: posible cota cero o desplazamiento del cero,corregir metadatos o configuración y reprocesar,False
803,nivel,2026-02-10 23:04:00,2026-02-10 23:04:00,1,"reglas,etiqueta",R:nivel,1502,3.5,0.02,0,configuracion,media,nivel negativo sostenido: posible cota cero o desplazamiento del cero,corregir metadatos o configuración y reprocesar,False
803,nivel,2026-02-11 00:33:00,2026-02-11 00:34:00,2,"mad,etiqueta",,1502,4.70001220703125,0.0,0,indeterminado,baja,"señalado por mad,etiqueta sin una regla determinista que identifique la causa",conservar marcado hasta contrastar con otras fuentes,False
803,nivel,2026-02-11 03:41:00,2026-02-11 03:43:00,3,"mad,etiqueta",,1502,6.39996337890625,0.0,0,indeterminado,baja,"señalado por mad,etiqueta sin una regla determinista que identifique la causa",conservar marcado hasta contrastar con otras fuentes,False
803,nivel,2026-02-11 03:59:00,2026-02-11 04:00:00,2,"mad,etiqueta",,1502,5.20001220703125,0.0,0,indeterminado,baja,"señalado por mad,etiqueta sin una regla determinista que identifique la causa",conservar marcado hasta contrastar con otras fuentes,False
803,nivel,2026-02-11 10:46:00,2026-02-11 10:57:00,12,"mad,etiqueta",,1502,4.9000244140625,0.0,0,indeterminado,baja,"señalado por mad,etiqueta sin una regla determinista que identifique la causa",conservar marcado hasta contrastar con otras fuentes,False
803,nivel,2026-02-11 13:24:00,2026-02-11 13:24:00,1,"mad,etiqueta",,1502,6.5,0.0,0,indeterminado,baja,"señalado por mad,etiqueta sin una regla determinista que identifique la causa",conservar marcado hasta contrastar con otras fuentes,False
803,nivel,2026-02-11 15:14:00,2026-02-11 15:15:00,2,reglas,R:nivel,1,2.70001220703125,1.78,0,configuracion,media,nivel negativo sostenido: posible cota cero o desplazamiento del cero,corregir metadatos o configuración y reprocesar,False
803,nivel,2026-02-11 18:30:00,2026-02-11 18:30:00,1,"reglas,etiqueta",R:nivel,1502,2.699951171875,1.78,0,configuracion,media,nivel negativo sostenido: posible cota cero o desplazamiento del cero,corregir metadatos o configuración y reprocesar,False
803,nivel,2026-02-11 18:57:00,2026-02-11 18:59:00,3,"reglas,etiqueta",R:nivel,1502,2.89996337890625,1.78,0,configuracion,media,nivel negativo sostenido: posible cota cero o desplazamiento del cero,corregir metadatos o configuración y reprocesar,False
803,nivel,2026-02-11 19:11:00,2026-02-11 19:12:00,2,"reglas,etiqueta",R:nivel,1502,3.0,1.78,0,configuracion,media,nivel negativo sostenido: posible cota cero o desplazamiento del cero,corregir metadatos o configuración y reprocesar,False
803,nivel,2026-02-11 19:28:00,2026-02-11 19:33:00,6,"mad,etiqueta",,1502,5.5,1.78,0,indeterminado,baja,"señalado por mad,etiqueta sin una regla determinista que identifique la causa",conservar marcado hasta contrastar con otras fuentes,False
803,nivel,2026-02-11 20:02:00,2026-02-11 20:03:00,2,"mad,etiqueta",,1502,5.20001220703125,1.78,0,indeterminado,baja,"señalado por mad,etiqueta sin una regla determinista que identifique la causa",conservar marcado hasta contrastar con otras fuentes,False
803,nivel,2026-02-12 00:14:00,2026-02-12 00:14:00,1,reglas,R:nivel,1,2.0,0.0,0,configuracion,media,nivel negativo sostenido: posible cota cero o desplazamiento del cero,corregir metadatos o configuración y reprocesar,False
803,nivel,2026-02-12 00:33:00,2026-02-12 00:33:00,1,reglas,R:nivel,1,2.39996337890625,0.0,0,configuracion,media,nivel negativo sostenido: posible cota cero o desplazamiento del cero,corregir metadatos o configuración y reprocesar,False
803,nivel,2026-02-12 00:49:00,2026-02-12 00:57:00,9,reglas,R:nivel,1,2.29998779296875,0.0,0,indeterminado,baja,señalado por reglas sin una regla determinista que identifique la causa,conservar marcado hasta contrastar con otras fuentes,False
803,nivel,2026-02-12 01:17:00,2026-02-12 01:20:00,4,reglas,R:nivel,1,1.9000244140625,0.0,0,configuracion,media,nivel negativo sostenido: posible cota cero o desplazamiento del cero,corregir metadatos o configuración y reprocesar,False
803,nivel,2026-02-12 01:34:00,2026-02-12 01:36:00,3,reglas,R:nivel,1,2.70001220703125,0.0,0,configuracion,media,nivel negativo sostenido: posible cota cero o desplazamiento del cero,corregir metadatos o configuración y reprocesar,False
803,nivel,2026-02-12 01:48:00,2026-02-12 02:16:00,29,"reglas,etiqueta",R:nivel,1502,2.70001220703125,0.0,0,configuracion,media,nivel negativo sostenido: posible cota cero o desplazamiento del cero,corregir metadatos o configuración y reprocesar,False
803,nivel,2026-02-12 02:33:00,2026-02-12 02:40:00,8,"reglas,etiqueta",R:nivel,1502,2.5,0.0,0,configuracion,media,nivel negativo sostenido: posible cota cero o desplazamiento del cero,corregir metadatos o configuración y reprocesar,False
803,nivel,2026-02-12 02:56:00,2026-02-12 02:58:00,3,"reglas,etiqueta",R:nivel,1502,2.29998779296875,0.0,0,configuracion,media,nivel negativo sostenido: posible cota cero o desplazamiento del cero,corregir metadatos o configuración y reprocesar,False
803,nivel,2026-02-12 03:21:00,2026-02-12 03:23:00,3,"reglas,etiqueta",R:nivel,1502,2.5,0.0,0,configuracion,media,nivel negativo sostenido: posible cota cero o desplazamiento del cero,corregir metadatos o configuración y reprocesar,False
803,nivel,2026-02-12 03:49:00,2026-02-12 03:58:00,10,reglas,R:nivel,1,2.5999755859375,0.0,0,configuracion,media,nivel negativo sostenido: posible cota cero o desplazamiento del cero,corregir metadatos o configuración y reprocesar,False
803,nivel,2026-02-12 07:00:00,2026-02-12 07:01:00,2,"reglas,etiqueta",R:nivel,1502,3.0,0.0,0,configuracion,media,nivel negativo sostenido: posible cota cero o desplazamiento del cero,corregir metadatos o configuración y reprocesar,False
803,nivel,2026-02-12 09:07:00,2026-02-12 09:07:00,1,"reglas,etiqueta",R:nivel,1502,2.699951171875,0.0,0,configuracion,media,nivel negativo sostenido: posible cota cero o desplazamiento del cero,corregir metadatos o configuración y reprocesar,False
803,nivel,2026-02-12 09:42:00,2026-02-12 09:42:00,1,reglas,R:nivel,1,2.60003662109375,0.0,0,configuracion,media,nivel negativo sostenido: posible cota cero o desplazamiento del cero,corregir metadatos o configuración y reprocesar,False
803,nivel,2026-02-12 10:53:00,2026-02-12 10:53:00,1,reglas,R:nivel,1,2.39996337890625,0.0,0,configuracion,media,nivel negativo sostenido: posible cota cero o desplazamiento del cero,corregir metadatos o configuración y reprocesar,False
803,nivel,2026-02-12 11:23:00,2026-02-12 11:23:00,1,reglas,R:nivel,1,2.70001220703125,0.0,0,configuracion,media,nivel negativo sostenido: posible cota cero o desplazamiento del cero,corregir metadatos o configuración y reprocesar,False
803,nivel,2026-02-12 11:46:00,2026-02-12 11:46:00,1,"mad,etiqueta",,1502,7.0999755859375,0.0,0,indeterminado,baja,"señalado por mad,etiqueta sin una regla determinista que identifique la causa",conservar marcado hasta contrastar con otras fuentes,False
803,nivel,2026-02-12 12:42:00,2026-02-12 12:44:00,3,"mad,etiqueta",,1502,8.29998779296875,0.0,0,indeterminado,baja,"señalado por mad,etiqueta sin una regla determinista que identifique la causa",conservar marcado hasta contrastar con otras fuentes,False
803,nivel,2026-02-12 14:16:00,2026-02-12 14:17:00,2,"mad,etiqueta",,1502,9.5,0.0,0,indeterminado,baja,"señalado por mad,etiqueta sin una regla determinista que identifique la causa",conservar marcado hasta contrastar con otras fuentes,False
803,nivel,2026-02-12 16:48:00,2026-02-12 16:48:00,1,"mad,etiqueta",,1502,6.0,0.0,0,indeterminado,baja,"señalado por mad,etiqueta sin una regla determinista que identifique la causa",conservar marcado hasta contrastar con otras fuentes,False
803,nivel,2026-02-12 21:43:00,2026-02-12 21:45:00,3,"reglas,etiqueta",R:nivel,1502,2.5999755859375,0.09,0,configuracion,media,nivel negativo sostenido: posible cota cero o desplazamiento del cero,corregir metadatos o configuración y reprocesar,False
803,nivel,2026-02-12 23:17:00,2026-02-12 23:18:00,2,reglas,R:nivel,1,1.29998779296875,0.09,0,configuracion,media,nivel negativo sostenido: posible cota cero o desplazamiento del cero,corregir metadatos o configuración y reprocesar,False
803,nivel,2026-02-13 00:07:00,2026-02-13 04:18:00,252,"reglas,mad,etiqueta",R:nivel,1502,8.0999755859375,0.09,0,configuracion,media,nivel negativo sostenido: posible cota cero o desplazamiento del cero,corregir metadatos o configuración y reprocesar,False
803,nivel,2026-02-13 05:45:00,2026-02-13 05:45:00,1,"reglas,etiqueta",R:nivel,1502,2.70001220703125,0.0,0,configuracion,media,nivel negativo sostenido: posible cota cero o desplazamiento del cero,corregir metadatos o configuración y reprocesar,False
803,nivel,2026-02-13 06:49:00,2026-02-13 06:49:00,1,reglas,R:nivel,1,2.89996337890625,0.0,0,configuracion,media,nivel negativo sostenido: posible cota cero o desplazamiento del cero,corregir metadatos o configuración y reprocesar,False
803,nivel,2026-02-13 07:33:00,2026-02-13 07:40:00,8,"reglas,etiqueta",R:nivel,1502,3.10003662109375,0.0,0,configuracion,media,nivel negativo sostenido: posible cota cero o desplazamiento del cero,corregir metadatos o configuración y reprocesar,False
803,nivel,2026-02-13 09:13:00,2026-02-13 09:14:00,2,reglas,R:nivel,1,2.20001220703125,0.0,0,configuracion,media,nivel negativo sostenido: posible cota cero o desplazamiento del cero,corregir metadatos o configuración y reprocesar,False
803,nivel,2026-02-13 09:33:00,2026-02-13 09:43:00,11,reglas,R:nivel,1,2.20001220703125,0.0,0,configuracion,media,nivel negativo sostenido: posible cota cero o desplazamiento del cero,corregir metadatos o configuración y reprocesar,False
803,nivel,2026-02-13 10:07:00,2026-02-13 10:07:00,1,reglas,R:nivel,1,2.60003662109375,0.0,0,configuracion,media,nivel negativo sostenido: posible cota cero o desplazamiento del cero,corregir metadatos o configuración y reprocesar,False
803,nivel,2026-02-13 20:34:00,2026-02-13 20:37:00,4,"mad,etiqueta",,1502,10.0,4.83,0,indeterminado,baja,"señalado por mad,etiqueta sin una regla determinista que identifique la causa",conservar marcado hasta contrastar con otras fuentes,False
803,nivel,2026-02-13 23:04:00,2026-02-13 23:04:00,1,"mad,etiqueta",,1502,4.5999755859375,0.02,0,indeterminado,baja,"señalado por mad,etiqueta sin una regla determinista que identifique la causa",conservar marcado hasta contrastar con otras fuentes,False
803,nivel,2026-02-13 23:39:00,2026-02-13 23:44:00,6,"mad,etiqueta",,1502,7.79998779296875,0.0,0,indeterminado,baja,"señalado por mad,etiqueta sin una regla determinista que identifique la causa",conservar marcado hasta contrastar con otras fuentes,False
803,nivel,2026-02-14 00:02:00,2026-02-14 00:11:00,10,"mad,etiqueta",,1502,7.20001220703125,0.0,0,indeterminado,baja,"señalado por mad,etiqueta sin una regla determinista que identifique la causa",conservar marcado hasta contrastar con otras fuentes,False
803,nivel,2026-02-14 01:27:00,2026-02-14 01:30:00,4,"mad,etiqueta",,1502,7.9000244140625,0.0,0,indeterminado,baja,"señalado por mad,etiqueta sin una regla determinista que identifique la causa",conservar marcado hasta contrastar con otras fuentes,False
803,nivel,2026-02-14 04:28:00,2026-02-14 04:32:00,5,"mad,etiqueta",,1502,5.10003662109375,0.04,0,indeterminado,baja,"señalado por mad,etiqueta sin una regla determinista que identifique la causa",conservar marcado hasta contrastar con otras fuentes,False
803,nivel,2026-02-14 05:28:00,2026-02-14 05:39:00,12,"reglas,mad,etiqueta",R:nivel,1502,4.5,0.04,0,indeterminado,baja,"señalado por reglas,mad,etiqueta sin una regla determinista que identifique la causa",conservar marcado hasta contrastar con otras fuentes,False
803,nivel,2026-02-14 06:10:00,2026-02-14 06:34:00,25,"reglas,mad,etiqueta",R:nivel,1502,7.79998779296875,0.04,0,indeterminado,baja,"señalado por reglas,mad,etiqueta sin una regla determinista que identifique la causa",conservar marcado hasta contrastar con otras fuentes,False
803,nivel,2026-02-14 06:54:00,2026-02-14 06:56:00,3,"reglas,mad,etiqueta",R:nivel,151,4.5999755859375,0.04,0,configuracion,media,nivel negativo sostenido: posible cota cero o desplazamiento del cero,corregir metadatos o configuración y reprocesar,False
803,nivel,2026-02-14 09:48:00,2026-02-14 09:50:00,3,"mad,etiqueta",,1502,7.9000244140625,0.0,0,indeterminado,baja,"señalado por mad,etiqueta sin una regla determinista que identifique la causa",conservar marcado hasta contrastar con otras fuentes,False
803,nivel,2026-02-14 10:44:00,2026-02-14 10:59:00,16,"mad,etiqueta",,1502,9.20001220703125,0.01,0,indeterminado,baja,"señalado por mad,etiqueta sin una regla determinista que identifique la causa",conservar marcado hasta contrastar con otras fuentes,False
803,nivel,2026-02-14 12:02:00,2026-02-14 12:35:00,34,"mad,etiqueta",,1502,9.89996337890625,0.01,0,indeterminado,baja,"señalado por mad,etiqueta sin una regla determinista que identifique la causa",conservar marcado hasta contrastar con otras fuentes,False
803,nivel,2026-02-14 12:55:00,2026-02-14 12:57:00,3,"mad,etiqueta",,1502,8.0999755859375,0.01,0,indeterminado,baja,"señalado por mad,etiqueta sin una regla determinista que identifique la causa",conservar marcado hasta contrastar con otras fuentes,False
803,nivel,2026-02-14 13:09:00,2026-02-14 13:38:00,30,"mad,etiqueta",,1502,9.20001220703125,0.01,0,indeterminado,baja,"señalado por mad,etiqueta sin una regla determinista que identifique la causa",conservar marcado hasta contrastar con otras fuentes,False
803,nivel,2026-02-14 19:05:00,2026-02-14 19:14:00,10,reglas,R:nivel,1,2.20001220703125,15.49,0,indeterminado,baja,señalado por reglas sin una regla determinista que identifique la causa,conservar marcado hasta contrastar con otras fuentes,False
803,nivel,2026-02-14 19:37:00,2026-02-14 20:22:00,46,"reglas,regimen",R:nivel,1,2.70001220703125,15.49,1,indeterminado,baja,"señalado por reglas,regimen sin una regla determinista que identifique la causa",conservar marcado hasta contrastar con otras fuentes,False
803,nivel,2026-02-14 20:37:00,2026-02-14 20:37:00,1,reglas,R:nivel,1,1.29998779296875,15.49,0,configuracion,media,nivel negativo sostenido: posible cota cero o desplazamiento del cero,corregir metadatos o configuración y reprocesar,False
803,nivel,2026-02-14 21:11:00,2026-02-14 21:15:00,5,reglas,R:nivel,1,1.5,14.48,0,configuracion,media,nivel negativo sostenido: posible cota cero o desplazamiento del cero,corregir metadatos o configuración y reprocesar,False
803,nivel,2026-02-14 21:31:00,2026-02-14 21:33:00,3,reglas,R:nivel,1,1.5,12.95,0,configuracion,media,nivel negativo sostenido: posible cota cero o desplazamiento del cero,corregir metadatos o configuración y reprocesar,False
803,nivel,2026-02-14 22:07:00,2026-02-14 22:22:00,16,"reglas,mad,etiqueta",R:nivel,1502,9.0999755859375,9.14,0,indeterminado,baja,"señalado por reglas,mad,etiqueta sin una regla determinista que identifique la causa",conservar marcado hasta contrastar con otras fuentes,False
803,nivel,2026-02-14 22:58:00,2026-02-14 23:13:00,16,reglas,R:nivel,1,1.0,0.13,0,indeterminado,baja,señalado por reglas sin una regla determinista que identifique la causa,conservar marcado hasta contrastar con otras fuentes,False
803,nivel,2026-02-14 23:29:00,2026-02-15 00:34:00,66,"reglas,mad,etiqueta",R:nivel,1502,6.5,0.07,0,indeterminado,baja,"señalado por reglas,mad,etiqueta sin una regla determinista que identifique la causa",conservar marcado hasta contrastar con otras fuentes,False
803,nivel,2026-02-15 01:31:00,2026-02-15 01:32:00,2,"mad,etiqueta",,1502,5.60003662109375,0.0,0,indeterminado,baja,"señalado por mad,etiqueta sin una regla determinista que identifique la causa",conservar marcado hasta contrastar con otras fuentes,False
803,nivel,2026-02-15 02:17:00,2026-02-15 02:18:00,2,"mad,etiqueta",,1502,5.29998779296875,0.0,0,indeterminado,baja,"señalado por mad,etiqueta sin una regla determinista que identifique la causa",conservar marcado hasta contrastar con otras fuentes,False
803,nivel,2026-02-15 04:24:00,2026-02-15 04:27:00,4,"mad,etiqueta",,1502,5.0,0.0,0,indeterminado,baja,"señalado por mad,etiqueta sin una regla determinista que identifique la causa",conservar marcado hasta contrastar con otras fuentes,False
803,nivel,2026-02-15 04:55:00,2026-02-15 05:10:00,16,"reglas,mad,etiqueta",R:nivel,1502,8.9000244140625,0.0,0,indeterminado,baja,"señalado por reglas,mad,etiqueta sin una regla determinista que identifique la causa",conservar marcado hasta contrastar con otras fuentes,False
803,nivel,2026-02-15 05:26:00,2026-02-15 05:27:00,2,"mad,etiqueta",,1502,8.5,0.0,0,indeterminado,baja,"señalado por mad,etiqueta sin una regla determinista que identifique la causa",conservar marcado hasta contrastar con otras fuentes,False
803,nivel,2026-02-15 06:50:00,2026-02-15 07:08:00,19,"reglas,mad,etiqueta",R:nivel,1502,9.0,0.0,0,indeterminado,baja,"señalado por reglas,mad,etiqueta sin una regla determinista que identifique la causa",conservar marcado hasta contrastar con otras fuentes,False
803,nivel,2026-02-15 07:41:00,2026-02-15 07:53:00,13,"mad,regimen,etiqueta",,1502,6.20001220703125,0.0,0,configuracion,baja,cambio persistente de nivel sin corroboración: posible ajuste o calibración,corregir metadatos o configuración y reprocesar,False
803,nivel,2026-02-15 08:09:00,2026-02-15 08:10:00,2,"reglas,regimen",R:nivel,1,2.29998779296875,0.0,0,configuracion,media,nivel negativo sostenido: posible cota cero o desplazamiento del cero,corregir metadatos o configuración y reprocesar,False
803,nivel,2026-02-15 08:47:00,2026-02-15 08:48:00,2,"mad,etiqueta",,1502,7.199951171875,0.0,0,indeterminado,baja,"señalado por mad,etiqueta sin una regla determinista que identifique la causa",conservar marcado hasta contrastar con otras fuentes,False
803,nivel,2026-02-15 09:38:00,2026-02-15 11:02:00,85,"reglas,mad,etiqueta",R:nivel,1502,8.4000244140625,0.0,0,indeterminado,baja,"señalado por reglas,mad,etiqueta sin una regla determinista que identifique la causa",conservar marcado hasta contrastar con otras fuentes,False
803,nivel,2026-02-15 11:29:00,2026-02-15 11:29:00,1,"mad,etiqueta",,1502,4.800048828125,0.0,0,indeterminado,baja,"señalado por mad,etiqueta sin una regla determinista que identifique la causa",conservar marcado hasta contrastar con otras fuentes,False
803,nivel,2026-02-15 11:42:00,2026-02-15 12:44:00,63,"reglas,mad,etiqueta",R:nivel,1502,6.5999755859375,0.0,0,indeterminado,baja,"señalado por reglas,mad,etiqueta sin una regla determinista que identifique la causa",conservar marcado hasta contrastar con otras fuentes,False
803,nivel,2026-02-15 13:00:00,2026-02-15 13:01:00,2,reglas,R:nivel,1,3.20001220703125,0.01,0,configuracion,media,nivel negativo sostenido: posible cota cero o desplazamiento del cero,corregir metadatos o configuración y reprocesar,False
803,nivel,2026-02-15 13:23:00,2026-02-15 13:29:00,7,reglas,R:nivel,1,4.0,0.02,0,configuracion,media,nivel negativo sostenido: posible cota cero o desplazamiento del cero,corregir metadatos o configuración y reprocesar,False
803,nivel,2026-02-15 18:04:00,2026-02-15 18:12:00,9,"reglas,mad,etiqueta",R:nivel,1502,4.4000244140625,5.59,0,indeterminado,baja,"señalado por reglas,mad,etiqueta sin una regla determinista que identifique la causa",conservar marcado hasta contrastar con otras fuentes,False
803,nivel,2026-02-15 18:42:00,2026-02-15 19:28:00,47,"reglas,mad,etiqueta",R:nivel,1502,5.10003662109375,5.59,0,indeterminado,baja,"señalado por reglas,mad,etiqueta sin una regla determinista que identifique la causa",conservar marcado hasta contrastar con otras fuentes,False
803,nivel,2026-02-15 19:42:00,2026-02-15 20:12:00,31,"reglas,mad,etiqueta",R:nivel,1502,7.0999755859375,5.59,0,indeterminado,baja,"señalado por reglas,mad,etiqueta sin una regla determinista que identifique la causa",conservar marcado hasta contrastar con otras fuentes,False
803,nivel,2026-02-15 20:28:00,2026-02-15 20:35:00,8,"reglas,mad,etiqueta",R:nivel,1502,5.89996337890625,4.32,0,configuracion,media,nivel negativo sostenido: posible cota cero o desplazamiento del cero,corregir metadatos o configuración y reprocesar,False
803,nivel,2026-02-15 20:53:00,2026-02-15 21:16:00,24,"reglas,mad,etiqueta",R:nivel,1502,8.4000244140625,2.29,0,indeterminado,baja,"señalado por reglas,mad,etiqueta sin una regla determinista que identifique la causa",conservar marcado hasta contrastar con otras fuentes,False
803,nivel,2026-02-15 21:29:00,2026-02-15 21:33:00,5,"mad,etiqueta",,1502,7.89996337890625,0.25,0,indeterminado,baja,"señalado por mad,etiqueta sin una regla determinista que identifique la causa",conservar marcado hasta contrastar con otras fuentes,False
803,nivel,2026-02-15 22:08:00,2026-02-15 22:09:00,2,reglas,R:nivel,1,0.9000244140625,0.02,0,configuracion,media,nivel negativo sostenido: posible cota cero o desplazamiento del cero,corregir metadatos o configuración y reprocesar,False
803,nivel,2026-02-15 22:49:00,2026-02-15 22:52:00,4,"reglas,mad,etiqueta",R:nivel,1502,9.29998779296875,0.02,0,indeterminado,baja,"señalado por reglas,mad,etiqueta sin una regla determinista que identifique la causa",conservar marcado hasta contrastar con otras fuentes,False
803,nivel,2026-02-16 00:05:00,2026-02-16 00:05:00,1,"mad,etiqueta",,1502,5.5999755859375,0.0,0,indeterminado,baja,"señalado por mad,etiqueta sin una regla determinista que identifique la causa",conservar marcado hasta contrastar con otras fuentes,False
803,nivel,2026-02-16 00:38:00,2026-02-16 01:06:00,29,"mad,etiqueta",,1502,8.10003662109375,0.0,0,indeterminado,baja,"señalado por mad,etiqueta sin una regla determinista que identifique la causa",conservar marcado hasta contrastar con otras fuentes,False
803,nivel,2026-02-16 01:25:00,2026-02-16 01:28:00,4,"mad,etiqueta",,1502,5.9000244140625,0.0,0,indeterminado,baja,"señalado por mad,etiqueta sin una regla determinista que identifique la causa",conservar marcado hasta contrastar con otras fuentes,False
803,nivel,2026-02-16 01:47:00,2026-02-16 01:47:00,1,"mad,etiqueta",,1502,4.79998779296875,0.0,0,indeterminado,baja,"señalado por mad,etiqueta sin una regla determinista que identifique la causa",conservar marcado hasta contrastar con otras fuentes,False
803,nivel,2026-02-16 02:37:00,2026-02-16 02:44:00,8,"mad,etiqueta",,1502,6.5,0.0,0,indeterminado,baja,"señalado por mad,etiqueta sin una regla determinista que identifique la causa",conservar marcado hasta contrastar con otras fuentes,False
803,nivel,2026-02-16 03:54:00,2026-02-16 05:09:00,76,"reglas,mad,etiqueta",R:nivel,1502,7.5,0.02,0,indeterminado,baja,"señalado por reglas,mad,etiqueta sin una regla determinista que identifique la causa",conservar marcado hasta contrastar con otras fuentes,False
803,nivel,2026-02-16 05:27:00,2026-02-16 05:37:00,11,"reglas,mad,etiqueta",R:nivel,1502,5.29998779296875,0.03,1,indeterminado,baja,"señalado por reglas,mad,etiqueta sin una regla determinista que identifique la causa",conservar marcado hasta contrastar con otras fuentes,False
803,nivel,2026-02-16 05:49:00,2026-02-16 06:35:00,47,"reglas,mad,etiqueta",R:nivel,1502,6.800048828125,0.03,0,configuracion,media,nivel negativo sostenido: posible cota cero o desplazamiento del cero,corregir metadatos o configuración y reprocesar,False
803,nivel,2026-02-16 06:47:00,2026-02-16 07:55:00,69,reglas,R:nivel,1,0.89996337890625,0.03,0,configuracion,media,nivel negativo sostenido: posible cota cero o desplazamiento del cero,corregir metadatos o configuración y reprocesar,False
803,nivel,2026-02-16 08:11:00,2026-02-16 08:21:00,11,"mad,etiqueta",,1502,9.9000244140625,0.03,0,indeterminado,baja,"señalado por mad,etiqueta sin una regla determinista que identifique la causa",conservar marcado hasta contrastar con otras fuentes,False
803,nivel,2026-02-16 08:39:00,2026-02-16 08:40:00,2,"mad,etiqueta",,1502,7.79998779296875,0.03,0,indeterminado,baja,"señalado por mad,etiqueta sin una regla determinista que identifique la causa",conservar marcado hasta contrastar con otras fuentes,False
803,nivel,2026-02-16 09:52:00,2026-02-16 09:52:00,1,reglas,R:nivel,1,1.29998779296875,0.01,0,configuracion,media,nivel negativo sostenido: posible cota cero o desplazamiento del cero,corregir metadatos o configuración y reprocesar,False
803,nivel,2026-02-16 10:34:00,2026-02-16 10:34:00,1,reglas,R:nivel,1,1.79998779296875,0.02,0,configuracion,media,nivel negativo sostenido: posible cota cero o desplazamiento del cero,corregir metadatos o configuración y reprocesar,False
803,nivel,2026-02-16 11:06:00,2026-02-16 11:47:00,42,"mad,etiqueta",,1502,8.89996337890625,0.01,0,indeterminado,baja,"señalado por mad,etiqueta sin una regla determinista que identifique la causa",conservar marcado hasta contrastar con otras fuentes,False
803,nivel,2026-02-16 12:19:00,2026-02-16 12:20:00,2,"mad,etiqueta",,1502,7.79998779296875,0.01,0,indeterminado,baja,"señalado por mad,etiqueta sin una regla determinista que identifique la causa",conservar marcado hasta contrastar con otras fuentes,False
803,nivel,2026-02-16 12:40:00,2026-02-16 12:43:00,4,"mad,etiqueta",,1502,7.0,0.01,0,indeterminado,baja,"señalado por mad,etiqueta sin una regla determinista que identifique la causa",conservar marcado hasta contrastar con otras fuentes,False
803,nivel,2026-02-16 13:35:00,2026-02-16 13:54:00,20,"mad,etiqueta",,1502,8.0,0.01,0,indeterminado,baja,"señalado por mad,etiqueta sin una regla determinista que identifique la causa",conservar marcado hasta contrastar con otras fuentes,False
803,nivel,2026-02-16 15:10:00,2026-02-16 15:27:00,18,"mad,etiqueta",,1502,9.29998779296875,0.01,0,indeterminado,baja,"señalado por mad,etiqueta sin una regla determinista que identifique la causa",conservar marcado hasta contrastar con otras fuentes,False
803,nivel,2026-02-16 16:02:00,2026-02-16 16:19:00,18,"mad,etiqueta",,1502,7.5,0.0,0,indeterminado,baja,"señalado por mad,etiqueta sin una regla determinista que identifique la causa",conservar marcado hasta contrastar con otras fuentes,False
803,nivel,2026-02-16 22:48:00,2026-02-16 22:48:00,1,reglas,R:nivel,1,1.199951171875,1.02,0,configuracion,media,nivel negativo sostenido: posible cota cero o desplazamiento del cero,corregir metadatos o configuración y reprocesar,False
803,nivel,2026-02-17 01:21:00,2026-02-17 01:53:00,33,reglas,R:nivel,1,1.800048828125,0.07,0,indeterminado,baja,señalado por reglas sin una regla determinista que identifique la causa,conservar marcado hasta contrastar con otras fuentes,False
803,nivel,2026-02-17 02:05:00,2026-02-17 04:29:00,145,"reglas,mad,etiqueta",R:nivel,1502,8.89996337890625,0.0,0,indeterminado,baja,"señalado por reglas,mad,etiqueta sin una regla determinista que identifique la causa",conservar marcado hasta contrastar con otras fuentes,False
803,nivel,2026-02-17 05:25:00,2026-02-17 05:27:00,3,reglas,R:nivel,1,1.39996337890625,0.25,0,configuracion,media,nivel negativo sostenido: posible cota cero o desplazamiento del cero,corregir metadatos o configuración y reprocesar,False
803,nivel,2026-02-17 07:01:00,2026-02-17 07:06:00,6,reglas,R:nivel,1,2.0,0.25,0,indeterminado,baja,señalado por reglas sin una regla determinista que identifique la causa,conservar marcado hasta contrastar con otras fuentes,False
803,nivel,2026-02-17 09:38:00,2026-02-17 09:42:00,5,"mad,etiqueta",,1502,5.199951171875,0.25,0,indeterminado,baja,"señalado por mad,etiqueta sin una regla determinista que identifique la causa",conservar marcado hasta contrastar con otras fuentes,False
803,nivel,2026-02-17 12:18:00,2026-02-17 12:19:00,2,"mad,etiqueta",,1502,7.800048828125,0.0,0,indeterminado,baja,"señalado por mad,etiqueta sin una regla determinista que identifique la causa",conservar marcado hasta contrastar con otras fuentes,False
803,nivel,2026-02-17 12:39:00,2026-02-17 12:52:00,14,"mad,etiqueta",,1502,7.0,0.0,0,indeterminado,baja,"señalado por mad,etiqueta sin una regla determinista que identifique la causa",conservar marcado hasta contrastar con otras fuentes,False
803,nivel,2026-02-17 13:04:00,2026-02-17 13:25:00,22,"mad,etiqueta",,1502,8.10003662109375,0.0,0,indeterminado,baja,"señalado por mad,etiqueta sin una regla determinista que identifique la causa",conservar marcado hasta contrastar con otras fuentes,False
803,nivel,2026-02-17 13:46:00,2026-02-17 14:02:00,17,"mad,etiqueta",,1502,7.0,0.0,0,indeterminado,baja,"señalado por mad,etiqueta sin una regla determinista que identifique la causa",conservar marcado hasta contrastar con otras fuentes,False
803,nivel,2026-02-17 14:17:00,2026-02-17 14:17:00,1,"mad,etiqueta",,1502,7.79998779296875,0.0,0,indeterminado,baja,"señalado por mad,etiqueta sin una regla determinista que identifique la causa",conservar marcado hasta contrastar con otras fuentes,False
803,nivel,2026-02-17 15:30:00,2026-02-17 15:33:00,4,"mad,etiqueta",,1502,6.29998779296875,0.04,0,indeterminado,baja,"señalado por mad,etiqueta sin una regla determinista que identifique la causa",conservar marcado hasta contrastar con otras fuentes,False
803,nivel,2026-02-17 15:56:00,2026-02-17 16:08:00,13,"mad,etiqueta",,1502,6.79998779296875,0.05,0,indeterminado,baja,"señalado por mad,etiqueta sin una regla determinista que identifique la causa",conservar marcado hasta contrastar con otras fuentes,False
803,nivel,2026-02-17 16:30:00,2026-02-17 16:31:00,2,"mad,etiqueta",,1502,6.10003662109375,0.05,0,indeterminado,baja,"señalado por mad,etiqueta sin una regla determinista que identifique la causa",conservar marcado hasta contrastar con otras fuentes,False
803,nivel,2026-02-17 17:33:00,2026-02-17 17:58:00,26,"reglas,mad,etiqueta",R:nivel,1502,7.29998779296875,0.05,1,indeterminado,baja,"señalado por reglas,mad,etiqueta sin una regla determinista que identifique la causa",conservar marcado hasta contrastar con otras fuentes,False
803,nivel,2026-02-17 18:15:00,2026-02-17 18:33:00,19,"reglas,mad,etiqueta",R:nivel,1502,7.29998779296875,0.05,0,indeterminado,baja,"señalado por reglas,mad,etiqueta sin una regla determinista que identifique la causa",conservar marcado hasta contrastar con otras fuentes,False
803,nivel,2026-02-17 18:48:00,2026-02-17 19:15:00,28,"reglas,mad,etiqueta",R:nivel,1502,7.0,0.06,0,indeterminado,baja,"señalado por reglas,mad,etiqueta sin una regla determinista que identifique la causa",conservar marcado hasta contrastar con otras fuentes,False
803,nivel,2026-02-17 20:06:00,2026-02-17 20:30:00,25,"reglas,mad,etiqueta",R:nivel,1502,5.70001220703125,0.06,0,indeterminado,baja,"señalado por reglas,mad,etiqueta sin una regla determinista que identifique la causa",conservar marcado hasta contrastar con otras fuentes,False
803,nivel,2026-02-17 20:52:00,2026-02-17 20:58:00,7,"mad,etiqueta",,1502,5.70001220703125,0.05,0,indeterminado,baja,"señalado por mad,etiqueta sin una regla determinista que identifique la causa",conservar marcado hasta contrastar con otras fuentes,False
803,nivel,2026-02-17 22:55:00,2026-02-17 22:56:00,2,"mad,etiqueta",,1502,6.20001220703125,0.01,0,indeterminado,baja,"señalado por mad,etiqueta sin una regla determinista que identifique la causa",conservar marcado hasta contrastar con otras fuentes,False
803,nivel,2026-02-18 00:46:00,2026-02-18 00:51:00,6,"mad,etiqueta",,1502,4.79998779296875,0.09,0,indeterminado,baja,"señalado por mad,etiqueta sin una regla determinista que identifique la causa",conservar marcado hasta contrastar con otras fuentes,False
803,nivel,2026-02-18 05:45:00,2026-02-18 05:50:00,6,"reglas,etiqueta",R:nivel,1502,2.5999755859375,8.64,0,configuracion,media,nivel negativo sostenido: posible cota cero o desplazamiento del cero,corregir metadatos o configuración y reprocesar,False
803,nivel,2026-02-18 06:06:00,2026-02-18 06:08:00,3,"reglas,etiqueta",R:nivel,1502,3.0,8.64,0,configuracion,media,nivel negativo sostenido: posible cota cero o desplazamiento del cero,corregir metadatos o configuración y reprocesar,False
803,nivel,2026-02-18 07:40:00,2026-02-18 07:48:00,9,"reglas,etiqueta",R:nivel,1502,3.20001220703125,8.64,0,configuracion,media,nivel negativo sostenido: posible cota cero o desplazamiento del cero,corregir metadatos o configuración y reprocesar,False
803,nivel,2026-02-18 09:03:00,2026-02-18 09:07:00,5,"reglas,etiqueta",R:nivel,1502,3.29998779296875,4.83,0,configuracion,media,nivel negativo sostenido: posible cota cero o desplazamiento del cero,corregir metadatos o configuración y reprocesar,False
803,nivel,2026-02-18 09:21:00,2026-02-18 09:31:00,11,reglas,R:nivel,1,2.79998779296875,1.52,0,configuracion,media,nivel negativo sostenido: posible cota cero o desplazamiento del cero,corregir metadatos o configuración y reprocesar,False
803,nivel,2026-02-18 10:33:00,2026-02-18 10:34:00,2,"mad,etiqueta",,1502,4.79998779296875,0.02,0,indeterminado,baja,"señalado por mad,etiqueta sin una regla determinista que identifique la causa",conservar marcado hasta contrastar con otras fuentes,False
803,nivel,2026-02-18 12:17:00,2026-02-18 12:17:00,1,"mad,etiqueta",,1502,4.70001220703125,1.02,0,indeterminado,baja,"señalado por mad,etiqueta sin una regla determinista que identifique la causa",conservar marcado hasta contrastar con otras fuentes,False
803,nivel,2026-02-18 14:18:00,2026-02-18 14:34:00,17,"mad,etiqueta",,1502,7.9000244140625,3.05,0,indeterminado,baja,"señalado por mad,etiqueta sin una regla determinista que identifique la causa",conservar marcado hasta contrastar con otras fuentes,False
803,nivel,2026-02-18 14:59:00,2026-02-18 14:59:00,1,"mad,etiqueta",,1502,6.5,3.05,0,indeterminado,baja,"señalado por mad,etiqueta sin una regla determinista que identifique la causa",conservar marcado hasta contrastar con otras fuentes,False
803,nivel,2026-02-18 15:29:00,2026-02-18 15:29:00,1,"mad,etiqueta",,1502,6.39996337890625,3.05,0,indeterminado,baja,"señalado por mad,etiqueta sin una regla determinista que identifique la causa",conservar marcado hasta contrastar con otras fuentes,False
803,nivel,2026-02-18 16:05:00,2026-02-18 16:53:00,49,"mad,etiqueta",,1502,8.4000244140625,3.05,0,indeterminado,baja,"señalado por mad,etiqueta sin una regla determinista que identifique la causa",conservar marcado hasta contrastar con otras fuentes,False
803,nivel,2026-02-18 17:06:00,2026-02-18 17:14:00,9,"mad,etiqueta",,1502,8.5999755859375,3.05,0,indeterminado,baja,"señalado por mad,etiqueta sin una regla determinista que identifique la causa",conservar marcado hasta contrastar con otras fuentes,False
803,nivel,2026-02-18 17:37:00,2026-02-18 17:42:00,6,"mad,etiqueta",,1502,8.70001220703125,3.05,0,indeterminado,baja,"señalado por mad,etiqueta sin una regla determinista que identifique la causa",conservar marcado hasta contrastar con otras fuentes,False
803,nivel,2026-02-18 18:08:00,2026-02-18 18:13:00,6,"mad,etiqueta",,1502,7.0999755859375,2.79,0,indeterminado,baja,"señalado por mad,etiqueta sin una regla determinista que identifique la causa",conservar marcado hasta contrastar con otras fuentes,False
803,nivel,2026-02-18 18:30:00,2026-02-18 18:30:00,1,"mad,etiqueta",,1502,6.29998779296875,0.19,0,indeterminado,baja,"señalado por mad,etiqueta sin una regla determinista que identifique la causa",conservar marcado hasta contrastar con otras fuentes,False
803,nivel,2026-02-18 19:36:00,2026-02-18 19:43:00,8,"reglas,mad,etiqueta",R:nivel,1502,6.70001220703125,0.19,0,indeterminado,baja,"señalado por reglas,mad,etiqueta sin una regla determinista que identifique la causa",conservar marcado hasta contrastar con otras fuentes,False
803,nivel,2026-02-18 19:55:00,2026-02-18 19:55:00,1,"mad,etiqueta",,1502,8.699951171875,0.19,0,indeterminado,baja,"señalado por mad,etiqueta sin una regla determinista que identifique la causa",conservar marcado hasta contrastar con otras fuentes,False
803,nivel,2026-02-18 20:08:00,2026-02-18 20:08:00,1,reglas,R:nivel,1,1.70001220703125,0.19,0,configuracion,media,nivel negativo sostenido: posible cota cero o desplazamiento del cero,corregir metadatos o configuración y reprocesar,False
803,nivel,2026-02-18 20:29:00,2026-02-18 20:37:00,9,reglas,R:nivel,1,1.60003662109375,0.19,0,indeterminado,baja,señalado por reglas sin una regla determinista que identifique la causa,conservar marcado hasta contrastar con otras fuentes,False
803,nivel,2026-02-18 20:59:00,2026-02-18 20:59:00,1,reglas,R:nivel,1,1.70001220703125,0.03,0,configuracion,media,nivel negativo sostenido: posible cota cero o desplazamiento del cero,corregir metadatos o configuración y reprocesar,False
803,nivel,2026-02-18 21:49:00,2026-02-18 21:51:00,3,"mad,etiqueta",,1502,5.20001220703125,0.02,0,indeterminado,baja,"señalado por mad,etiqueta sin una regla determinista que identifique la causa",conservar marcado hasta contrastar con otras fuentes,False
803,nivel,2026-02-18 22:05:00,2026-02-18 22:06:00,2,"mad,etiqueta",,1502,6.70001220703125,0.01,0,indeterminado,baja,"señalado por mad,etiqueta sin una regla determinista que identifique la causa",conservar marcado hasta contrastar con otras fuentes,False
803,nivel,2026-02-18 22:27:00,2026-02-18 22:41:00,15,"mad,etiqueta",,1502,5.9000244140625,0.0,0,indeterminado,baja,"señalado por mad,etiqueta sin una regla determinista que identifique la causa",conservar marcado hasta contrastar con otras fuentes,False
803,nivel,2026-02-18 22:54:00,2026-02-18 23:07:00,14,"mad,etiqueta",,1502,9.0999755859375,0.0,0,indeterminado,baja,"señalado por mad,etiqueta sin una regla determinista que identifique la causa",conservar marcado hasta contrastar con otras fuentes,False
803,nivel,2026-02-18 23:25:00,2026-02-18 23:27:00,3,"mad,etiqueta",,1502,9.5,0.0,0,indeterminado,baja,"señalado por mad,etiqueta sin una regla determinista que identifique la causa",conservar marcado hasta contrastar con otras fuentes,False
803,nivel,2026-02-18 23:43:00,2026-02-18 23:43:00,1,reglas,R:nivel,1,1.0999755859375,0.0,0,configuracion,media,nivel negativo sostenido: posible cota cero o desplazamiento del cero,corregir metadatos o configuración y reprocesar,False
803,nivel,2026-02-18 23:56:00,2026-02-18 23:58:00,3,"mad,etiqueta",,1502,7.800048828125,0.0,0,indeterminado,baja,"señalado por mad,etiqueta sin una regla determinista que identifique la causa",conservar marcado hasta contrastar con otras fuentes,False
803,nivel,2026-02-19 00:11:00,2026-02-19 04:20:00,250,"reglas,mad,etiqueta",R:nivel,1502,7.5,0.0,0,configuracion,media,nivel negativo sostenido: posible cota cero o desplazamiento del cero,corregir metadatos o configuración y reprocesar,False
803,nivel,2026-02-19 04:38:00,2026-02-19 04:46:00,9,"mad,etiqueta",,1502,7.0,0.0,0,indeterminado,baja,"señalado por mad,etiqueta sin una regla determinista que identifique la causa",conservar marcado hasta contrastar con otras fuentes,False
803,nivel,2026-02-19 04:58:00,2026-02-19 05:17:00,20,"reglas,mad,etiqueta",R:nivel,1502,7.9000244140625,0.0,0,indeterminado,baja,"señalado por reglas,mad,etiqueta sin una regla determinista que identifique la causa",conservar marcado hasta contrastar con otras fuentes,False
803,nivel,2026-02-19 05:54:00,2026-02-19 05:56:00,3,"reglas,mad,etiqueta",R:nivel,1502,5.4000244140625,0.0,0,indeterminado,baja,"señalado por reglas,mad,etiqueta sin una regla determinista que identifique la causa",conservar marcado hasta contrastar con otras fuentes,False
803,nivel,2026-02-19 06:09:00,2026-02-19 06:09:00,1,reglas,R:nivel,1,1.0999755859375,0.0,0,configuracion,media,nivel negativo sostenido: posible cota cero o desplazamiento del cero,corregir metadatos o configuración y reprocesar,False
803,nivel,2026-02-19 06:35:00,2026-02-19 06:47:00,13,"reglas,mad,etiqueta",R:nivel,1502,6.9000244140625,0.0,0,indeterminado,baja,"señalado por reglas,mad,etiqueta sin una regla determinista que identifique la causa",conservar marcado hasta contrastar con otras fuentes,False
803,nivel,2026-02-19 07:06:00,2026-02-19 07:06:00,1,"mad,etiqueta",,1502,4.5999755859375,0.0,0,indeterminado,baja,"señalado por mad,etiqueta sin una regla determinista que identifique la causa",conservar marcado hasta contrastar con otras fuentes,False
803,nivel,2026-02-19 08:34:00,2026-02-19 08:34:00,1,"mad,etiqueta",,1502,4.70001220703125,0.0,0,indeterminado,baja,"señalado por mad,etiqueta sin una regla determinista que identifique la causa",conservar marcado hasta contrastar con otras fuentes,False
803,nivel,2026-02-19 08:46:00,2026-02-19 08:51:00,6,"mad,etiqueta",,1502,6.5,0.0,0,indeterminado,baja,"señalado por mad,etiqueta sin una regla determinista que identifique la causa",conservar marcado hasta contrastar con otras fuentes,False
803,nivel,2026-02-19 09:14:00,2026-02-19 09:15:00,2,"mad,etiqueta",,1502,6.70001220703125,0.0,0,indeterminado,baja,"señalado por mad,etiqueta sin una regla determinista que identifique la causa",conservar marcado hasta contrastar con otras fuentes,False
803,nivel,2026-02-19 10:02:00,2026-02-19 10:37:00,36,"mad,etiqueta",,1502,7.10003662109375,0.0,0,indeterminado,baja,"señalado por mad,etiqueta sin una regla determinista que identifique la causa",conservar marcado hasta contrastar con otras fuentes,False
803,nivel,2026-02-19 11:58:00,2026-02-19 11:58:00,1,"mad,etiqueta",,1502,4.699951171875,0.0,0,indeterminado,baja,"señalado por mad,etiqueta sin una regla determinista que identifique la causa",conservar marcado hasta contrastar con otras fuentes,False
803,nivel,2026-02-19 12:10:00,2026-02-19 12:26:00,17,"mad,etiqueta",,1502,4.9000244140625,0.0,0,indeterminado,baja,"señalado por mad,etiqueta sin una regla determinista que identifique la causa",conservar marcado hasta contrastar con otras fuentes,False
803,nivel,2026-02-19 12:44:00,2026-02-19 12:57:00,14,"mad,etiqueta",,1502,7.10003662109375,0.0,0,indeterminado,baja,"señalado por mad,etiqueta sin una regla determinista que identifique la causa",conservar marcado hasta contrastar con otras fuentes,False
803,nivel,2026-02-19 14:12:00,2026-02-19 14:12:00,1,"mad,etiqueta",,1502,8.20001220703125,0.02,0,indeterminado,baja,"señalado por mad,etiqueta sin una regla determinista que identifique la causa",conservar marcado hasta contrastar con otras fuentes,False
803,nivel,2026-02-19 14:24:00,2026-02-19 14:28:00,5,"mad,etiqueta",,1502,8.5999755859375,0.02,0,indeterminado,baja,"señalado por mad,etiqueta sin una regla determinista que identifique la causa",conservar marcado hasta contrastar con otras fuentes,False
803,nivel,2026-02-19 14:42:00,2026-02-19 14:46:00,5,"mad,etiqueta",,1502,8.10003662109375,0.02,0,indeterminado,baja,"señalado por mad,etiqueta sin una regla determinista que identifique la causa",conservar marcado hasta contrastar con otras fuentes,False
803,nivel,2026-02-19 15:00:00,2026-02-19 15:01:00,2,"mad,etiqueta",,1502,6.4000244140625,0.02,0,indeterminado,baja,"señalado por mad,etiqueta sin una regla determinista que identifique la causa",conservar marcado hasta contrastar con otras fuentes,False
803,nivel,2026-02-19 15:19:00,2026-02-19 15:32:00,14,"mad,etiqueta",,1502,10.10003662109375,0.02,0,indeterminado,baja,"señalado por mad,etiqueta sin una regla determinista que identifique la causa",conservar marcado hasta contrastar con otras fuentes,False
803,nivel,2026-02-19 16:52:00,2026-02-19 16:53:00,2,"mad,etiqueta",,1502,9.20001220703125,0.02,0,indeterminado,baja,"señalado por mad,etiqueta sin una regla determinista que identifique la causa",conservar marcado hasta contrastar con otras fuentes,False
803,nivel,2026-02-19 17:05:00,2026-02-19 17:09:00,5,"reglas,mad,etiqueta",R:nivel,1502,9.0,0.02,0,indeterminado,baja,"señalado por reglas,mad,etiqueta sin una regla determinista que identifique la causa",conservar marcado hasta contrastar con otras fuentes,False
803,nivel,2026-02-19 17:48:00,2026-02-19 17:49:00,2,"mad,etiqueta",,1502,6.20001220703125,0.02,0,indeterminado,baja,"señalado por mad,etiqueta sin una regla determinista que identifique la causa",conservar marcado hasta contrastar con otras fuentes,False
803,nivel,2026-02-19 18:48:00,2026-02-19 18:51:00,4,reglas,R:nivel,1,1.0999755859375,0.02,0,configuracion,media,nivel negativo sostenido: posible cota cero o desplazamiento del cero,corregir metadatos o configuración y reprocesar,False
803,nivel,2026-02-19 19:03:00,2026-02-19 19:03:00,1,reglas,R:nivel,1,0.79998779296875,0.02,0,configuracion,media,nivel negativo sostenido: posible cota cero o desplazamiento del cero,corregir metadatos o configuración y reprocesar,False
803,nivel,2026-02-19 19:16:00,2026-02-19 21:44:00,149,"reglas,mad,etiqueta",R:nivel,1502,8.800048828125,0.02,0,indeterminado,baja,"señalado por reglas,mad,etiqueta sin una regla determinista que identifique la causa",conservar marcado hasta contrastar con otras fuentes,False
803,nivel,2026-02-19 22:02:00,2026-02-19 22:10:00,9,"mad,etiqueta",,1502,6.39996337890625,0.0,0,indeterminado,baja,"señalado por mad,etiqueta sin una regla determinista que identifique la causa",conservar marcado hasta contrastar con otras fuentes,False
803,nivel,2026-02-19 22:27:00,2026-02-19 22:35:00,9,"mad,etiqueta",,1502,6.10003662109375,0.0,0,indeterminado,baja,"señalado por mad,etiqueta sin una regla determinista que identifique la causa",conservar marcado hasta contrastar con otras fuentes,False
803,nivel,2026-02-19 22:47:00,2026-02-19 22:51:00,5,"mad,etiqueta",,1502,8.5,0.0,0,indeterminado,baja,"señalado por mad,etiqueta sin una regla determinista que identifique la causa",conservar marcado hasta contrastar con otras fuentes,False
803,nivel,2026-02-19 23:54:00,2026-02-20 00:01:00,8,reglas,R:nivel,1,2.60003662109375,0.0,0,configuracion,media,nivel negativo sostenido: posible cota cero o desplazamiento del cero,corregir metadatos o configuración y reprocesar,False
803,nivel,2026-02-20 01:06:00,2026-02-20 02:33:00,88,"reglas,mad,etiqueta",R:nivel,1502,9.300048828125,0.51,0,indeterminado,baja,"señalado por reglas,mad,etiqueta sin una regla determinista que identifique la causa",conservar marcado hasta contrastar con otras fuentes,False
803,nivel,2026-02-20 02:48:00,2026-02-20 02:53:00,6,"mad,etiqueta",,1502,9.9000244140625,0.51,0,indeterminado,baja,"señalado por mad,etiqueta sin una regla determinista que identifique la causa",conservar marcado hasta contrastar con otras fuentes,False
803,nivel,2026-02-20 03:07:00,2026-02-20 04:24:00,78,"reglas,mad,etiqueta",R:nivel,1502,9.300048828125,0.51,0,configuracion,media,nivel negativo sostenido: posible cota cero o desplazamiento del cero,corregir metadatos o configuración y reprocesar,False
803,nivel,2026-02-20 04:40:00,2026-02-20 04:42:00,3,reglas,R:nivel,1,1.20001220703125,0.51,0,configuracion,media,nivel negativo sostenido: posible cota cero o desplazamiento del cero,corregir metadatos o configuración y reprocesar,False
803,nivel,2026-02-20 07:21:00,2026-02-20 07:35:00,15,"reglas,etiqueta",R:nivel,1502,3.5,0.0,0,configuracion,media,nivel negativo sostenido: posible cota cero o desplazamiento del cero,corregir metadatos o configuración y reprocesar,False
803,nivel,2026-02-20 07:47:00,2026-02-20 07:52:00,6,"reglas,etiqueta",R:nivel,1502,3.70001220703125,0.0,0,configuracion,media,nivel negativo sostenido: posible cota cero o desplazamiento del cero,corregir metadatos o configuración y reprocesar,False
803,nivel,2026-02-20 08:57:00,2026-02-20 09:02:00,6,"reglas,etiqueta",R:nivel,1502,3.79998779296875,0.0,1,configuracion,media,nivel negativo sostenido: posible cota cero o desplazamiento del cero,corregir metadatos o configuración y reprocesar,False
803,nivel,2026-02-20 09:43:00,2026-02-20 09:43:00,1,"reglas,etiqueta",R:nivel,1502,2.699951171875,0.0,0,configuracion,media,nivel negativo sostenido: posible cota cero o desplazamiento del cero,corregir metadatos o configuración y reprocesar,False
803,nivel,2026-02-20 10:04:00,2026-02-20 10:10:00,7,reglas,R:nivel,1,2.79998779296875,0.0,0,indeterminado,baja,señalado por reglas sin una regla determinista que identifique la causa,conservar marcado hasta contrastar con otras fuentes,False
803,nivel,2026-02-20 12:58:00,2026-02-20 13:03:00,6,"mad,etiqueta",,1502,6.79998779296875,0.0,0,indeterminado,baja,"señalado por mad,etiqueta sin una regla determinista que identifique la causa",conservar marcado hasta contrastar con otras fuentes,False
803,nivel,2026-02-20 13:23:00,2026-02-20 13:25:00,3,"mad,etiqueta",,1502,8.70001220703125,0.0,0,indeterminado,baja,"señalado por mad,etiqueta sin una regla determinista que identifique la causa",conservar marcado hasta contrastar con otras fuentes,False
803,nivel,2026-02-20 14:37:00,2026-02-20 14:37:00,1,"mad,etiqueta",,1502,7.5999755859375,0.0,0,indeterminado,baja,"señalado por mad,etiqueta sin una regla determinista que identifique la causa",conservar marcado hasta contrastar con otras fuentes,False
803,nivel,2026-02-20 14:59:00,2026-02-20 15:07:00,9,"mad,etiqueta",,1502,9.5999755859375,0.0,0,indeterminado,baja,"señalado por mad,etiqueta sin una regla determinista que identifique la causa",conservar marcado hasta contrastar con otras fuentes,False
803,nivel,2026-02-20 15:31:00,2026-02-20 15:34:00,4,"mad,etiqueta",,1502,6.70001220703125,0.0,0,indeterminado,baja,"señalado por mad,etiqueta sin una regla determinista que identifique la causa",conservar marcado hasta contrastar con otras fuentes,False
803,nivel,2026-02-20 16:10:00,2026-02-20 16:16:00,7,"mad,etiqueta",,1502,8.800048828125,0.0,0,indeterminado,baja,"señalado por mad,etiqueta sin una regla determinista que identifique la causa",conservar marcado hasta contrastar con otras fuentes,False
803,nivel,2026-02-20 19:03:00,2026-02-20 19:03:00,1,"mad,etiqueta",,1502,4.5999755859375,0.0,0,indeterminado,baja,"señalado por mad,etiqueta sin una regla determinista que identifique la causa",conservar marcado hasta contrastar con otras fuentes,False
803,nivel,2026-02-20 19:33:00,2026-02-20 19:35:00,3,reglas,R:nivel,1,2.0,0.0,0,configuracion,media,nivel negativo sostenido: posible cota cero o desplazamiento del cero,corregir metadatos o configuración y reprocesar,False
803,nivel,2026-02-20 20:10:00,2026-02-20 20:11:00,2,reglas,R:nivel,1,1.5,0.0,0,configuracion,media,nivel negativo sostenido: posible cota cero o desplazamiento del cero,corregir metadatos o configuración y reprocesar,False
803,nivel,2026-02-20 20:59:00,2026-02-20 21:03:00,5,"mad,etiqueta",,1502,9.29998779296875,0.0,0,indeterminado,baja,"señalado por mad,etiqueta sin una regla determinista que identifique la causa",conservar marcado hasta contrastar con otras fuentes,False
803,nivel,2026-02-20 22:21:00,2026-02-21 06:05:00,465,"reglas,mad,etiqueta",R:nivel,1502,10.89996337890625,0.09,0,configuracion,media,nivel negativo sostenido: posible cota cero o desplazamiento del cero,corregir metadatos o configuración y reprocesar,False
803,nivel,2026-02-21 07:16:00,2026-02-21 08:13:00,58,"reglas,mad,etiqueta",R:nivel,1502,9.70001220703125,0.0,0,indeterminado,baja,"señalado por reglas,mad,etiqueta sin una regla determinista que identifique la causa",conservar marcado hasta contrastar con otras fuentes,False
803,nivel,2026-02-21 08:29:00,2026-02-21 08:29:00,1,reglas,R:nivel,1,1.300048828125,0.04,0,configuracion,media,nivel negativo sostenido: posible cota cero o desplazamiento del cero,corregir metadatos o configuración y reprocesar,False
803,nivel,2026-02-21 09:10:00,2026-02-21 09:23:00,14,reglas,R:nivel,1,1.800048828125,0.08,0,indeterminado,baja,señalado por reglas sin una regla determinista que identifique la causa,conservar marcado hasta contrastar con otras fuentes,False
803,nivel,2026-02-21 09:42:00,2026-02-21 09:43:00,2,"mad,etiqueta",,1502,8.4000244140625,0.09,0,indeterminado,baja,"señalado por mad,etiqueta sin una regla determinista que identifique la causa",conservar marcado hasta contrastar con otras fuentes,False
803,nivel,2026-02-21 13:15:00,2026-02-21 13:15:00,1,"mad,etiqueta",,1502,5.70001220703125,0.1,0,indeterminado,baja,"señalado por mad,etiqueta sin una regla determinista que identifique la causa",conservar marcado hasta contrastar con otras fuentes,False
803,nivel,2026-02-21 16:59:00,2026-02-21 16:59:00,1,"mad,etiqueta",,1502,6.60003662109375,0.0,0,indeterminado,baja,"señalado por mad,etiqueta sin una regla determinista que identifique la causa",conservar marcado hasta contrastar con otras fuentes,False
803,nivel,2026-02-21 17:27:00,2026-02-21 17:30:00,4,"mad,etiqueta",,1502,8.5,0.0,0,indeterminado,baja,"señalado por mad,etiqueta sin una regla determinista que identifique la causa",conservar marcado hasta contrastar con otras fuentes,False
803,nivel,2026-02-21 18:14:00,2026-02-21 18:21:00,8,"mad,etiqueta",,1502,8.29998779296875,0.0,0,indeterminado,baja,"señalado por mad,etiqueta sin una regla determinista que identifique la causa",conservar marcado hasta contrastar con otras fuentes,False
803,nivel,2026-02-21 18:53:00,2026-02-21 18:53:00,1,reglas,R:nivel,1,2.10003662109375,0.0,0,configuracion,media,nivel negativo sostenido: posible cota cero o desplazamiento del cero,corregir metadatos o configuración y reprocesar,False
803,nivel,2026-02-21 19:10:00,2026-02-21 19:11:00,2,"mad,etiqueta",,1502,7.70001220703125,0.0,0,indeterminado,baja,"señalado por mad,etiqueta sin una regla determinista que identifique la causa",conservar marcado hasta contrastar con otras fuentes,False
803,nivel,2026-02-21 20:02:00,2026-02-21 20:02:00,1,reglas,R:nivel,1,1.79998779296875,0.0,0,configuracion,media,nivel negativo sostenido: posible cota cero o desplazamiento del cero,corregir metadatos o configuración y reprocesar,False
803,nivel,2026-02-21 21:03:00,2026-02-21 21:03:00,1,"mad,etiqueta",,1502,7.0999755859375,0.0,0,indeterminado,baja,"señalado por mad,etiqueta sin una regla determinista que identifique la causa",conservar marcado hasta contrastar con otras fuentes,False
803,nivel,2026-02-21 21:16:00,2026-02-21 21:17:00,2,"mad,etiqueta",,1502,6.89996337890625,0.0,0,indeterminado,baja,"señalado por mad,etiqueta sin una regla determinista que identifique la causa",conservar marcado hasta contrastar con otras fuentes,False
803,nivel,2026-02-21 21:36:00,2026-02-21 21:46:00,11,"reglas,mad,etiqueta",R:nivel,1502,4.800048828125,0.0,0,indeterminado,baja,"señalado por reglas,mad,etiqueta sin una regla determinista que identifique la causa",conservar marcado hasta contrastar con otras fuentes,False
803,nivel,2026-02-21 21:58:00,2026-02-21 21:59:00,2,"mad,etiqueta",,1502,5.20001220703125,0.0,0,indeterminado,baja,"señalado por mad,etiqueta sin una regla determinista que identifique la causa",conservar marcado hasta contrastar con otras fuentes,False
803,nivel,2026-02-21 22:21:00,2026-02-21 22:49:00,29,"reglas,mad,etiqueta",R:nivel,1502,7.4000244140625,0.0,0,indeterminado,baja,"señalado por reglas,mad,etiqueta sin una regla determinista que identifique la causa",conservar marcado hasta contrastar con otras fuentes,False
803,nivel,2026-02-21 23:23:00,2026-02-21 23:32:00,10,"reglas,mad,etiqueta",R:nivel,1502,10.0999755859375,0.0,0,indeterminado,baja,"señalado por reglas,mad,etiqueta sin una regla determinista que identifique la causa",conservar marcado hasta contrastar con otras fuentes,False
803,nivel,2026-02-21 23:49:00,2026-02-22 01:58:00,130,"reglas,mad,etiqueta",R:nivel,1502,9.5,0.0,0,indeterminado,baja,"señalado por reglas,mad,etiqueta sin una regla determinista que identifique la causa",conservar marcado hasta contrastar con otras fuentes,False
803,nivel,2026-02-22 02:27:00,2026-02-22 02:36:00,10,"mad,etiqueta",,1502,5.5,0.0,0,indeterminado,baja,"señalado por mad,etiqueta sin una regla determinista que identifique la causa",conservar marcado hasta contrastar con otras fuentes,False
803,nivel,2026-02-22 03:03:00,2026-02-22 03:12:00,10,"mad,etiqueta",,1502,6.699951171875,0.0,0,indeterminado,baja,"señalado por mad,etiqueta sin una regla determinista que identifique la causa",conservar marcado hasta contrastar con otras fuentes,False
803,nivel,2026-02-22 03:37:00,2026-02-22 03:48:00,12,"mad,etiqueta",,1502,7.29998779296875,0.0,0,indeterminado,baja,"señalado por mad,etiqueta sin una regla determinista que identifique la causa",conservar marcado hasta contrastar con otras fuentes,False
803,nivel,2026-02-22 04:08:00,2026-02-22 04:18:00,11,"mad,etiqueta",,1502,5.89996337890625,0.0,0,indeterminado,baja,"señalado por mad,etiqueta sin una regla determinista que identifique la causa",conservar marcado hasta contrastar con otras fuentes,False
803,nivel,2026-02-22 04:55:00,2026-02-22 04:56:00,2,"mad,etiqueta",,1502,8.0999755859375,0.0,0,indeterminado,baja,"señalado por mad,etiqueta sin una regla determinista que identifique la causa",conservar marcado hasta contrastar con otras fuentes,False
803,nivel,2026-02-22 05:25:00,2026-02-22 05:49:00,25,"reglas,mad,etiqueta",R:nivel,1502,10.0,0.0,0,indeterminado,baja,"señalado por reglas,mad,etiqueta sin una regla determinista que identifique la causa",conservar marcado hasta contrastar con otras fuentes,False
803,nivel,2026-02-22 06:25:00,2026-02-22 06:51:00,27,"reglas,mad,etiqueta",R:nivel,1502,7.20001220703125,0.0,0,indeterminado,baja,"señalado por reglas,mad,etiqueta sin una regla determinista que identifique la causa",conservar marcado hasta contrastar con otras fuentes,False
803,nivel,2026-02-22 07:10:00,2026-02-22 07:12:00,3,reglas,R:nivel,1,1.9000244140625,0.0,0,configuracion,media,nivel negativo sostenido: posible cota cero o desplazamiento del cero,corregir metadatos o configuración y reprocesar,False
803,nivel,2026-02-22 07:27:00,2026-02-22 07:28:00,2,"mad,etiqueta",,1502,6.0,0.0,0,indeterminado,baja,"señalado por mad,etiqueta sin una regla determinista que identifique la causa",conservar marcado hasta contrastar con otras fuentes,False
803,nivel,2026-02-22 08:39:00,2026-02-22 08:39:00,1,reglas,R:nivel,1,1.699951171875,0.0,0,configuracion,media,nivel negativo sostenido: posible cota cero o desplazamiento del cero,corregir metadatos o configuración y reprocesar,False
803,nivel,2026-02-22 08:52:00,2026-02-22 08:53:00,2,reglas,R:nivel,1,1.699951171875,0.0,0,configuracion,media,nivel negativo sostenido: posible cota cero o desplazamiento del cero,corregir metadatos o configuración y reprocesar,False
803,nivel,2026-02-22 09:05:00,2026-02-22 09:06:00,2,"mad,etiqueta",,1502,5.4000244140625,0.0,0,indeterminado,baja,"señalado por mad,etiqueta sin una regla determinista que identifique la causa",conservar marcado hasta contrastar con otras fuentes,False
803,nivel,2026-02-22 09:21:00,2026-02-22 09:21:00,1,"mad,etiqueta",,1502,4.89996337890625,0.0,0,indeterminado,baja,"señalado por mad,etiqueta sin una regla determinista que identifique la causa",conservar marcado hasta contrastar con otras fuentes,False
803,nivel,2026-02-22 10:37:00,2026-02-22 10:38:00,2,reglas,R:nivel,1,2.0,0.0,0,configuracion,media,nivel negativo sostenido: posible cota cero o desplazamiento del cero,corregir metadatos o configuración y reprocesar,False
803,nivel,2026-02-22 11:22:00,2026-02-22 11:26:00,5,"mad,etiqueta",,1502,5.70001220703125,0.01,0,indeterminado,baja,"señalado por mad,etiqueta sin una regla determinista que identifique la causa",conservar marcado hasta contrastar con otras fuentes,False
803,nivel,2026-02-22 12:18:00,2026-02-22 12:18:00,1,reglas,R:nivel,1,1.9000244140625,0.01,0,configuracion,media,nivel negativo sostenido: posible cota cero o desplazamiento del cero,corregir metadatos o configuración y reprocesar,False
803,nivel,2026-02-22 12:40:00,2026-02-22 12:40:00,1,reglas,R:nivel,1,1.89996337890625,0.01,0,configuracion,media,nivel negativo sostenido: posible cota cero o desplazamiento del cero,corregir metadatos o configuración y reprocesar,False
803,nivel,2026-02-22 19:32:00,2026-02-22 19:34:00,3,"reglas,etiqueta",R:nivel,1502,3.199951171875,18.29,0,configuracion,media,nivel negativo sostenido: posible cota cero o desplazamiento del cero,corregir metadatos o configuración y reprocesar,False
803,nivel,2026-02-22 19:48:00,2026-02-22 20:09:00,22,reglas,R:nivel,1,2.89996337890625,18.29,0,configuracion,media,nivel negativo sostenido: posible cota cero o desplazamiento del cero,corregir metadatos o configuración y reprocesar,False
803,nivel,2026-02-22 20:28:00,2026-02-22 20:28:00,1,reglas,R:nivel,1,1.39996337890625,18.29,0,configuracion,media,nivel negativo sostenido: posible cota cero o desplazamiento del cero,corregir metadatos o configuración y reprocesar,False
803,nivel,2026-02-22 20:41:00,2026-02-22 20:44:00,4,reglas,R:nivel,1,1.20001220703125,18.29,0,configuracion,media,nivel negativo sostenido: posible cota cero o desplazamiento del cero,corregir metadatos o configuración y reprocesar,False
803,nivel,2026-02-22 21:03:00,2026-02-22 21:04:00,2,reglas,R:nivel,1,1.70001220703125,17.78,0,configuracion,media,nivel negativo sostenido: posible cota cero o desplazamiento del cero,corregir metadatos o configuración y reprocesar,False
803,nivel,2026-02-22 21:20:00,2026-02-22 21:22:00,3,reglas,R:nivel,1,1.29998779296875,8.38,0,configuracion,media,nivel negativo sostenido: posible cota cero o desplazamiento del cero,corregir metadatos o configuración y reprocesar,False
803,nivel,2026-02-22 21:37:00,2026-02-22 22:13:00,37,"reglas,etiqueta",R:nivel,1502,2.79998779296875,3.05,0,configuracion,media,nivel negativo sostenido: posible cota cero o desplazamiento del cero,corregir metadatos o configuración y reprocesar,False
803,nivel,2026-02-22 22:34:00,2026-02-22 23:03:00,30,"reglas,etiqueta",R:nivel,1502,3.5999755859375,0.07,0,configuracion,media,nivel negativo sostenido: posible cota cero o desplazamiento del cero,corregir metadatos o configuración y reprocesar,False
803,nivel,2026-02-22 23:15:00,2026-02-23 01:36:00,142,"reglas,mad,etiqueta",R:nivel,1502,9.29998779296875,0.03,0,configuracion,media,nivel negativo sostenido: posible cota cero o desplazamiento del cero,corregir metadatos o configuración y reprocesar,False
803,nivel,2026-02-23 02:02:00,2026-02-23 02:06:00,5,"reglas,mad,etiqueta",R:nivel,1502,9.70001220703125,0.0,0,indeterminado,baja,"señalado por reglas,mad,etiqueta sin una regla determinista que identifique la causa",conservar marcado hasta contrastar con otras fuentes,False
803,nivel,2026-02-23 04:21:00,2026-02-23 05:16:00,56,"reglas,mad,etiqueta",R:nivel,1502,8.79998779296875,0.0,0,indeterminado,baja,"señalado por reglas,mad,etiqueta sin una regla determinista que identifique la causa",conservar marcado hasta contrastar con otras fuentes,False
803,nivel,2026-02-23 05:44:00,2026-02-23 05:44:00,1,reglas,R:nivel,1,1.0999755859375,0.0,0,configuracion,media,nivel negativo sostenido: posible cota cero o desplazamiento del cero,corregir metadatos o configuración y reprocesar,False
803,nivel,2026-02-23 06:08:00,2026-02-23 06:08:00,1,reglas,R:nivel,1,1.0,0.0,0,configuracion,media,nivel negativo sostenido: posible cota cero o desplazamiento del cero,corregir metadatos o configuración y reprocesar,False
803,nivel,2026-02-23 06:37:00,2026-02-23 06:38:00,2,"mad,etiqueta",,1502,5.300048828125,0.0,0,indeterminado,baja,"señalado por mad,etiqueta sin una regla determinista que identifique la causa",conservar marcado hasta contrastar con otras fuentes,False
803,nivel,2026-02-23 07:21:00,2026-02-23 07:27:00,7,reglas,R:nivel,1,2.20001220703125,0.0,0,configuracion,media,nivel negativo sostenido: posible cota cero o desplazamiento del cero,corregir metadatos o configuración y reprocesar,False
803,nivel,2026-02-23 07:42:00,2026-02-23 07:42:00,1,"mad,etiqueta",,1502,4.79998779296875,0.0,0,indeterminado,baja,"señalado por mad,etiqueta sin una regla determinista que identifique la causa",conservar marcado hasta contrastar con otras fuentes,False
803,nivel,2026-02-23 08:21:00,2026-02-23 08:32:00,12,"reglas,mad,etiqueta",R:nivel,1502,5.4000244140625,0.0,0,indeterminado,baja,"señalado por reglas,mad,etiqueta sin una regla determinista que identifique la causa",conservar marcado hasta contrastar con otras fuentes,False
803,nivel,2026-02-23 08:48:00,2026-02-23 09:42:00,55,"reglas,mad,etiqueta",R:nivel,1502,7.5999755859375,0.0,0,indeterminado,baja,"señalado por reglas,mad,etiqueta sin una regla determinista que identifique la causa",conservar marcado hasta contrastar con otras fuentes,False
803,nivel,2026-02-23 10:00:00,2026-02-23 10:47:00,48,"reglas,mad,etiqueta",R:nivel,1502,8.4000244140625,0.0,0,indeterminado,baja,"señalado por reglas,mad,etiqueta sin una regla determinista que identifique la causa",conservar marcado hasta contrastar con otras fuentes,False
803,nivel,2026-02-23 11:50:00,2026-02-23 12:17:00,28,"mad,etiqueta",,1502,6.5,0.0,0,indeterminado,baja,"señalado por mad,etiqueta sin una regla determinista que identifique la causa",conservar marcado hasta contrastar con otras fuentes,False
803,nivel,2026-02-23 12:35:00,2026-02-23 12:37:00,3,"mad,etiqueta",,1502,6.20001220703125,0.0,0,indeterminado,baja,"señalado por mad,etiqueta sin una regla determinista que identifique la causa",conservar marcado hasta contrastar con otras fuentes,False
803,nivel,2026-02-23 12:52:00,2026-02-23 12:52:00,1,"mad,etiqueta",,1502,4.5999755859375,0.0,0,indeterminado,baja,"señalado por mad,etiqueta sin una regla determinista que identifique la causa",conservar marcado hasta contrastar con otras fuentes,False
803,nivel,2026-02-23 13:07:00,2026-02-23 13:18:00,12,"mad,etiqueta",,1502,7.89996337890625,0.0,0,indeterminado,baja,"señalado por mad,etiqueta sin una regla determinista que identifique la causa",conservar marcado hasta contrastar con otras fuentes,False
803,nivel,2026-02-23 17:43:00,2026-02-23 17:43:00,1,reglas,R:nivel,1,1.699951171875,1.52,0,configuracion,media,nivel negativo sostenido: posible cota cero o desplazamiento del cero,corregir metadatos o configuración y reprocesar,False
803,nivel,2026-02-23 18:07:00,2026-02-23 18:07:00,1,reglas,R:nivel,1,1.70001220703125,2.29,0,configuracion,media,nivel negativo sostenido: posible cota cero o desplazamiento del cero,corregir metadatos o configuración y reprocesar,False
803,nivel,2026-02-23 18:39:00,2026-02-23 18:40:00,2,reglas,R:nivel,1,1.9000244140625,2.79,0,configuracion,media,nivel negativo sostenido: posible cota cero o desplazamiento del cero,corregir metadatos o configuración y reprocesar,False
803,nivel,2026-02-23 19:04:00,2026-02-23 19:45:00,42,reglas,R:nivel,1,2.60003662109375,2.79,0,configuracion,media,nivel negativo sostenido: posible cota cero o desplazamiento del cero,corregir metadatos o configuración y reprocesar,False
803,nivel,2026-02-23 21:53:00,2026-02-23 21:55:00,3,reglas,R:nivel,1,2.79998779296875,2.29,0,configuracion,media,nivel negativo sostenido: posible cota cero o desplazamiento del cero,corregir metadatos o configuración y reprocesar,False
803,nivel,2026-02-23 23:07:00,2026-02-23 23:07:00,1,reglas,R:nivel,1,1.199951171875,2.03,0,configuracion,media,nivel negativo sostenido: posible cota cero o desplazamiento del cero,corregir metadatos o configuración y reprocesar,False
803,nivel,2026-02-23 23:20:00,2026-02-23 23:22:00,3,"mad,etiqueta",,1502,7.0,2.03,0,indeterminado,baja,"señalado por mad,etiqueta sin una regla determinista que identifique la causa",conservar marcado hasta contrastar con otras fuentes,False
803,nivel,2026-02-23 23:52:00,2026-02-24 00:23:00,32,reglas,R:nivel,1,2.4000244140625,1.27,0,configuracion,media,nivel negativo sostenido: posible cota cero o desplazamiento del cero,corregir metadatos o configuración y reprocesar,False
803,nivel,2026-02-24 07:22:00,2026-02-24 07:30:00,9,"reglas,etiqueta",R:nivel,1502,3.4000244140625,0.51,0,indeterminado,baja,"señalado por reglas,etiqueta sin una regla determinista que identifique la causa",conservar marcado hasta contrastar con otras fuentes,False
803,nivel,2026-02-24 07:44:00,2026-02-24 07:45:00,2,"reglas,etiqueta",R:nivel,1502,3.29998779296875,0.51,0,configuracion,media,nivel negativo sostenido: posible cota cero o desplazamiento del cero,corregir metadatos o configuración y reprocesar,False
803,nivel,2026-02-24 11:37:00,2026-02-24 11:44:00,8,reglas,R:nivel,1,1.5999755859375,0.0,0,configuracion,media,nivel negativo sostenido: posible cota cero o desplazamiento del cero,corregir metadatos o configuración y reprocesar,False
803,nivel,2026-02-24 11:59:00,2026-02-24 12:07:00,9,"reglas,mad,etiqueta",R:nivel,1502,7.5999755859375,0.0,0,indeterminado,baja,"señalado por reglas,mad,etiqueta sin una regla determinista que identifique la causa",conservar marcado hasta contrastar con otras fuentes,False
803,nivel,2026-02-24 12:27:00,2026-02-24 12:37:00,11,"reglas,mad,etiqueta",R:nivel,1502,7.89996337890625,0.0,0,indeterminado,baja,"señalado por reglas,mad,etiqueta sin una regla determinista que identifique la causa",conservar marcado hasta contrastar con otras fuentes,False
803,nivel,2026-02-24 12:51:00,2026-02-24 13:27:00,37,"reglas,mad,etiqueta",R:nivel,1502,8.199951171875,0.0,0,indeterminado,baja,"señalado por reglas,mad,etiqueta sin una regla determinista que identifique la causa",conservar marcado hasta contrastar con otras fuentes,False
803,nivel,2026-02-24 13:49:00,2026-02-24 13:58:00,10,"mad,etiqueta",,1502,8.5,0.01,0,indeterminado,baja,"señalado por mad,etiqueta sin una regla determinista que identifique la causa",conservar marcado hasta contrastar con otras fuentes,False
803,nivel,2026-02-24 14:10:00,2026-02-24 14:10:00,1,"mad,etiqueta",,1502,8.20001220703125,0.02,0,indeterminado,baja,"señalado por mad,etiqueta sin una regla determinista que identifique la causa",conservar marcado hasta contrastar con otras fuentes,False
803,nivel,2026-02-24 15:13:00,2026-02-24 15:15:00,3,"mad,etiqueta",,1502,8.4000244140625,0.02,0,indeterminado,baja,"señalado por mad,etiqueta sin una regla determinista que identifique la causa",conservar marcado hasta contrastar con otras fuentes,False
803,nivel,2026-02-24 15:33:00,2026-02-24 15:48:00,16,"reglas,mad,etiqueta",R:nivel,1502,7.0,0.02,0,indeterminado,baja,"señalado por reglas,mad,etiqueta sin una regla determinista que identifique la causa",conservar marcado hasta contrastar con otras fuentes,False
803,nivel,2026-02-24 16:02:00,2026-02-24 16:22:00,21,"mad,etiqueta",,1502,7.9000244140625,0.02,0,indeterminado,baja,"señalado por mad,etiqueta sin una regla determinista que identifique la causa",conservar marcado hasta contrastar con otras fuentes,False
803,nivel,2026-02-24 17:41:00,2026-02-24 17:44:00,4,reglas,R:nivel,1,4.20001220703125,0.13,0,indeterminado,baja,señalado por reglas sin una regla determinista que identifique la causa,conservar marcado hasta contrastar con otras fuentes,False
803,nivel,2026-02-24 17:58:00,2026-02-24 17:58:00,1,reglas,R:nivel,1,3.10003662109375,0.21,0,configuracion,media,nivel negativo sostenido: posible cota cero o desplazamiento del cero,corregir metadatos o configuración y reprocesar,False
803,nivel,2026-02-24 18:11:00,2026-02-24 18:11:00,1,reglas,R:nivel,1,2.89996337890625,0.51,0,configuracion,media,nivel negativo sostenido: posible cota cero o desplazamiento del cero,corregir metadatos o configuración y reprocesar,False
803,nivel,2026-02-24 18:43:00,2026-02-24 19:33:00,51,reglas,R:nivel,1,4.300048828125,0.51,0,configuracion,media,nivel negativo sostenido: posible cota cero o desplazamiento del cero,corregir metadatos o configuración y reprocesar,False
803,nivel,2026-02-24 21:13:00,2026-02-24 21:13:00,1,reglas,R:nivel,1,3.699951171875,3.3,0,configuracion,media,nivel negativo sostenido: posible cota cero o desplazamiento del cero,corregir metadatos o configuración y reprocesar,False
803,nivel,2026-02-25 12:55:00,2026-02-25 13:00:00,6,"mad,etiqueta",,1502,9.5,0.05,0,indeterminado,baja,"señalado por mad,etiqueta sin una regla determinista que identifique la causa",conservar marcado hasta contrastar con otras fuentes,False
803,nivel,2026-02-25 14:28:00,2026-02-25 14:28:00,1,"mad,etiqueta",,1502,7.800048828125,0.01,0,indeterminado,baja,"señalado por mad,etiqueta sin una regla determinista que identifique la causa",conservar marcado hasta contrastar con otras fuentes,False
803,nivel,2026-02-25 17:00:00,2026-02-25 17:00:00,1,"reglas,etiqueta",R:nivel,1502,2.5,0.01,0,configuracion,media,nivel negativo sostenido: posible cota cero o desplazamiento del cero,corregir metadatos o configuración y reprocesar,False
803,nivel,2026-02-25 18:47:00,2026-02-25 19:14:00,28,reglas,R:nivel,1,2.5,0.0,0,configuracion,media,nivel negativo sostenido: posible cota cero o desplazamiento del cero,corregir metadatos o configuración y reprocesar,False
803,nivel,2026-02-25 20:02:00,2026-02-25 20:24:00,23,reglas,R:nivel,1,2.0,0.0,0,indeterminado,baja,señalado por reglas sin una regla determinista que identifique la causa,conservar marcado hasta contrastar con otras fuentes,False
803,nivel,2026-02-25 20:43:00,2026-02-25 20:43:00,1,reglas,R:nivel,1,1.70001220703125,0.0,0,configuracion,media,nivel negativo sostenido: posible cota cero o desplazamiento del cero,corregir metadatos o configuración y reprocesar,False
803,nivel,2026-02-25 23:38:00,2026-02-25 23:41:00,4,reglas,R:nivel,1,0.5,0.0,0,configuracion,media,nivel negativo sostenido: posible cota cero o desplazamiento del cero,corregir metadatos o configuración y reprocesar,False
803,nivel,2026-02-26 00:31:00,2026-02-26 02:06:00,96,"reglas,etiqueta",R:nivel,1502,2.39996337890625,0.0,0,configuracion,media,nivel negativo sostenido: posible cota cero o desplazamiento del cero,corregir metadatos o configuración y reprocesar,False
803,nivel,2026-02-26 03:59:00,2026-02-26 04:01:00,3,"reglas,mad,etiqueta",R:nivel,1502,5.0999755859375,0.0,0,configuracion,media,nivel negativo sostenido: posible cota cero o desplazamiento del cero,corregir metadatos o configuración y reprocesar,False
803,nivel,2026-02-26 04:18:00,2026-02-26 05:38:00,81,"reglas,mad,etiqueta",R:nivel,1502,8.29998779296875,0.0,0,configuracion,media,nivel negativo sostenido: posible cota cero o desplazamiento del cero,corregir metadatos o configuración y reprocesar,False
803,nivel,2026-02-26 05:50:00,2026-02-26 06:12:00,23,reglas,R:nivel,1,0.79998779296875,0.0,0,configuracion,media,nivel negativo sostenido: posible cota cero o desplazamiento del cero,corregir metadatos o configuración y reprocesar,False
803,nivel,2026-02-26 06:24:00,2026-02-26 06:50:00,27,reglas,R:nivel,1,1.20001220703125,0.0,0,configuracion,media,nivel negativo sostenido: posible cota cero o desplazamiento del cero,corregir metadatos o configuración y reprocesar,False
803,nivel,2026-02-26 07:05:00,2026-02-26 07:15:00,11,"reglas,etiqueta",R:nivel,1502,3.4000244140625,0.0,0,indeterminado,baja,"señalado por reglas,etiqueta sin una regla determinista que identifique la causa",conservar marcado hasta contrastar con otras fuentes,False
803,nivel,2026-02-26 07:54:00,2026-02-26 08:06:00,13,"reglas,mad,etiqueta",R:nivel,1502,4.70001220703125,0.0,0,configuracion,media,nivel negativo sostenido: posible cota cero o desplazamiento del cero,corregir metadatos o configuración y reprocesar,False
803,nivel,2026-02-26 08:32:00,2026-02-26 08:36:00,5,reglas,R:nivel,1,2.79998779296875,0.0,0,configuracion,media,nivel negativo sostenido: posible cota cero o desplazamiento del cero,corregir metadatos o configuración y reprocesar,False
803,nivel,2026-02-26 10:10:00,2026-02-26 10:10:00,1,"mad,etiqueta",,1502,4.60003662109375,0.0,0,indeterminado,baja,"señalado por mad,etiqueta sin una regla determinista que identifique la causa",conservar marcado hasta contrastar con otras fuentes,False
803,nivel,2026-02-26 11:20:00,2026-02-26 11:20:00,1,"mad,etiqueta",,1502,5.4000244140625,0.0,0,indeterminado,baja,"señalado por mad,etiqueta sin una regla determinista que identifique la causa",conservar marcado hasta contrastar con otras fuentes,False
803,nivel,2026-02-26 11:38:00,2026-02-26 11:40:00,3,"mad,etiqueta",,1502,7.10003662109375,0.0,0,indeterminado,baja,"señalado por mad,etiqueta sin una regla determinista que identifique la causa",conservar marcado hasta contrastar con otras fuentes,False
803,nivel,2026-02-26 12:39:00,2026-02-26 12:48:00,10,"mad,etiqueta",,1502,8.9000244140625,0.0,0,indeterminado,baja,"señalado por mad,etiqueta sin una regla determinista que identifique la causa",conservar marcado hasta contrastar con otras fuentes,False
803,nivel,2026-02-26 13:01:00,2026-02-26 13:01:00,1,"mad,etiqueta",,1502,7.0,0.0,0,indeterminado,baja,"señalado por mad,etiqueta sin una regla determinista que identifique la causa",conservar marcado hasta contrastar con otras fuentes,False
803,nivel,2026-02-26 13:38:00,2026-02-26 13:54:00,17,"mad,etiqueta",,1502,8.0,0.0,0,indeterminado,baja,"señalado por mad,etiqueta sin una regla determinista que identifique la causa",conservar marcado hasta contrastar con otras fuentes,False
803,nivel,2026-02-26 14:07:00,2026-02-26 14:17:00,11,"mad,etiqueta",,1502,6.5,0.0,0,indeterminado,baja,"señalado por mad,etiqueta sin una regla determinista que identifique la causa",conservar marcado hasta contrastar con otras fuentes,False
803,nivel,2026-02-26 15:00:00,2026-02-26 15:22:00,23,"mad,etiqueta",,1502,7.79998779296875,0.0,0,indeterminado,baja,"señalado por mad,etiqueta sin una regla determinista que identifique la causa",conservar marcado hasta contrastar con otras fuentes,False
803,nivel,2026-02-26 15:37:00,2026-02-26 15:59:00,23,"mad,etiqueta",,1502,9.89996337890625,0.0,0,indeterminado,baja,"señalado por mad,etiqueta sin una regla determinista que identifique la causa",conservar marcado hasta contrastar con otras fuentes,False
803,nivel,2026-02-26 16:13:00,2026-02-26 16:17:00,5,"mad,etiqueta",,1502,7.5,0.0,0,indeterminado,baja,"señalado por mad,etiqueta sin una regla determinista que identifique la causa",conservar marcado hasta contrastar con otras fuentes,False
803,nivel,2026-02-26 20:32:00,2026-02-26 20:34:00,3,reglas,R:nivel,1,1.70001220703125,0.0,0,configuracion,media,nivel negativo sostenido: posible cota cero o desplazamiento del cero,corregir metadatos o configuración y reprocesar,False
803,nivel,2026-02-26 20:52:00,2026-02-26 20:52:00,1,"mad,etiqueta",,1502,5.0,0.0,0,indeterminado,baja,"señalado por mad,etiqueta sin una regla determinista que identifique la causa",conservar marcado hasta contrastar con otras fuentes,False
803,nivel,2026-02-26 21:07:00,2026-02-26 22:02:00,56,"reglas,mad,etiqueta",R:nivel,1502,6.20001220703125,0.0,0,indeterminado,baja,"señalado por reglas,mad,etiqueta sin una regla determinista que identifique la causa",conservar marcado hasta contrastar con otras fuentes,False
803,nivel,2026-02-26 22:15:00,2026-02-26 22:32:00,18,"reglas,mad,etiqueta",R:nivel,1502,5.20001220703125,0.0,0,configuracion,media,nivel negativo sostenido: posible cota cero o desplazamiento del cero,corregir metadatos o configuración y reprocesar,False
803,nivel,2026-02-26 23:45:00,2026-02-26 23:48:00,4,reglas,R:nivel,1,0.29998779296875,0.0,0,configuracion,media,nivel negativo sostenido: posible cota cero o desplazamiento del cero,corregir metadatos o configuración y reprocesar,False
803,nivel,2026-02-27 00:29:00,2026-02-27 01:37:00,69,reglas,R:nivel,1,2.10003662109375,0.0,0,configuracion,media,nivel negativo sostenido: posible cota cero o desplazamiento del cero,corregir metadatos o configuración y reprocesar,False
803,nivel,2026-02-27 01:49:00,2026-02-27 04:33:00,165,reglas,R:nivel,1,0.89996337890625,0.0,0,configuracion,media,nivel negativo sostenido: posible cota cero o desplazamiento del cero,corregir metadatos o configuración y reprocesar,False
803,nivel,2026-02-27 04:53:00,2026-02-27 05:01:00,9,"reglas,mad,etiqueta",R:nivel,1502,7.5,0.0,0,indeterminado,baja,"señalado por reglas,mad,etiqueta sin una regla determinista que identifique la causa",conservar marcado hasta contrastar con otras fuentes,False
803,nivel,2026-02-27 05:48:00,2026-02-27 05:48:00,1,reglas,R:nivel,1,1.5,0.0,0,configuracion,media,nivel negativo sostenido: posible cota cero o desplazamiento del cero,corregir metadatos o configuración y reprocesar,False
803,nivel,2026-02-27 06:13:00,2026-02-27 06:30:00,18,reglas,R:nivel,1,2.10003662109375,0.0,0,indeterminado,baja,señalado por reglas sin una regla determinista que identifique la causa,conservar marcado hasta contrastar con otras fuentes,False
803,nivel,2026-02-27 06:48:00,2026-02-27 06:48:00,1,reglas,R:nivel,1,1.89996337890625,0.0,0,configuracion,media,nivel negativo sostenido: posible cota cero o desplazamiento del cero,corregir metadatos o configuración y reprocesar,False
803,nivel,2026-02-27 07:11:00,2026-02-27 07:11:00,1,"mad,etiqueta",,1502,6.10003662109375,0.0,0,indeterminado,baja,"señalado por mad,etiqueta sin una regla determinista que identifique la causa",conservar marcado hasta contrastar con otras fuentes,False
803,nivel,2026-02-27 08:56:00,2026-02-27 08:56:00,1,"mad,etiqueta",,1502,4.5,0.0,0,indeterminado,baja,"señalado por mad,etiqueta sin una regla determinista que identifique la causa",conservar marcado hasta contrastar con otras fuentes,False
803,nivel,2026-02-27 09:16:00,2026-02-27 09:16:00,1,"mad,etiqueta",,1502,4.5999755859375,0.0,0,indeterminado,baja,"señalado por mad,etiqueta sin una regla determinista que identifique la causa",conservar marcado hasta contrastar con otras fuentes,False
803,nivel,2026-02-27 11:24:00,2026-02-27 11:24:00,1,"mad,etiqueta",,1502,5.10003662109375,0.0,0,indeterminado,baja,"señalado por mad,etiqueta sin una regla determinista que identifique la causa",conservar marcado hasta contrastar con otras fuentes,False
803,nivel,2026-02-27 11:43:00,2026-02-27 12:54:00,72,"mad,etiqueta",,1502,6.89996337890625,0.0,0,indeterminado,baja,"señalado por mad,etiqueta sin una regla determinista que identifique la causa",conservar marcado hasta contrastar con otras fuentes,False
803,nivel,2026-02-27 13:08:00,2026-02-27 13:15:00,8,"mad,etiqueta",,1502,5.79998779296875,0.0,0,indeterminado,baja,"señalado por mad,etiqueta sin una regla determinista que identifique la causa",conservar marcado hasta contrastar con otras fuentes,False
803,nivel,2026-02-27 13:27:00,2026-02-27 13:29:00,3,"mad,etiqueta",,1502,6.20001220703125,0.0,0,indeterminado,baja,"señalado por mad,etiqueta sin una regla determinista que identifique la causa",conservar marcado hasta contrastar con otras fuentes,False
803,nivel,2026-02-27 13:46:00,2026-02-27 13:50:00,5,"mad,etiqueta",,1502,7.9000244140625,0.0,0,indeterminado,baja,"señalado por mad,etiqueta sin una regla determinista que identifique la causa",conservar marcado hasta contrastar con otras fuentes,False
803,nivel,2026-02-27 14:07:00,2026-02-27 14:09:00,3,"mad,etiqueta",,1502,7.0,0.0,0,indeterminado,baja,"señalado por mad,etiqueta sin una regla determinista que identifique la causa",conservar marcado hasta contrastar con otras fuentes,False
803,nivel,2026-02-27 14:25:00,2026-02-27 14:33:00,9,"mad,etiqueta",,1502,9.20001220703125,0.0,0,indeterminado,baja,"señalado por mad,etiqueta sin una regla determinista que identifique la causa",conservar marcado hasta contrastar con otras fuentes,False
803,nivel,2026-02-27 14:46:00,2026-02-27 14:47:00,2,"mad,etiqueta",,1502,7.60003662109375,0.0,0,indeterminado,baja,"señalado por mad,etiqueta sin una regla determinista que identifique la causa",conservar marcado hasta contrastar con otras fuentes,False
803,nivel,2026-02-27 15:16:00,2026-02-27 15:27:00,12,"mad,etiqueta",,1502,5.9000244140625,0.0,0,indeterminado,baja,"señalado por mad,etiqueta sin una regla determinista que identifique la causa",conservar marcado hasta contrastar con otras fuentes,False
803,nivel,2026-02-27 16:30:00,2026-02-27 16:30:00,1,"mad,etiqueta",,1502,7.0,0.0,0,indeterminado,baja,"señalado por mad,etiqueta sin una regla determinista que identifique la causa",conservar marcado hasta contrastar con otras fuentes,False
803,nivel,2026-02-27 16:59:00,2026-02-27 17:02:00,4,"mad,etiqueta",,1502,6.20001220703125,0.0,0,indeterminado,baja,"señalado por mad,etiqueta sin una regla determinista que identifique la causa",conservar marcado hasta contrastar con otras fuentes,False
803,nivel,2026-02-27 18:02:00,2026-02-27 18:03:00,2,"mad,etiqueta",,1502,6.70001220703125,0.0,0,indeterminado,baja,"señalado por mad,etiqueta sin una regla determinista que identifique la causa",conservar marcado hasta contrastar con otras fuentes,False
803,nivel,2026-02-27 18:16:00,2026-02-27 18:25:00,10,"mad,etiqueta",,1502,6.79998779296875,0.0,0,indeterminado,baja,"señalado por mad,etiqueta sin una regla determinista que identifique la causa",conservar marcado hasta contrastar con otras fuentes,False
803,nivel,2026-02-27 18:47:00,2026-02-27 18:53:00,7,"mad,etiqueta",,1502,6.20001220703125,0.0,0,indeterminado,baja,"señalado por mad,etiqueta sin una regla determinista que identifique la causa",conservar marcado hasta contrastar con otras fuentes,False
803,nivel,2026-02-27 19:06:00,2026-02-27 19:19:00,14,"mad,etiqueta",,1502,6.29998779296875,0.0,0,indeterminado,baja,"señalado por mad,etiqueta sin una regla determinista que identifique la causa",conservar marcado hasta contrastar con otras fuentes,False
803,nivel,2026-02-27 19:38:00,2026-02-27 19:41:00,4,"mad,etiqueta",,1502,5.89996337890625,0.0,0,indeterminado,baja,"señalado por mad,etiqueta sin una regla determinista que identifique la causa",conservar marcado hasta contrastar con otras fuentes,False
803,nivel,2026-02-27 19:56:00,2026-02-27 20:02:00,7,"mad,etiqueta",,1502,5.0,0.0,0,indeterminado,baja,"señalado por mad,etiqueta sin una regla determinista que identifique la causa",conservar marcado hasta contrastar con otras fuentes,False
803,nivel,2026-02-27 20:14:00,2026-02-27 20:14:00,1,reglas,R:nivel,1,3.89996337890625,0.0,0,configuracion,media,nivel negativo sostenido: posible cota cero o desplazamiento del cero,corregir metadatos o configuración y reprocesar,False
803,nivel,2026-02-27 20:49:00,2026-02-27 20:49:00,1,"mad,etiqueta",,1502,4.5999755859375,0.0,0,indeterminado,baja,"señalado por mad,etiqueta sin una regla determinista que identifique la causa",conservar marcado hasta contrastar con otras fuentes,False
803,nivel,2026-02-27 21:03:00,2026-02-27 21:04:00,2,"mad,etiqueta",,1502,6.20001220703125,0.0,0,indeterminado,baja,"señalado por mad,etiqueta sin una regla determinista que identifique la causa",conservar marcado hasta contrastar con otras fuentes,False
803,nivel,2026-02-27 21:16:00,2026-02-27 21:19:00,4,"mad,etiqueta",,1502,6.0999755859375,0.0,0,indeterminado,baja,"señalado por mad,etiqueta sin una regla determinista que identifique la causa",conservar marcado hasta contrastar con otras fuentes,False
803,nivel,2026-02-27 22:20:00,2026-02-27 22:20:00,1,"mad,etiqueta",,1502,5.4000244140625,0.0,0,indeterminado,baja,"señalado por mad,etiqueta sin una regla determinista que identifique la causa",conservar marcado hasta contrastar con otras fuentes,False
803,nivel,2026-02-27 23:32:00,2026-02-27 23:33:00,2,"mad,etiqueta",,1502,5.60003662109375,0.0,0,indeterminado,baja,"señalado por mad,etiqueta sin una regla determinista que identifique la causa",conservar marcado hasta contrastar con otras fuentes,False
803,nivel,2026-02-28 00:28:00,2026-02-28 00:31:00,4,"reglas,mad,etiqueta",R:nivel,1502,5.79998779296875,0.0,0,indeterminado,baja,"señalado por reglas,mad,etiqueta sin una regla determinista que identifique la causa",conservar marcado hasta contrastar con otras fuentes,False
803,nivel,2026-02-28 01:27:00,2026-02-28 02:01:00,35,"reglas,mad,etiqueta",R:nivel,1502,5.300048828125,0.0,0,indeterminado,baja,"señalado por reglas,mad,etiqueta sin una regla determinista que identifique la causa",conservar marcado hasta contrastar con otras fuentes,False
803,nivel,2026-02-28 02:16:00,2026-02-28 02:30:00,15,reglas,R:nivel,1,1.5,0.0,0,configuracion,media,nivel negativo sostenido: posible cota cero o desplazamiento del cero,corregir metadatos o configuración y reprocesar,False
803,nivel,2026-02-28 03:13:00,2026-02-28 04:15:00,63,"reglas,mad,etiqueta",R:nivel,1502,7.0999755859375,0.0,0,configuracion,media,nivel negativo sostenido: posible cota cero o desplazamiento del cero,corregir metadatos o configuración y reprocesar,False
803,nivel,2026-02-28 04:31:00,2026-02-28 04:37:00,7,"mad,etiqueta",,1502,6.5999755859375,0.0,0,indeterminado,baja,"señalado por mad,etiqueta sin una regla determinista que identifique la causa",conservar marcado hasta contrastar con otras fuentes,False
803,nivel,2026-02-28 05:20:00,2026-02-28 05:38:00,19,"reglas,mad,etiqueta",R:nivel,1502,6.4000244140625,0.0,0,indeterminado,baja,"señalado por reglas,mad,etiqueta sin una regla determinista que identifique la causa",conservar marcado hasta contrastar con otras fuentes,False
803,nivel,2026-02-28 06:00:00,2026-02-28 06:02:00,3,"reglas,etiqueta",R:nivel,1502,2.79998779296875,0.0,0,configuracion,media,nivel negativo sostenido: posible cota cero o desplazamiento del cero,corregir metadatos o configuración y reprocesar,False
803,nivel,2026-02-28 07:00:00,2026-02-28 07:17:00,18,reglas,R:nivel,1,3.70001220703125,0.0,0,indeterminado,baja,señalado por reglas sin una regla determinista que identifique la causa,conservar marcado hasta contrastar con otras fuentes,False
803,nivel,2026-02-28 07:33:00,2026-02-28 07:35:00,3,"mad,etiqueta",,1502,6.699951171875,0.0,0,indeterminado,baja,"señalado por mad,etiqueta sin una regla determinista que identifique la causa",conservar marcado hasta contrastar con otras fuentes,False
803,nivel,2026-02-28 08:07:00,2026-02-28 08:07:00,1,"mad,etiqueta",,1502,5.0999755859375,0.0,0,indeterminado,baja,"señalado por mad,etiqueta sin una regla determinista que identifique la causa",conservar marcado hasta contrastar con otras fuentes,False
803,nivel,2026-02-28 08:30:00,2026-02-28 08:34:00,5,"mad,etiqueta",,1502,5.70001220703125,0.0,0,indeterminado,baja,"señalado por mad,etiqueta sin una regla determinista que identifique la causa",conservar marcado hasta contrastar con otras fuentes,False
803,nivel,2026-02-28 09:16:00,2026-02-28 09:19:00,4,"mad,etiqueta",,1502,5.5,0.0,0,indeterminado,baja,"señalado por mad,etiqueta sin una regla determinista que identifique la causa",conservar marcado hasta contrastar con otras fuentes,False
803,nivel,2026-02-28 10:28:00,2026-02-28 10:37:00,10,"mad,etiqueta",,1502,5.5,0.0,0,indeterminado,baja,"señalado por mad,etiqueta sin una regla determinista que identifique la causa",conservar marcado hasta contrastar con otras fuentes,False
803,nivel,2026-02-28 11:30:00,2026-02-28 11:48:00,19,"mad,etiqueta",,1502,6.5,0.0,0,indeterminado,baja,"señalado por mad,etiqueta sin una regla determinista que identifique la causa",conservar marcado hasta contrastar con otras fuentes,False
803,nivel,2026-02-28 12:07:00,2026-02-28 12:07:00,1,"mad,etiqueta",,1502,5.0,0.0,0,indeterminado,baja,"señalado por mad,etiqueta sin una regla determinista que identifique la causa",conservar marcado hasta contrastar con otras fuentes,False
803,nivel,2026-02-28 13:31:00,2026-02-28 13:34:00,4,"mad,etiqueta",,1502,6.29998779296875,0.0,0,indeterminado,baja,"señalado por mad,etiqueta sin una regla determinista que identifique la causa",conservar marcado hasta contrastar con otras fuentes,False
803,nivel,2026-02-28 14:17:00,2026-02-28 14:17:00,1,"mad,etiqueta",,1502,6.9000244140625,0.04,0,indeterminado,baja,"señalado por mad,etiqueta sin una regla determinista que identifique la causa",conservar marcado hasta contrastar con otras fuentes,False
803,nivel,2026-02-28 16:52:00,2026-02-28 16:53:00,2,reglas,R:nivel,1,1.5,0.08,0,configuracion,media,nivel negativo sostenido: posible cota cero o desplazamiento del cero,corregir metadatos o configuración y reprocesar,False
803,nivel,2026-02-28 17:36:00,2026-02-28 17:37:00,2,"mad,etiqueta",,1502,7.70001220703125,0.08,0,indeterminado,baja,"señalado por mad,etiqueta sin una regla determinista que identifique la causa",conservar marcado hasta contrastar con otras fuentes,False
803,nivel,2026-02-28 17:56:00,2026-02-28 18:18:00,23,"reglas,mad,etiqueta",R:nivel,1502,5.0,0.08,0,indeterminado,baja,"señalado por reglas,mad,etiqueta sin una regla determinista que identifique la causa",conservar marcado hasta contrastar con otras fuentes,False
803,nivel,2026-02-28 18:38:00,2026-02-28 18:44:00,7,reglas,R:nivel,1,0.79998779296875,0.08,0,configuracion,media,nivel negativo sostenido: posible cota cero o desplazamiento del cero,corregir metadatos o configuración y reprocesar,False
803,nivel,2026-02-28 18:58:00,2026-02-28 20:09:00,72,"reglas,mad,etiqueta",R:nivel,1502,5.79998779296875,0.08,0,indeterminado,baja,"señalado por reglas,mad,etiqueta sin una regla determinista que identifique la causa",conservar marcado hasta contrastar con otras fuentes,False
803,nivel,2026-02-28 20:28:00,2026-02-28 20:39:00,12,"reglas,mad,etiqueta",R:nivel,1502,7.0999755859375,0.04,0,indeterminado,baja,"señalado por reglas,mad,etiqueta sin una regla determinista que identifique la causa",conservar marcado hasta contrastar con otras fuentes,False
803,nivel,2026-02-28 21:02:00,2026-02-28 21:50:00,49,"reglas,mad,etiqueta",R:nivel,1502,5.70001220703125,0.03,0,indeterminado,baja,"señalado por reglas,mad,etiqueta sin una regla determinista que identifique la causa",conservar marcado hasta contrastar con otras fuentes,False
803,nivel,2026-02-28 22:10:00,2026-02-28 22:10:00,1,reglas,R:nivel,1,1.29998779296875,0.0,0,configuracion,media,nivel negativo sostenido: posible cota cero o desplazamiento del cero,corregir metadatos o configuración y reprocesar,False
803,nivel,2026-02-28 22:25:00,2026-02-28 22:34:00,10,"reglas,mad,etiqueta",R:nivel,1502,8.20001220703125,0.0,0,indeterminado,baja,"señalado por reglas,mad,etiqueta sin una regla determinista que identifique la causa",conservar marcado hasta contrastar con otras fuentes,False
803,nivel,2026-02-28 23:00:00,2026-02-28 23:10:00,11,reglas,R:nivel,1,3.0,0.0,0,indeterminado,baja,señalado por reglas sin una regla determinista que identifique la causa,conservar marcado hasta contrastar con otras fuentes,False
803,nivel,2026-02-28 23:22:00,2026-03-01 00:00:00,39,"reglas,etiqueta",R:nivel,1502,4.20001220703125,0.0,0,indeterminado,baja,"señalado por reglas,etiqueta sin una regla determinista que identifique la causa",conservar marcado hasta contrastar con otras fuentes,False
803,nivel,2026-03-01 00:20:00,2026-03-01 00:25:00,6,"reglas,etiqueta",R:nivel,1502,3.5,0.0,0,configuracion,media,nivel negativo sostenido: posible cota cero o desplazamiento del cero,corregir metadatos o configuración y reprocesar,False
803,nivel,2026-03-01 01:04:00,2026-03-01 01:05:00,2,"reglas,etiqueta",R:nivel,1502,3.0999755859375,0.0,0,configuracion,media,nivel negativo sostenido: posible cota cero o desplazamiento del cero,corregir metadatos o configuración y reprocesar,False
803,nivel,2026-03-01 02:38:00,2026-03-01 02:39:00,2,"reglas,etiqueta",R:nivel,1502,2.29998779296875,0.0,0,configuracion,media,nivel negativo sostenido: posible cota cero o desplazamiento del cero,corregir metadatos o configuración y reprocesar,False
803,nivel,2026-03-01 03:36:00,2026-03-01 03:36:00,1,reglas,R:nivel,1,1.70001220703125,0.0,0,configuracion,media,nivel negativo sostenido: posible cota cero o desplazamiento del cero,corregir metadatos o configuración y reprocesar,False
803,nivel,2026-03-01 03:51:00,2026-03-01 03:52:00,2,"reglas,etiqueta",R:nivel,1502,2.10003662109375,0.0,0,configuracion,media,nivel negativo sostenido: posible cota cero o desplazamiento del cero,corregir metadatos o configuración y reprocesar,False
803,nivel,2026-03-01 04:05:00,2026-03-01 04:05:00,1,"reglas,etiqueta",R:nivel,1502,2.29998779296875,0.0,0,configuracion,media,nivel negativo sostenido: posible cota cero o desplazamiento del cero,corregir metadatos o configuración y reprocesar,False
803,nivel,2026-03-01 04:50:00,2026-03-01 06:22:00,93,"reglas,etiqueta",R:nivel,1502,4.4000244140625,0.0,0,configuracion,media,nivel negativo sostenido: posible cota cero o desplazamiento del cero,corregir metadatos o configuración y reprocesar,False
803,nivel,2026-03-01 06:42:00,2026-03-01 06:59:00,18,"reglas,etiqueta",R:nivel,1502,2.79998779296875,0.0,0,configuracion,media,nivel negativo sostenido: posible cota cero o desplazamiento del cero,corregir metadatos o configuración y reprocesar,False
803,nivel,2026-03-01 07:32:00,2026-03-01 07:32:00,1,reglas,R:nivel,1,0.70001220703125,0.0,0,configuracion,media,nivel negativo sostenido: posible cota cero o desplazamiento del cero,corregir metadatos o configuración y reprocesar,False
803,nivel,2026-03-01 07:51:00,2026-03-01 08:18:00,28,reglas,R:nivel,1,1.9000244140625,0.0,0,configuracion,media,nivel negativo sostenido: posible cota cero o desplazamiento del cero,corregir metadatos o configuración y reprocesar,False
803,nivel,2026-03-01 08:34:00,2026-03-01 08:41:00,8,reglas,R:nivel,1,2.20001220703125,0.0,0,configuracion,media,nivel negativo sostenido: posible cota cero o desplazamiento del cero,corregir metadatos o configuración y reprocesar,False
803,nivel,2026-03-01 08:53:00,2026-03-01 08:54:00,2,reglas,R:nivel,1,1.70001220703125,0.0,0,configuracion,media,nivel negativo sostenido: posible cota cero o desplazamiento del cero,corregir metadatos o configuración y reprocesar,False
803,nivel,2026-03-01 09:06:00,2026-03-01 09:06:00,1,reglas,R:nivel,1,2.0,0.01,0,configuracion,media,nivel negativo sostenido: posible cota cero o desplazamiento del cero,corregir metadatos o configuración y reprocesar,False
803,nivel,2026-03-01 19:36:00,2026-03-01 19:39:00,4,"reglas,etiqueta",R:nivel,1502,2.20001220703125,0.01,0,configuracion,media,nivel negativo sostenido: posible cota cero o desplazamiento del cero,corregir metadatos o configuración y reprocesar,False
803,nivel,2026-03-01 19:55:00,2026-03-01 19:59:00,5,"reglas,mad,etiqueta",R:nivel,1502,5.0999755859375,0.01,0,indeterminado,baja,"señalado por reglas,mad,etiqueta sin una regla determinista que identifique la causa",conservar marcado hasta contrastar con otras fuentes,False
803,nivel,2026-03-01 20:20:00,2026-03-01 21:04:00,45,"reglas,mad,etiqueta",R:nivel,1502,6.0,0.01,0,indeterminado,baja,"señalado por reglas,mad,etiqueta sin una regla determinista que identifique la causa",conservar marcado hasta contrastar con otras fuentes,False
803,nivel,2026-03-01 21:27:00,2026-03-01 22:05:00,39,"reglas,etiqueta",R:nivel,1502,1.9000244140625,0.0,0,configuracion,media,nivel negativo sostenido: posible cota cero o desplazamiento del cero,corregir metadatos o configuración y reprocesar,False
803,nivel,2026-03-01 22:17:00,2026-03-01 23:25:00,69,reglas,R:nivel,1,1.0999755859375,0.0,0,configuracion,media,nivel negativo sostenido: posible cota cero o desplazamiento del cero,corregir metadatos o configuración y reprocesar,False
803,nivel,2026-03-01 23:38:00,2026-03-02 02:35:00,178,"reglas,etiqueta",R:nivel,1502,4.0999755859375,0.0,0,configuracion,media,nivel negativo sostenido: posible cota cero o desplazamiento del cero,corregir metadatos o configuración y reprocesar,False
803,nivel,2026-03-02 03:15:00,2026-03-02 03:16:00,2,"reglas,etiqueta",R:nivel,1502,3.5,0.0,0,configuracion,media,nivel negativo sostenido: posible cota cero o desplazamiento del cero,corregir metadatos o configuración y reprocesar,False
803,nivel,2026-03-02 06:29:00,2026-03-02 06:35:00,7,"reglas,etiqueta",R:nivel,1502,2.4000244140625,0.0,0,indeterminado,baja,"señalado por reglas,etiqueta sin una regla determinista que identifique la causa",conservar marcado hasta contrastar con otras fuentes,False
803,nivel,2026-03-02 11:59:00,2026-03-02 12:20:00,22,,F:faltante,-1,,0.01,0,falla_comunicacion,media,faltante o centinela sin coincidencia en otras estaciones,no imputar a ciegas; recuperar del datalogger,False
803,nivel,2026-03-02 22:08:00,2026-03-02 22:09:00,2,"mad,etiqueta",,1502,4.79998779296875,0.0,0,indeterminado,baja,"señalado por mad,etiqueta sin una regla determinista que identifique la causa",conservar marcado hasta contrastar con otras fuentes,False
803,nivel,2026-03-03 19:29:00,2026-03-03 19:43:00,15,"reglas,etiqueta",R:nivel,1502,1.60003662109375,0.32,0,configuracion,media,nivel negativo sostenido: posible cota cero o desplazamiento del cero,corregir metadatos o configuración y reprocesar,False
803,nivel,2026-03-03 19:55:00,2026-03-03 20:01:00,7,"reglas,etiqueta",R:nivel,1502,2.5,0.32,0,configuracion,media,nivel negativo sostenido: posible cota cero o desplazamiento del cero,corregir metadatos o configuración y reprocesar,False
803,nivel,2026-03-04 04:30:00,2026-03-04 04:36:00,7,"reglas,etiqueta",R:nivel,1502,3.0999755859375,0.0,0,indeterminado,baja,"señalado por reglas,etiqueta sin una regla determinista que identifique la causa",conservar marcado hasta contrastar con otras fuentes,False
803,nivel,2026-03-04 06:39:00,2026-03-04 06:56:00,18,"reglas,etiqueta",R:nivel,1502,2.39996337890625,0.0,0,configuracion,media,nivel negativo sostenido: posible cota cero o desplazamiento del cero,corregir metadatos o configuración y reprocesar,False
803,nivel,2026-03-04 07:10:00,2026-03-04 07:31:00,22,reglas,R:nivel,1,1.5999755859375,0.0,0,indeterminado,baja,señalado por reglas sin una regla determinista que identifique la causa,conservar marcado hasta contrastar con otras fuentes,False
803,nivel,2026-03-04 07:47:00,2026-03-04 07:48:00,2,"reglas,mad,etiqueta",R:nivel,1502,4.89996337890625,0.04,0,configuracion,media,nivel negativo sostenido: posible cota cero o desplazamiento del cero,corregir metadatos o configuración y reprocesar,False
803,nivel,2026-03-04 08:03:00,2026-03-04 08:14:00,12,"reglas,etiqueta",R:nivel,1502,1.5999755859375,0.25,0,indeterminado,baja,"señalado por reglas,etiqueta sin una regla determinista que identifique la causa",conservar marcado hasta contrastar con otras fuentes,False
803,nivel,2026-03-04 08:41:00,2026-03-04 08:47:00,7,reglas,R:nivel,1,1.4000244140625,0.25,0,configuracion,media,nivel negativo sostenido: posible cota cero o desplazamiento del cero,corregir metadatos o configuración y reprocesar,False
803,nivel,2026-03-04 09:05:00,2026-03-04 09:14:00,10,reglas,R:nivel,1,1.70001220703125,0.25,0,indeterminado,baja,señalado por reglas sin una regla determinista que identifique la causa,conservar marcado hasta contrastar con otras fuentes,False
803,nivel,2026-03-04 09:48:00,2026-03-04 09:52:00,5,"reglas,etiqueta",R:nivel,1502,3.29998779296875,0.25,0,configuracion,media,nivel negativo sostenido: posible cota cero o desplazamiento del cero,corregir metadatos o configuración y reprocesar,False
803,nivel,2026-03-04 10:05:00,2026-03-04 10:15:00,11,"reglas,etiqueta",R:nivel,1502,4.20001220703125,0.25,0,indeterminado,baja,"señalado por reglas,etiqueta sin una regla determinista que identifique la causa",conservar marcado hasta contrastar con otras fuentes,False
803,nivel,2026-03-07 09:36:00,2026-03-07 09:36:00,1,,F:faltante,-1,,0.0,0,falla_comunicacion,media,faltante o centinela sin coincidencia en otras estaciones,no imputar a ciegas; recuperar del datalogger,False
803,nivel,2026-03-10 09:06:00,2026-03-10 10:22:00,77,"reglas,mad,iforest,etiqueta",J:nivel;E:nivel_alto_sin_lluvia_previa,151,332.4999694824219,0.0,0,indeterminado,baja,nivel alto sostenido 77 min sin lluvia previa en 35 ni 367: requiere estación aguas arriba,conservar marcado hasta contrastar con otras fuentes,False
803,nivel,2026-03-11 04:15:00,2026-03-11 04:23:00,9,reglas,R:nivel,1,2.9000244140625,2.79,0,indeterminado,baja,señalado por reglas sin una regla determinista que identifique la causa,conservar marcado hasta contrastar con otras fuentes,False
803,nivel,2026-03-11 07:21:00,2026-03-11 07:46:00,26,"reglas,mad,iforest,etiqueta",J:nivel,151,5.100006103515625,3.3,0,falla_sensor,media,pico aislado de 26 min sin respaldo,excluir de productos y programar revisión del sensor,False
803,nivel,2026-03-11 08:01:00,2026-03-11 08:01:00,1,"mad,iforest,etiqueta",,151,4.70001220703125,3.3,0,falla_sensor,media,pico aislado de 1 min sin respaldo,excluir de productos y programar revisión del sensor,False
803,nivel,2026-03-11 09:42:00,2026-03-11 09:42:00,1,"mad,etiqueta",,151,5.399993896484375,2.03,0,falla_sensor,media,pico aislado de 1 min sin respaldo,excluir de productos y programar revisión del sensor,False
803,nivel,2026-03-11 09:54:00,2026-03-11 10:09:00,16,"reglas,mad,iforest,etiqueta",J:nivel;E:nivel_alto_sin_lluvia_previa,151,236.70001220703125,1.27,0,falla_sensor,media,pico aislado de 16 min sin respaldo,excluir de productos y programar revisión del sensor,False
803,nivel,2026-03-11 11:37:00,2026-03-11 11:42:00,6,"reglas,etiqueta",F:faltante;R:nivel,1502,4.29998779296875,0.02,0,falla_comunicacion,media,faltante o centinela sin coincidencia en otras estaciones,no imputar a ciegas; recuperar del datalogger,False
803,nivel,2026-03-12 07:23:00,2026-03-12 11:39:00,257,"reglas,mad,iforest,etiqueta",J:nivel;E:nivel_alto_sin_lluvia_previa,151,16.600006103515625,0.0,0,indeterminado,baja,nivel alto sostenido 257 min sin lluvia previa en 35 ni 367: requiere estación aguas arriba,conservar marcado hasta contrastar con otras fuentes,False
803,nivel,2026-03-12 16:05:00,2026-03-12 16:05:00,1,"reglas,etiqueta",R:nivel,1502,3.699951171875,0.02,0,configuracion,media,nivel negativo sostenido: posible cota cero o desplazamiento del cero,corregir metadatos o configuración y reprocesar,False
803,nivel,2026-03-12 16:52:00,2026-03-12 16:54:00,3,"reglas,etiqueta",R:nivel,1502,3.5,0.02,0,configuracion,media,nivel negativo sostenido: posible cota cero o desplazamiento del cero,corregir metadatos o configuración y reprocesar,False
803,nivel,2026-03-12 23:29:00,2026-03-12 23:30:00,2,"regimen,etiqueta",,1502,1.5,16.76,0,configuracion,baja,cambio persistente de nivel sin corroboración: posible ajuste o calibración,corregir metadatos o configuración y reprocesar,False
803,nivel,2026-03-13 02:17:00,2026-03-13 11:26:00,550,"reglas,mad,iforest,etiqueta",R:nivel;J:nivel;E:nivel_alto_sin_lluvia_previa,151,11.0,3.81,0,evento_fisico_real,media,nivel alto sostenido 550 min con 3.8 mm de lluvia previa,"conservar, marcar y no eliminar",True
803,nivel,2026-03-13 15:48:00,2026-03-13 15:51:00,4,"reglas,regimen,etiqueta",R:nivel,1502,3.5999755859375,0.02,0,indeterminado,baja,"señalado por reglas,regimen,etiqueta sin una regla determinista que identifique la causa",conservar marcado hasta contrastar con otras fuentes,False
803,nivel,2026-03-13 17:13:00,2026-03-13 17:15:00,3,"reglas,etiqueta",R:nivel,1502,3.5,0.0,0,configuracion,media,nivel negativo sostenido: posible cota cero o desplazamiento del cero,corregir metadatos o configuración y reprocesar,False
803,nivel,2026-03-13 17:31:00,2026-03-13 17:36:00,6,"reglas,etiqueta",R:nivel,1502,3.5,0.0,0,indeterminado,baja,"señalado por reglas,etiqueta sin una regla determinista que identifique la causa",conservar marcado hasta contrastar con otras fuentes,False
803,nivel,2026-03-13 18:35:00,2026-03-13 18:48:00,14,"reglas,mad,etiqueta",R:nivel,1502,5.20001220703125,0.0,0,indeterminado,baja,"señalado por reglas,mad,etiqueta sin una regla determinista que identifique la causa",conservar marcado hasta contrastar con otras fuentes,False
803,nivel,2026-03-14 00:38:00,2026-03-14 00:47:00,10,"reglas,etiqueta",R:nivel,1502,1.60003662109375,0.0,0,indeterminado,baja,"señalado por reglas,etiqueta sin una regla determinista que identifique la causa",conservar marcado hasta contrastar con otras fuentes,False
803,nivel,2026-03-14 01:04:00,2026-03-14 02:01:00,58,reglas,R:nivel,1,1.29998779296875,0.0,0,configuracion,media,nivel negativo sostenido: posible cota cero o desplazamiento del cero,corregir metadatos o configuración y reprocesar,False
803,nivel,2026-03-14 03:08:00,2026-03-14 03:15:00,8,"reglas,etiqueta",R:nivel,1502,2.5,0.0,0,indeterminado,baja,"señalado por reglas,etiqueta sin una regla determinista que identifique la causa",conservar marcado hasta contrastar con otras fuentes,False
803,nivel,2026-03-14 03:29:00,2026-03-14 03:40:00,12,"reglas,etiqueta",R:nivel,1502,2.60003662109375,0.0,0,configuracion,media,nivel negativo sostenido: posible cota cero o desplazamiento del cero,corregir metadatos o configuración y reprocesar,False
803,nivel,2026-03-14 04:51:00,2026-03-14 04:58:00,8,reglas,R:nivel,1,0.39996337890625,0.0,0,indeterminado,baja,señalado por reglas sin una regla determinista que identifique la causa,conservar marcado hasta contrastar con otras fuentes,False
803,nivel,2026-03-14 05:10:00,2026-03-14 11:46:00,397,"reglas,mad,iforest,etiqueta",R:nivel;J:nivel;E:nivel_alto_sin_lluvia_previa,151,18.29998779296875,0.0,0,indeterminado,baja,nivel alto sostenido 397 min sin lluvia previa en 35 ni 367: requiere estación aguas arriba,conservar marcado hasta contrastar con otras fuentes,False
803,nivel,2026-03-14 14:32:00,2026-03-14 14:32:00,1,"regimen,etiqueta",,1502,1.29998779296875,0.01,0,configuracion,baja,cambio persistente de nivel sin corroboración: posible ajuste o calibración,corregir metadatos o configuración y reprocesar,False
803,nivel,2026-03-14 14:52:00,2026-03-14 15:04:00,13,"regimen,etiqueta",,1502,1.9000244140625,0.01,0,configuracion,baja,cambio persistente de nivel sin corroboración: posible ajuste o calibración,corregir metadatos o configuración y reprocesar,False
803,nivel,2026-03-14 16:44:00,2026-03-14 19:00:00,137,"reglas,mad,iforest,etiqueta",F:faltante;R:nivel;J:nivel,151,26.0,0.01,0,falla_comunicacion,media,faltante o centinela sin coincidencia en otras estaciones,no imputar a ciegas; recuperar del datalogger,False
803,nivel,2026-03-14 19:12:00,2026-03-14 19:13:00,2,"reglas,etiqueta",E:nivel_alto_sin_lluvia_previa,151,0.70001220703125,0.0,0,falla_sensor,media,pico aislado de 2 min sin respaldo,excluir de productos y programar revisión del sensor,False
803,nivel,2026-03-14 19:57:00,2026-03-15 03:57:00,481,"reglas,mad,iforest,etiqueta",R:nivel;J:nivel;E:nivel_alto_sin_lluvia_previa,151,22.20001220703125,0.0,0,indeterminado,baja,nivel alto sostenido 481 min sin lluvia previa en 35 ni 367: requiere estación aguas arriba,conservar marcado hasta contrastar con otras fuentes,False
803,nivel,2026-03-15 04:21:00,2026-03-15 04:21:00,1,"reglas,etiqueta",E:nivel_alto_sin_lluvia_previa,151,0.0999755859375,0.0,0,falla_sensor,media,pico aislado de 1 min sin respaldo,excluir de productos y programar revisión del sensor,False
803,nivel,2026-03-15 04:34:00,2026-03-15 05:13:00,40,"reglas,mad,iforest,etiqueta",R:nivel;J:nivel;E:nivel_alto_sin_lluvia_previa,151,22.9000244140625,0.0,0,indeterminado,baja,nivel alto sostenido 40 min sin lluvia previa en 35 ni 367: requiere estación aguas arriba,conservar marcado hasta contrastar con otras fuentes,False
803,nivel,2026-03-15 05:33:00,2026-03-15 05:46:00,14,"reglas,etiqueta",E:nivel_alto_sin_lluvia_previa,151,0.29998779296875,0.0,0,falla_sensor,media,pico aislado de 14 min sin respaldo,excluir de productos y programar revisión del sensor,False
803,nivel,2026-03-15 06:01:00,2026-03-15 11:50:00,350,"reglas,mad,iforest,etiqueta",R:nivel;J:nivel;E:nivel_alto_sin_lluvia_previa,151,23.29998779296875,0.0,0,indeterminado,baja,nivel alto sostenido 350 min sin lluvia previa en 35 ni 367: requiere estación aguas arriba,conservar marcado hasta contrastar con otras fuentes,False
803,nivel,2026-03-15 12:05:00,2026-03-15 15:13:00,189,"reglas,mad,iforest,regimen,etiqueta",E:nivel_alto_sin_lluvia_previa,151,13.4000244140625,0.02,0,indeterminado,baja,nivel alto sostenido 189 min sin lluvia previa en 35 ni 367: requiere estación aguas arriba,conservar marcado hasta contrastar con otras fuentes,False
803,nivel,2026-03-15 15:54:00,2026-03-15 16:13:00,20,"reglas,mad,iforest,etiqueta",E:nivel_alto_sin_lluvia_previa,151,14.20001220703125,0.01,0,falla_sensor,media,pico aislado de 20 min sin respaldo,excluir de productos y programar revisión del sensor,False
803,nivel,2026-03-15 17:55:00,2026-03-15 18:08:00,14,"reglas,mad,etiqueta",R:nivel,1502,8.5,0.07,0,indeterminado,baja,"señalado por reglas,mad,etiqueta sin una regla determinista que identifique la causa",conservar marcado hasta contrastar con otras fuentes,False
803,nivel,2026-03-15 18:26:00,2026-03-15 18:28:00,3,"reglas,mad,etiqueta",R:nivel,151,6.70001220703125,0.07,0,indeterminado,baja,"señalado por reglas,mad,etiqueta sin una regla determinista que identifique la causa",conservar marcado hasta contrastar con otras fuentes,False
803,nivel,2026-03-15 18:43:00,2026-03-15 18:48:00,6,"reglas,mad,iforest,etiqueta",R:nivel,151,14.0999755859375,0.07,0,indeterminado,baja,"señalado por reglas,mad,iforest,etiqueta sin una regla determinista que identifique la causa",conservar marcado hasta contrastar con otras fuentes,False
803,nivel,2026-03-15 19:13:00,2026-03-15 19:13:00,1,"mad,etiqueta",,1502,4.70001220703125,0.07,0,indeterminado,baja,"señalado por mad,etiqueta sin una regla determinista que identifique la causa",conservar marcado hasta contrastar con otras fuentes,False
803,nivel,2026-03-15 20:00:00,2026-03-15 21:51:00,112,"reglas,mad,iforest,etiqueta",R:nivel;J:nivel;E:nivel_alto_sin_lluvia_previa,151,14.70001220703125,0.07,0,indeterminado,baja,nivel alto sostenido 112 min sin lluvia previa en 35 ni 367: requiere estación aguas arriba,conservar marcado hasta contrastar con otras fuentes,False
803,nivel,2026-03-15 22:03:00,2026-03-15 23:03:00,61,"reglas,mad,iforest,etiqueta",R:nivel,151,16.20001220703125,0.07,0,indeterminado,baja,"señalado por reglas,mad,iforest,etiqueta sin una regla determinista que identifique la causa",conservar marcado hasta contrastar con otras fuentes,False
803,nivel,2026-03-15 23:32:00,2026-03-15 23:39:00,8,"mad,iforest,etiqueta",,151,15.5,0.0,0,indeterminado,baja,"señalado por mad,iforest,etiqueta sin una regla determinista que identifique la causa",conservar marcado hasta contrastar con otras fuentes,False
803,nivel,2026-03-16 00:03:00,2026-03-16 00:17:00,15,"mad,iforest,etiqueta",,151,15.10003662109375,0.0,0,indeterminado,baja,"señalado por mad,iforest,etiqueta sin una regla determinista que identifique la causa",conservar marcado hasta contrastar con otras fuentes,False
803,nivel,2026-03-16 00:34:00,2026-03-16 00:34:00,1,"mad,iforest,etiqueta",,151,15.699951171875,0.0,0,indeterminado,baja,"señalado por mad,iforest,etiqueta sin una regla determinista que identifique la causa",conservar marcado hasta contrastar con otras fuentes,False
803,nivel,2026-03-16 01:55:00,2026-03-16 02:06:00,12,"mad,iforest,regimen,etiqueta",,151,14.4000244140625,0.0,0,configuracion,baja,cambio persistente de nivel sin corroboración: posible ajuste o calibración,corregir metadatos o configuración y reprocesar,False
803,nivel,2026-03-16 02:30:00,2026-03-16 02:30:00,1,"iforest,regimen,etiqueta",,151,0.0,0.0,0,configuracion,baja,cambio persistente de nivel sin corroboración: posible ajuste o calibración,corregir metadatos o configuración y reprocesar,False
803,nivel,2026-03-16 02:46:00,2026-03-16 02:47:00,2,"reglas,etiqueta",E:nivel_alto_sin_lluvia_previa,151,1.39996337890625,0.0,0,falla_sensor,media,pico aislado de 2 min sin respaldo,excluir de productos y programar revisión del sensor,False
803,nivel,2026-03-16 03:23:00,2026-03-16 03:23:00,1,"mad,iforest,etiqueta",,151,15.5,0.0,0,indeterminado,baja,"señalado por mad,iforest,etiqueta sin una regla determinista que identifique la causa",conservar marcado hasta contrastar con otras fuentes,False
803,nivel,2026-03-16 03:37:00,2026-03-16 03:37:00,1,"reglas,etiqueta",E:nivel_alto_sin_lluvia_previa,151,0.9000244140625,0.0,0,falla_sensor,media,pico aislado de 1 min sin respaldo,excluir de productos y programar revisión del sensor,False
803,nivel,2026-03-16 04:05:00,2026-03-16 04:13:00,9,"reglas,mad,iforest,etiqueta",E:nivel_alto_sin_lluvia_previa,151,9.5,0.0,0,falla_sensor,media,pico aislado de 9 min sin respaldo,excluir de productos y programar revisión del sensor,False
803,nivel,2026-03-16 05:05:00,2026-03-16 05:39:00,35,"reglas,mad,iforest,etiqueta",R:nivel;J:nivel;E:nivel_alto_sin_lluvia_previa,151,23.0999755859375,0.0,0,indeterminado,baja,nivel alto sostenido 35 min sin lluvia previa en 35 ni 367: requiere estación aguas arriba,conservar marcado hasta contrastar con otras fuentes,False
803,nivel,2026-03-16 05:54:00,2026-03-16 06:03:00,10,"reglas,mad,iforest,etiqueta",E:nivel_alto_sin_lluvia_previa,151,17.70001220703125,0.0,0,falla_sensor,media,pico aislado de 10 min sin respaldo,excluir de productos y programar revisión del sensor,False
803,nivel,2026-03-16 06:20:00,2026-03-16 07:57:00,98,"reglas,mad,iforest,etiqueta",E:nivel_alto_sin_lluvia_previa,151,18.199951171875,0.0,0,indeterminado,baja,nivel alto sostenido 98 min sin lluvia previa en 35 ni 367: requiere estación aguas arriba,conservar marcado hasta contrastar con otras fuentes,False
803,nivel,2026-03-16 08:18:00,2026-03-16 13:16:00,299,"reglas,mad,iforest,etiqueta",E:nivel_alto_sin_lluvia_previa,151,18.39996337890625,0.0,0,indeterminado,baja,nivel alto sostenido 299 min sin lluvia previa en 35 ni 367: requiere estación aguas arriba,conservar marcado hasta contrastar con otras fuentes,False
803,nivel,2026-03-16 13:33:00,2026-03-16 13:54:00,22,"mad,iforest,etiqueta",,1502,17.9000244140625,0.06,0,indeterminado,baja,"señalado por mad,iforest,etiqueta sin una regla determinista que identifique la causa",conservar marcado hasta contrastar con otras fuentes,False
803,nivel,2026-03-16 14:08:00,2026-03-16 14:08:00,1,"mad,iforest,etiqueta",,151,16.5999755859375,0.06,0,indeterminado,baja,"señalado por mad,iforest,etiqueta sin una regla determinista que identifique la causa",conservar marcado hasta contrastar con otras fuentes,False
803,nivel,2026-03-16 15:07:00,2026-03-16 15:08:00,2,"reglas,etiqueta",E:nivel_alto_sin_lluvia_previa,151,1.0999755859375,0.05,0,falla_sensor,media,pico aislado de 2 min sin respaldo,excluir de productos y programar revisión del sensor,False
803,nivel,2026-03-16 15:35:00,2026-03-16 15:36:00,2,"mad,iforest,etiqueta",,151,17.79998779296875,0.02,0,indeterminado,baja,"señalado por mad,iforest,etiqueta sin una regla determinista que identifique la causa",conservar marcado hasta contrastar con otras fuentes,False
803,nivel,2026-03-16 19:36:00,2026-03-16 19:36:00,1,"mad,etiqueta",,151,6.5,0.0,0,indeterminado,baja,"señalado por mad,etiqueta sin una regla determinista que identifique la causa",conservar marcado hasta contrastar con otras fuentes,False
803,nivel,2026-03-16 21:01:00,2026-03-16 21:16:00,16,"mad,iforest,etiqueta",,151,15.4000244140625,0.0,0,indeterminado,baja,"señalado por mad,iforest,etiqueta sin una regla determinista que identifique la causa",conservar marcado hasta contrastar con otras fuentes,False
803,nivel,2026-03-16 23:03:00,2026-03-16 23:04:00,2,"mad,etiqueta",,151,5.800048828125,0.0,0,indeterminado,baja,"señalado por mad,etiqueta sin una regla determinista que identifique la causa",conservar marcado hasta contrastar con otras fuentes,False
803,nivel,2026-03-16 23:19:00,2026-03-16 23:38:00,20,"mad,etiqueta",,151,9.70001220703125,0.0,0,indeterminado,baja,"señalado por mad,etiqueta sin una regla determinista que identifique la causa",conservar marcado hasta contrastar con otras fuentes,False
803,nivel,2026-03-17 00:07:00,2026-03-17 00:09:00,3,"mad,iforest,etiqueta",,1502,15.0,0.0,0,indeterminado,baja,"señalado por mad,iforest,etiqueta sin una regla determinista que identifique la causa",conservar marcado hasta contrastar con otras fuentes,False
803,nivel,2026-03-17 01:41:00,2026-03-17 01:41:00,1,"iforest,etiqueta",,151,0.0,0.0,0,indeterminado,baja,"señalado por iforest,etiqueta sin una regla determinista que identifique la causa",conservar marcado hasta contrastar con otras fuentes,False
803,nivel,2026-03-17 01:59:00,2026-03-17 01:59:00,1,"iforest,etiqueta",,151,0.0999755859375,0.0,0,indeterminado,baja,"señalado por iforest,etiqueta sin una regla determinista que identifique la causa",conservar marcado hasta contrastar con otras fuentes,False
803,nivel,2026-03-17 02:26:00,2026-03-17 02:31:00,6,"mad,iforest,etiqueta",,151,15.4000244140625,0.0,0,indeterminado,baja,"señalado por mad,iforest,etiqueta sin una regla determinista que identifique la causa",conservar marcado hasta contrastar con otras fuentes,False
803,nivel,2026-03-17 03:34:00,2026-03-17 03:34:00,1,"iforest,etiqueta",,151,0.0,0.0,0,indeterminado,baja,"señalado por iforest,etiqueta sin una regla determinista que identifique la causa",conservar marcado hasta contrastar con otras fuentes,False
803,nivel,2026-03-17 05:18:00,2026-03-17 05:28:00,11,"mad,iforest,etiqueta",,151,16.39996337890625,0.0,0,indeterminado,baja,"señalado por mad,iforest,etiqueta sin una regla determinista que identifique la causa",conservar marcado hasta contrastar con otras fuentes,False
803,nivel,2026-03-17 06:18:00,2026-03-17 06:18:00,1,"mad,iforest,etiqueta",,151,10.79998779296875,0.0,0,indeterminado,baja,"señalado por mad,iforest,etiqueta sin una regla determinista que identifique la causa",conservar marcado hasta contrastar con otras fuentes,False
803,nivel,2026-03-17 07:26:00,2026-03-17 07:26:00,1,"mad,iforest,etiqueta",,151,16.20001220703125,0.0,0,indeterminado,baja,"señalado por mad,iforest,etiqueta sin una regla determinista que identifique la causa",conservar marcado hasta contrastar con otras fuentes,False
803,nivel,2026-03-17 08:33:00,2026-03-17 08:39:00,7,"mad,iforest,etiqueta",,151,16.39996337890625,0.01,0,indeterminado,baja,"señalado por mad,iforest,etiqueta sin una regla determinista que identifique la causa",conservar marcado hasta contrastar con otras fuentes,False
803,nivel,2026-03-17 11:24:00,2026-03-17 11:25:00,2,"mad,etiqueta",,1502,5.0,0.13,0,indeterminado,baja,"señalado por mad,etiqueta sin una regla determinista que identifique la causa",conservar marcado hasta contrastar con otras fuentes,False
803,nivel,2026-03-17 14:58:00,2026-03-17 15:00:00,3,"regimen,etiqueta",,1502,1.4000244140625,0.13,0,configuracion,baja,cambio persistente de nivel sin corroboración: posible ajuste o calibración,corregir metadatos o configuración y reprocesar,False
803,nivel,2026-03-17 15:13:00,2026-03-17 15:15:00,3,"regimen,etiqueta",,1502,1.5,0.12,0,configuracion,baja,cambio persistente de nivel sin corroboración: posible ajuste o calibración,corregir metadatos o configuración y reprocesar,False
803,nivel,2026-03-17 16:24:00,2026-03-17 16:24:00,1,"reglas,mad,etiqueta",R:nivel,151,5.60003662109375,0.13,0,configuracion,media,nivel negativo sostenido: posible cota cero o desplazamiento del cero,corregir metadatos o configuración y reprocesar,False
803,nivel,2026-03-22 00:26:00,2026-03-22 00:26:00,1,,F:faltante,-1,,3.3,1,falla_comunicacion,alta,faltante o centinela que coincide con huecos en 1 estación(es) más: causa común en la recepción,no imputar a ciegas; recuperar del datalogger,False
803,nivel,2026-03-22 09:58:00,2026-03-22 09:59:00,2,"reglas,etiqueta",R:nivel,1502,3.89996337890625,0.19,0,configuracion,media,nivel negativo sostenido: posible cota cero o desplazamiento del cero,corregir metadatos o configuración y reprocesar,False
803,nivel,2026-03-22 11:27:00,2026-03-22 11:27:00,1,"reglas,etiqueta",R:nivel,1502,4.300048828125,0.05,0,configuracion,media,nivel negativo sostenido: posible cota cero o desplazamiento del cero,corregir metadatos o configuración y reprocesar,False
803,nivel,2026-03-23 18:24:00,2026-03-23 18:24:00,1,"reglas,etiqueta",R:nivel,1502,3.5999755859375,0.14,0,configuracion,media,nivel negativo sostenido: posible cota cero o desplazamiento del cero,corregir metadatos o configuración y reprocesar,False
803,nivel,2026-03-25 19:46:00,2026-03-25 19:46:00,1,,F:faltante,-1,,0.16,2,falla_comunicacion,alta,faltante o centinela que coincide con huecos en 2 estación(es) más: causa común en la recepción,no imputar a ciegas; recuperar del datalogger,False
803,nivel,2026-03-27 10:15:00,2026-03-27 10:19:00,5,"reglas,mad,iforest",J:nivel,1,32.29998779296875,24.89,0,falla_sensor,media,pico aislado de 5 min sin respaldo,excluir de productos y programar revisión del sensor,False
803,nivel,2026-03-29 13:57:00,2026-03-29 13:57:00,1,"mad,iforest,etiqueta",,151,11.10003662109375,0.25,0,indeterminado,baja,"señalado por mad,iforest,etiqueta sin una regla determinista que identifique la causa",conservar marcado hasta contrastar con otras fuentes,False
803,nivel,2026-04-01 00:01:00,2026-04-01 00:17:00,17,"reglas,etiqueta",R:nivel,1502,1.89996337890625,0.0,0,indeterminado,baja,"señalado por reglas,etiqueta sin una regla determinista que identifique la causa",conservar marcado hasta contrastar con otras fuentes,False
803,nivel,2026-04-01 21:55:00,2026-04-01 21:55:00,1,reglas,R:nivel,1,2.70001220703125,4.83,0,configuracion,media,nivel negativo sostenido: posible cota cero o desplazamiento del cero,corregir metadatos o configuración y reprocesar,False
803,nivel,2026-04-01 22:14:00,2026-04-01 22:14:00,1,reglas,R:nivel,1,3.29998779296875,5.08,0,configuracion,media,nivel negativo sostenido: posible cota cero o desplazamiento del cero,corregir metadatos o configuración y reprocesar,False
803,nivel,2026-04-01 23:03:00,2026-04-01 23:14:00,12,"reglas,etiqueta",R:nivel,1502,3.29998779296875,4.32,0,indeterminado,baja,"señalado por reglas,etiqueta sin una regla determinista que identifique la causa",conservar marcado hasta contrastar con otras fuentes,False
803,nivel,2026-04-02 00:17:00,2026-04-02 00:17:00,1,"reglas,etiqueta",R:nivel,1502,2.70001220703125,4.32,0,configuracion,media,nivel negativo sostenido: posible cota cero o desplazamiento del cero,corregir metadatos o configuración y reprocesar,False
803,nivel,2026-04-02 00:37:00,2026-04-02 01:00:00,24,"reglas,etiqueta",R:nivel,1502,4.10003662109375,4.32,0,configuracion,media,nivel negativo sostenido: posible cota cero o desplazamiento del cero,corregir metadatos o configuración y reprocesar,False
803,nivel,2026-04-02 04:23:00,2026-04-02 04:47:00,25,"reglas,etiqueta",R:nivel,1502,3.0,0.03,0,configuracion,media,nivel negativo sostenido: posible cota cero o desplazamiento del cero,corregir metadatos o configuración y reprocesar,False
803,nivel,2026-04-02 05:04:00,2026-04-02 05:22:00,19,"reglas,etiqueta",R:nivel,1502,3.29998779296875,0.0,0,configuracion,media,nivel negativo sostenido: posible cota cero o desplazamiento del cero,corregir metadatos o configuración y reprocesar,False
803,nivel,2026-04-02 05:39:00,2026-04-02 05:45:00,7,"reglas,etiqueta",R:nivel,1502,3.199951171875,0.0,0,indeterminado,baja,"señalado por reglas,etiqueta sin una regla determinista que identifique la causa",conservar marcado hasta contrastar con otras fuentes,False
803,nivel,2026-04-02 07:20:00,2026-04-02 07:40:00,21,"reglas,etiqueta",R:nivel,1502,2.60003662109375,0.0,0,indeterminado,baja,"señalado por reglas,etiqueta sin una regla determinista que identifique la causa",conservar marcado hasta contrastar con otras fuentes,False
803,nivel,2026-04-02 08:09:00,2026-04-02 08:09:00,1,"reglas,etiqueta",R:nivel,1502,3.0999755859375,0.0,0,configuracion,media,nivel negativo sostenido: posible cota cero o desplazamiento del cero,corregir metadatos o configuración y reprocesar,False
803,nivel,2026-04-02 08:21:00,2026-04-02 08:21:00,1,"reglas,etiqueta",R:nivel,1502,3.29998779296875,0.0,0,configuracion,media,nivel negativo sostenido: posible cota cero o desplazamiento del cero,corregir metadatos o configuración y reprocesar,False
803,nivel,2026-04-02 12:44:00,2026-04-02 12:44:00,1,"mad,etiqueta",,151,7.29998779296875,0.01,0,indeterminado,baja,"señalado por mad,etiqueta sin una regla determinista que identifique la causa",conservar marcado hasta contrastar con otras fuentes,False
803,nivel,2026-04-02 15:46:00,2026-04-02 15:46:00,1,"reglas,etiqueta",R:nivel,1502,4.39996337890625,0.51,0,configuracion,media,nivel negativo sostenido: posible cota cero o desplazamiento del cero,corregir metadatos o configuración y reprocesar,False
803,nivel,2026-04-03 16:21:00,2026-04-03 16:32:00,12,"reglas,mad,iforest,etiqueta",R:nivel;J:nivel,1502,26.0,25.15,0,falla_sensor,media,pico aislado de 12 min sin respaldo,excluir de productos y programar revisión del sensor,False
803,nivel,2026-04-03 16:57:00,2026-04-03 16:58:00,2,"reglas,mad,iforest,etiqueta",R:nivel,1502,10.70001220703125,43.18,0,configuracion,media,nivel negativo sostenido: posible cota cero o desplazamiento del cero,corregir metadatos o configuración y reprocesar,False
803,nivel,2026-04-08 00:10:00,2026-04-08 00:10:00,1,"reglas,etiqueta",R:nivel,1502,3.20001220703125,0.0,0,configuracion,media,nivel negativo sostenido: posible cota cero o desplazamiento del cero,corregir metadatos o configuración y reprocesar,False
803,nivel,2026-04-08 00:33:00,2026-04-08 00:38:00,6,"reglas,etiqueta",R:nivel,1502,3.5,0.0,0,configuracion,media,nivel negativo sostenido: posible cota cero o desplazamiento del cero,corregir metadatos o configuración y reprocesar,False
803,nivel,2026-04-08 01:01:00,2026-04-08 01:01:00,1,"reglas,etiqueta",R:nivel,1502,2.70001220703125,0.0,0,configuracion,media,nivel negativo sostenido: posible cota cero o desplazamiento del cero,corregir metadatos o configuración y reprocesar,False
803,nivel,2026-04-08 01:31:00,2026-04-08 04:57:00,207,"reglas,etiqueta",R:nivel,1502,3.89996337890625,0.0,0,configuracion,media,nivel negativo sostenido: posible cota cero o desplazamiento del cero,corregir metadatos o configuración y reprocesar,False
803,nivel,2026-04-08 08:34:00,2026-04-08 08:34:00,1,"reglas,etiqueta",R:nivel,1502,2.9000244140625,0.25,0,configuracion,media,nivel negativo sostenido: posible cota cero o desplazamiento del cero,corregir metadatos o configuración y reprocesar,False
803,nivel,2026-04-09 01:05:00,2026-04-09 01:05:00,1,"reglas,mad",R:nivel,1,4.5,0.25,1,configuracion,media,nivel negativo sostenido: posible cota cero o desplazamiento del cero,corregir metadatos o configuración y reprocesar,False
803,nivel,2026-04-09 02:48:00,2026-04-09 03:00:00,13,"reglas,mad",R:nivel,1,4.5,3.56,1,configuracion,media,nivel negativo sostenido: posible cota cero o desplazamiento del cero,corregir metadatos o configuración y reprocesar,False
803,nivel,2026-04-09 05:18:00,2026-04-09 05:27:00,10,"reglas,etiqueta",R:nivel,1502,1.9000244140625,3.56,1,configuracion,media,nivel negativo sostenido: posible cota cero o desplazamiento del cero,corregir metadatos o configuración y reprocesar,False
803,nivel,2026-04-09 05:39:00,2026-04-09 06:56:00,78,"reglas,etiqueta",R:nivel,1502,2.0999755859375,3.56,1,configuracion,media,nivel negativo sostenido: posible cota cero o desplazamiento del cero,corregir metadatos o configuración y reprocesar,False
803,nivel,2026-04-09 07:15:00,2026-04-09 07:16:00,2,reglas,R:nivel,1,0.60003662109375,3.05,1,configuracion,media,nivel negativo sostenido: posible cota cero o desplazamiento del cero,corregir metadatos o configuración y reprocesar,False
803,nivel,2026-04-09 07:38:00,2026-04-09 07:48:00,11,reglas,R:nivel,1,0.70001220703125,2.29,1,indeterminado,baja,señalado por reglas sin una regla determinista que identifique la causa,conservar marcado hasta contrastar con otras fuentes,False
803,nivel,2026-04-09 08:34:00,2026-04-09 08:59:00,26,"reglas,etiqueta",R:nivel,1502,2.0999755859375,0.39,1,indeterminado,baja,"señalado por reglas,etiqueta sin una regla determinista que identifique la causa",conservar marcado hasta contrastar con otras fuentes,False
803,nivel,2026-04-09 22:27:00,2026-04-09 22:30:00,4,"reglas,etiqueta",R:nivel,1502,1.5999755859375,0.0,0,indeterminado,baja,"señalado por reglas,etiqueta sin una regla determinista que identifique la causa",conservar marcado hasta contrastar con otras fuentes,False
803,nivel,2026-04-09 22:44:00,2026-04-09 23:07:00,24,"reglas,etiqueta",R:nivel,1502,1.60003662109375,0.0,0,configuracion,media,nivel negativo sostenido: posible cota cero o desplazamiento del cero,corregir metadatos o configuración y reprocesar,False
803,nivel,2026-04-09 23:46:00,2026-04-09 23:48:00,3,reglas,R:nivel,1,0.79998779296875,0.0,0,configuracion,media,nivel negativo sostenido: posible cota cero o desplazamiento del cero,corregir metadatos o configuración y reprocesar,False
803,nivel,2026-04-10 00:07:00,2026-04-10 00:07:00,1,reglas,R:nivel,1,0.5999755859375,0.0,0,configuracion,media,nivel negativo sostenido: posible cota cero o desplazamiento del cero,corregir metadatos o configuración y reprocesar,False
803,nivel,2026-04-10 00:25:00,2026-04-10 00:38:00,14,"reglas,etiqueta",R:nivel,1502,1.5999755859375,0.0,0,configuracion,media,nivel negativo sostenido: posible cota cero o desplazamiento del cero,corregir metadatos o configuración y reprocesar,False
803,nivel,2026-04-10 00:57:00,2026-04-10 00:57:00,1,reglas,R:nivel,1,0.89996337890625,0.0,0,configuracion,media,nivel negativo sostenido: posible cota cero o desplazamiento del cero,corregir metadatos o configuración y reprocesar,False
803,nivel,2026-04-10 05:18:00,2026-04-10 05:25:00,8,"reglas,etiqueta",R:nivel,1502,1.60003662109375,0.0,0,indeterminado,baja,"señalado por reglas,etiqueta sin una regla determinista que identifique la causa",conservar marcado hasta contrastar con otras fuentes,False
803,nivel,2026-04-10 06:07:00,2026-04-10 06:16:00,10,"reglas,etiqueta",R:nivel,1502,2.0,0.0,0,indeterminado,baja,"señalado por reglas,etiqueta sin una regla determinista que identifique la causa",conservar marcado hasta contrastar con otras fuentes,False
803,nivel,2026-04-10 06:56:00,2026-04-10 07:50:00,55,"reglas,etiqueta",R:nivel,1502,2.4000244140625,0.0,0,indeterminado,baja,"señalado por reglas,etiqueta sin una regla determinista que identifique la causa",conservar marcado hasta contrastar con otras fuentes,False
803,nivel,2026-04-10 08:22:00,2026-04-10 08:22:00,1,"reglas,etiqueta",R:nivel,1502,1.9000244140625,0.0,0,configuracion,media,nivel negativo sostenido: posible cota cero o desplazamiento del cero,corregir metadatos o configuración y reprocesar,False
803,nivel,2026-04-10 21:58:00,2026-04-10 22:11:00,14,"reglas,mad,etiqueta",R:nivel,1502,5.5,0.0,0,configuracion,media,nivel negativo sostenido: posible cota cero o desplazamiento del cero,corregir metadatos o configuración y reprocesar,False
803,nivel,2026-04-10 22:33:00,2026-04-11 01:22:00,170,"reglas,mad,etiqueta",R:nivel,1502,5.70001220703125,0.0,0,configuracion,media,nivel negativo sostenido: posible cota cero o desplazamiento del cero,corregir metadatos o configuración y reprocesar,False
803,nivel,2026-04-12 18:23:00,2026-04-12 18:24:00,2,"reglas,etiqueta",R:nivel,1502,1.70001220703125,0.03,0,configuracion,media,nivel negativo sostenido: posible cota cero o desplazamiento del cero,corregir metadatos o configuración y reprocesar,False
803,nivel,2026-04-12 19:00:00,2026-04-12 19:00:00,1,"reglas,etiqueta",R:nivel,1502,1.29998779296875,0.03,0,configuracion,media,nivel negativo sostenido: posible cota cero o desplazamiento del cero,corregir metadatos o configuración y reprocesar,False
803,nivel,2026-04-12 19:29:00,2026-04-12 19:29:00,1,"reglas,etiqueta",R:nivel,1502,1.5,0.03,0,configuracion,media,nivel negativo sostenido: posible cota cero o desplazamiento del cero,corregir metadatos o configuración y reprocesar,False
803,nivel,2026-04-12 19:57:00,2026-04-12 19:59:00,3,"reglas,etiqueta",R:nivel,1502,1.5,0.03,0,configuracion,media,nivel negativo sostenido: posible cota cero o desplazamiento del cero,corregir metadatos o configuración y reprocesar,False
803,nivel,2026-04-12 20:43:00,2026-04-12 20:43:00,1,"reglas,etiqueta",R:nivel,1502,0.79998779296875,0.03,0,configuracion,media,nivel negativo sostenido: posible cota cero o desplazamiento del cero,corregir metadatos o configuración y reprocesar,False
803,nivel,2026-04-12 21:01:00,2026-04-12 21:01:00,1,reglas,R:nivel,1,0.39996337890625,0.03,0,configuracion,media,nivel negativo sostenido: posible cota cero o desplazamiento del cero,corregir metadatos o configuración y reprocesar,False
803,nivel,2026-04-12 21:14:00,2026-04-12 23:38:00,145,"reglas,etiqueta",R:nivel,1502,1.20001220703125,0.03,0,configuracion,media,nivel negativo sostenido: posible cota cero o desplazamiento del cero,corregir metadatos o configuración y reprocesar,False
803,nivel,2026-04-12 23:53:00,2026-04-12 23:55:00,3,"reglas,etiqueta",R:nivel,1502,0.60003662109375,0.0,0,configuracion,media,nivel negativo sostenido: posible cota cero o desplazamiento del cero,corregir metadatos o configuración y reprocesar,False
803,nivel,2026-04-13 00:27:00,2026-04-13 00:33:00,7,"reglas,etiqueta",R:nivel,1502,1.0,0.0,0,configuracion,media,nivel negativo sostenido: posible cota cero o desplazamiento del cero,corregir metadatos o configuración y reprocesar,False
803,nivel,2026-04-13 00:45:00,2026-04-13 00:54:00,10,"reglas,etiqueta",R:nivel,1502,1.0999755859375,0.0,0,configuracion,media,nivel negativo sostenido: posible cota cero o desplazamiento del cero,corregir metadatos o configuración y reprocesar,False
803,nivel,2026-04-13 01:06:00,2026-04-13 01:43:00,38,reglas,R:nivel,1,1.0,0.0,0,configuracion,media,nivel negativo sostenido: posible cota cero o desplazamiento del cero,corregir metadatos o configuración y reprocesar,False
803,nivel,2026-04-13 02:03:00,2026-04-13 02:11:00,9,reglas,R:nivel,1,0.29998779296875,0.0,0,configuracion,media,nivel negativo sostenido: posible cota cero o desplazamiento del cero,corregir metadatos o configuración y reprocesar,False
803,nivel,2026-04-13 02:29:00,2026-04-13 02:40:00,12,reglas,R:nivel,1,0.20001220703125,0.0,0,indeterminado,baja,señalado por reglas sin una regla determinista que identifique la causa,conservar marcado hasta contrastar con otras fuentes,False
803,nivel,2026-04-13 02:57:00,2026-04-13 03:13:00,17,reglas,R:nivel,1,0.29998779296875,0.0,1,configuracion,media,nivel negativo sostenido: posible cota cero o desplazamiento del cero,corregir metadatos o configuración y reprocesar,False
803,nivel,2026-04-13 03:30:00,2026-04-13 04:14:00,45,"reglas,etiqueta",R:nivel,1502,1.0,0.0,0,configuracion,media,nivel negativo sostenido: posible cota cero o desplazamiento del cero,corregir metadatos o configuración y reprocesar,False
803,nivel,2026-04-13 04:49:00,2026-04-13 07:13:00,145,"reglas,etiqueta",R:nivel,1502,1.70001220703125,0.0,0,configuracion,media,nivel negativo sostenido: posible cota cero o desplazamiento del cero,corregir metadatos o configuración y reprocesar,False
803,nivel,2026-04-13 08:50:00,2026-04-13 08:50:00,1,"mad,iforest,etiqueta",,1502,13.4000244140625,0.01,0,indeterminado,baja,"señalado por mad,iforest,etiqueta sin una regla determinista que identifique la causa",conservar marcado hasta contrastar con otras fuentes,False
803,nivel,2026-04-13 09:04:00,2026-04-13 09:05:00,2,"reglas,etiqueta",R:nivel,1502,1.4000244140625,0.01,0,configuracion,media,nivel negativo sostenido: posible cota cero o desplazamiento del cero,corregir metadatos o configuración y reprocesar,False
803,nivel,2026-04-13 09:19:00,2026-04-13 09:27:00,9,"reglas,etiqueta",R:nivel,1502,2.0999755859375,0.01,0,configuracion,media,nivel negativo sostenido: posible cota cero o desplazamiento del cero,corregir metadatos o configuración y reprocesar,False
803,nivel,2026-04-13 10:20:00,2026-04-13 10:21:00,2,"mad,iforest,etiqueta",,1502,13.0,0.01,0,indeterminado,baja,"señalado por mad,iforest,etiqueta sin una regla determinista que identifique la causa",conservar marcado hasta contrastar con otras fuentes,False
803,nivel,2026-04-13 21:43:00,2026-04-13 21:45:00,3,"reglas,etiqueta",R:nivel,1502,4.29998779296875,0.06,0,configuracion,media,nivel negativo sostenido: posible cota cero o desplazamiento del cero,corregir metadatos o configuración y reprocesar,False
803,nivel,2026-04-13 22:12:00,2026-04-14 04:48:00,397,"reglas,mad,etiqueta",R:nivel,1502,5.60003662109375,0.01,0,configuracion,media,nivel negativo sostenido: posible cota cero o desplazamiento del cero,corregir metadatos o configuración y reprocesar,False
803,nivel,2026-04-14 05:01:00,2026-04-14 05:28:00,28,"reglas,etiqueta",R:nivel,1502,2.10003662109375,0.0,0,configuracion,media,nivel negativo sostenido: posible cota cero o desplazamiento del cero,corregir metadatos o configuración y reprocesar,False
803,nivel,2026-04-14 07:14:00,2026-04-14 07:50:00,37,"reglas,etiqueta",R:nivel,1502,4.199951171875,0.0,0,configuracion,media,nivel negativo sostenido: posible cota cero o desplazamiento del cero,corregir metadatos o configuración y reprocesar,False
803,nivel,2026-04-14 08:02:00,2026-04-14 08:19:00,18,"reglas,etiqueta",R:nivel,1502,3.5999755859375,0.0,0,indeterminado,baja,"señalado por reglas,etiqueta sin una regla determinista que identifique la causa",conservar marcado hasta contrastar con otras fuentes,False
803,nivel,2026-04-14 08:33:00,2026-04-14 08:36:00,4,"reglas,etiqueta",R:nivel,1502,3.5999755859375,0.0,0,indeterminado,baja,"señalado por reglas,etiqueta sin una regla determinista que identifique la causa",conservar marcado hasta contrastar con otras fuentes,False
803,nivel,2026-04-14 10:53:00,2026-04-14 11:12:00,20,"mad,iforest,etiqueta",,1502,10.5,0.02,0,indeterminado,baja,"señalado por mad,iforest,etiqueta sin una regla determinista que identifique la causa",conservar marcado hasta contrastar con otras fuentes,False
803,nivel,2026-04-14 12:29:00,2026-04-14 12:43:00,15,"mad,etiqueta",F:faltante,1502,7.5,0.02,0,falla_comunicacion,media,faltante o centinela sin coincidencia en otras estaciones,no imputar a ciegas; recuperar del datalogger,False
803,nivel,2026-04-14 13:41:00,2026-04-14 13:48:00,8,reglas,R:nivel,1,4.5999755859375,0.02,0,indeterminado,baja,señalado por reglas sin una regla determinista que identifique la causa,conservar marcado hasta contrastar con otras fuentes,False
803,nivel,2026-04-14 15:12:00,2026-04-14 15:52:00,41,"reglas,mad",R:nivel,1,5.4000244140625,1.27,0,configuracion,media,nivel negativo sostenido: posible cota cero o desplazamiento del cero,corregir metadatos o configuración y reprocesar,False
803,nivel,2026-04-14 17:22:00,2026-04-14 17:22:00,1,"reglas,etiqueta",R:nivel,1502,4.10003662109375,1.78,0,configuracion,media,nivel negativo sostenido: posible cota cero o desplazamiento del cero,corregir metadatos o configuración y reprocesar,False
803,nivel,2026-04-14 17:56:00,2026-04-14 18:09:00,14,"reglas,mad,etiqueta",R:nivel,1502,5.29998779296875,1.78,0,indeterminado,baja,"señalado por reglas,mad,etiqueta sin una regla determinista que identifique la causa",conservar marcado hasta contrastar con otras fuentes,False
803,nivel,2026-04-14 19:10:00,2026-04-14 19:10:00,1,"mad,iforest,etiqueta",,1502,10.4000244140625,1.78,0,indeterminado,baja,"señalado por mad,iforest,etiqueta sin una regla determinista que identifique la causa",conservar marcado hasta contrastar con otras fuentes,False
803,nivel,2026-04-14 19:36:00,2026-04-14 19:49:00,14,"reglas,etiqueta",R:nivel,1502,3.5999755859375,1.78,0,indeterminado,baja,"señalado por reglas,etiqueta sin una regla determinista que identifique la causa",conservar marcado hasta contrastar con otras fuentes,False
803,nivel,2026-04-14 20:31:00,2026-04-14 20:45:00,15,"reglas,mad,etiqueta",R:nivel,1502,5.300048828125,0.51,0,indeterminado,baja,"señalado por reglas,mad,etiqueta sin una regla determinista que identifique la causa",conservar marcado hasta contrastar con otras fuentes,False
803,nivel,2026-04-14 21:30:00,2026-04-14 21:36:00,7,"reglas,etiqueta",R:nivel,1502,4.10003662109375,0.51,0,indeterminado,baja,"señalado por reglas,etiqueta sin una regla determinista que identifique la causa",conservar marcado hasta contrastar con otras fuentes,False
803,nivel,2026-04-14 21:53:00,2026-04-15 00:04:00,132,"reglas,mad,etiqueta",R:nivel,1502,6.79998779296875,0.51,0,configuracion,media,nivel negativo sostenido: posible cota cero o desplazamiento del cero,corregir metadatos o configuración y reprocesar,False
803,nivel,2026-04-15 00:19:00,2026-04-15 00:19:00,1,reglas,R:nivel,1,0.0999755859375,0.0,0,configuracion,media,nivel negativo sostenido: posible cota cero o desplazamiento del cero,corregir metadatos o configuración y reprocesar,False
803,nivel,2026-04-15 00:42:00,2026-04-15 00:42:00,1,reglas,R:nivel,1,0.0999755859375,0.0,0,configuracion,media,nivel negativo sostenido: posible cota cero o desplazamiento del cero,corregir metadatos o configuración y reprocesar,False
803,nivel,2026-04-15 01:06:00,2026-04-15 03:45:00,160,"reglas,mad,iforest,etiqueta",R:nivel,1502,15.199951171875,0.0,0,configuracion,media,nivel negativo sostenido: posible cota cero o desplazamiento del cero,corregir metadatos o configuración y reprocesar,False
803,nivel,2026-04-15 04:23:00,2026-04-15 04:27:00,5,"reglas,etiqueta",R:nivel,1502,0.9000244140625,0.05,0,configuracion,media,nivel negativo sostenido: posible cota cero o desplazamiento del cero,corregir metadatos o configuración y reprocesar,False
803,nivel,2026-04-15 04:40:00,2026-04-15 09:42:00,303,"reglas,mad,iforest,etiqueta",R:nivel,1502,14.800048828125,0.05,0,configuracion,media,nivel negativo sostenido: posible cota cero o desplazamiento del cero,corregir metadatos o configuración y reprocesar,False
803,nivel,2026-04-15 10:17:00,2026-04-15 10:17:00,1,"reglas,etiqueta",R:nivel,1502,4.29998779296875,0.01,0,configuracion,media,nivel negativo sostenido: posible cota cero o desplazamiento del cero,corregir metadatos o configuración y reprocesar,False
803,nivel,2026-04-20 04:03:00,2026-04-20 04:13:00,11,"reglas,etiqueta",R:nivel,1502,3.0999755859375,0.0,0,indeterminado,baja,"señalado por reglas,etiqueta sin una regla determinista que identifique la causa",conservar marcado hasta contrastar con otras fuentes,False
803,nivel,2026-04-20 16:39:00,2026-04-20 16:39:00,1,"reglas,etiqueta",R:nivel,1502,4.5999755859375,0.0,0,configuracion,media,nivel negativo sostenido: posible cota cero o desplazamiento del cero,corregir metadatos o configuración y reprocesar,False
803,nivel,2026-04-20 16:58:00,2026-04-20 17:10:00,13,"reglas,etiqueta",R:nivel,1502,4.5999755859375,0.0,0,indeterminado,baja,"señalado por reglas,etiqueta sin una regla determinista que identifique la causa",conservar marcado hasta contrastar con otras fuentes,False
803,nivel,2026-04-20 22:22:00,2026-04-20 22:33:00,12,"reglas,mad,etiqueta",R:nivel,1502,5.0999755859375,0.0,0,indeterminado,baja,"señalado por reglas,mad,etiqueta sin una regla determinista que identifique la causa",conservar marcado hasta contrastar con otras fuentes,False
803,nivel,2026-04-20 23:49:00,2026-04-21 00:52:00,64,"reglas,etiqueta",R:nivel,1502,3.79998779296875,0.0,0,indeterminado,baja,"señalado por reglas,etiqueta sin una regla determinista que identifique la causa",conservar marcado hasta contrastar con otras fuentes,False
803,nivel,2026-04-21 03:30:00,2026-04-21 03:36:00,7,"reglas,mad,etiqueta",R:nivel,1502,4.79998779296875,0.76,0,configuracion,media,nivel negativo sostenido: posible cota cero o desplazamiento del cero,corregir metadatos o configuración y reprocesar,False
803,nivel,2026-04-21 04:48:00,2026-04-21 04:59:00,12,reglas,R:nivel,1,3.10003662109375,0.76,0,indeterminado,baja,señalado por reglas sin una regla determinista que identifique la causa,conservar marcado hasta contrastar con otras fuentes,False
803,nivel,2026-04-21 05:25:00,2026-04-21 05:30:00,6,"reglas,mad,iforest,etiqueta",R:nivel,1502,15.0,0.76,0,indeterminado,baja,"señalado por reglas,mad,iforest,etiqueta sin una regla determinista que identifique la causa",conservar marcado hasta contrastar con otras fuentes,False
803,nivel,2026-04-21 06:28:00,2026-04-21 06:28:00,1,reglas,R:nivel,1,2.300048828125,0.76,0,configuracion,media,nivel negativo sostenido: posible cota cero o desplazamiento del cero,corregir metadatos o configuración y reprocesar,False
803,nivel,2026-04-21 06:53:00,2026-04-21 07:05:00,13,"reglas,etiqueta",R:nivel,1502,3.20001220703125,0.76,0,indeterminado,baja,"señalado por reglas,etiqueta sin una regla determinista que identifique la causa",conservar marcado hasta contrastar con otras fuentes,False
803,nivel,2026-04-21 07:18:00,2026-04-21 07:27:00,10,"reglas,etiqueta",R:nivel,1502,3.9000244140625,0.76,0,indeterminado,baja,"señalado por reglas,etiqueta sin una regla determinista que identifique la causa",conservar marcado hasta contrastar con otras fuentes,False
803,nivel,2026-04-22 13:28:00,2026-04-22 13:28:00,1,"mad,iforest,etiqueta",,151,11.10003662109375,2.29,0,indeterminado,baja,"señalado por mad,iforest,etiqueta sin una regla determinista que identifique la causa",conservar marcado hasta contrastar con otras fuentes,False
803,nivel,2026-04-22 14:24:00,2026-04-22 14:24:00,1,"reglas,mad,etiqueta",R:nivel,151,7.20001220703125,9.65,0,configuracion,media,nivel negativo sostenido: posible cota cero o desplazamiento del cero,corregir metadatos o configuración y reprocesar,False
803,nivel,2026-04-23 21:47:00,2026-04-23 21:49:00,3,"reglas,etiqueta",R:nivel,1502,3.5999755859375,0.0,0,configuracion,media,nivel negativo sostenido: posible cota cero o desplazamiento del cero,corregir metadatos o configuración y reprocesar,False
803,nivel,2026-04-23 22:35:00,2026-04-23 22:53:00,19,"reglas,etiqueta",R:nivel,1502,3.29998779296875,0.0,0,indeterminado,baja,"señalado por reglas,etiqueta sin una regla determinista que identifique la causa",conservar marcado hasta contrastar con otras fuentes,False
803,nivel,2026-04-24 22:30:00,2026-04-24 22:30:00,1,"reglas,etiqueta",R:nivel,1502,3.5,0.19,0,configuracion,media,nivel negativo sostenido: posible cota cero o desplazamiento del cero,corregir metadatos o configuración y reprocesar,False
803,nivel,2026-04-25 20:33:00,2026-04-25 20:34:00,2,"reglas,etiqueta",R:nivel,1502,3.70001220703125,0.76,0,configuracion,media,nivel negativo sostenido: posible cota cero o desplazamiento del cero,corregir metadatos o configuración y reprocesar,False
803,nivel,2026-04-25 21:06:00,2026-04-25 22:51:00,106,"reglas,etiqueta",R:nivel,1502,3.5999755859375,0.76,0,indeterminado,baja,"señalado por reglas,etiqueta sin una regla determinista que identifique la causa",conservar marcado hasta contrastar con otras fuentes,False
803,nivel,2026-04-25 23:11:00,2026-04-25 23:22:00,12,"reglas,mad",R:nivel,1,4.5,1.02,0,configuracion,media,nivel negativo sostenido: posible cota cero o desplazamiento del cero,corregir metadatos o configuración y reprocesar,False
803,nivel,2026-04-25 23:41:00,2026-04-26 00:15:00,35,"reglas,mad",R:nivel,1,4.5999755859375,1.52,0,configuracion,media,nivel negativo sostenido: posible cota cero o desplazamiento del cero,corregir metadatos o configuración y reprocesar,False
803,nivel,2026-04-26 01:12:00,2026-04-26 01:12:00,1,reglas,R:nivel,1,3.0999755859375,6.6,0,configuracion,media,nivel negativo sostenido: posible cota cero o desplazamiento del cero,corregir metadatos o configuración y reprocesar,False
803,nivel,2026-04-26 17:08:00,2026-04-26 17:10:00,3,reglas,R:nivel,1,2.699951171875,0.76,0,configuracion,media,nivel negativo sostenido: posible cota cero o desplazamiento del cero,corregir metadatos o configuración y reprocesar,False
803,nivel,2026-04-26 17:28:00,2026-04-26 17:37:00,10,reglas,R:nivel,1,1.89996337890625,0.82,0,indeterminado,baja,señalado por reglas sin una regla determinista que identifique la causa,conservar marcado hasta contrastar con otras fuentes,False
803,nivel,2026-04-26 17:49:00,2026-04-26 17:56:00,8,reglas,R:nivel,1,2.29998779296875,1.02,0,indeterminado,baja,señalado por reglas sin una regla determinista que identifique la causa,conservar marcado hasta contrastar con otras fuentes,False
803,nivel,2026-04-26 18:54:00,2026-04-26 18:56:00,3,reglas,R:nivel,1,1.4000244140625,1.02,0,configuracion,media,nivel negativo sostenido: posible cota cero o desplazamiento del cero,corregir metadatos o configuración y reprocesar,False
803,nivel,2026-04-26 20:38:00,2026-04-26 21:32:00,55,"reglas,etiqueta",R:nivel,1502,2.10003662109375,1.02,0,configuracion,media,nivel negativo sostenido: posible cota cero o desplazamiento del cero,corregir metadatos o configuración y reprocesar,False
803,nivel,2026-04-27 05:23:00,2026-04-27 05:43:00,21,"reglas,etiqueta",R:nivel,1502,1.5,0.0,0,configuracion,media,nivel negativo sostenido: posible cota cero o desplazamiento del cero,corregir metadatos o configuración y reprocesar,False
803,nivel,2026-04-27 05:55:00,2026-04-27 06:55:00,61,"reglas,etiqueta",R:nivel,1502,1.70001220703125,0.0,0,indeterminado,baja,"señalado por reglas,etiqueta sin una regla determinista que identifique la causa",conservar marcado hasta contrastar con otras fuentes,False
803,nivel,2026-04-28 07:53:00,2026-04-28 07:59:00,7,"mad,iforest,etiqueta",,151,12.70001220703125,0.25,0,indeterminado,baja,"señalado por mad,iforest,etiqueta sin una regla determinista que identifique la causa",conservar marcado hasta contrastar con otras fuentes,False
803,nivel,2026-04-28 21:47:00,2026-04-28 21:47:00,1,"reglas,etiqueta",R:nivel,1502,3.9000244140625,2.54,0,configuracion,media,nivel negativo sostenido: posible cota cero o desplazamiento del cero,corregir metadatos o configuración y reprocesar,False
803,nivel,2026-04-29 01:14:00,2026-04-29 01:16:00,3,"reglas,mad,etiqueta",R:nivel,1502,6.0,0.0,0,configuracion,media,nivel negativo sostenido: posible cota cero o desplazamiento del cero,corregir metadatos o configuración y reprocesar,False
803,nivel,2026-04-29 02:00:00,2026-04-29 02:04:00,5,"reglas,mad,etiqueta",R:nivel,1502,6.5,0.0,0,configuracion,media,nivel negativo sostenido: posible cota cero o desplazamiento del cero,corregir metadatos o configuración y reprocesar,False
803,nivel,2026-04-29 02:17:00,2026-04-29 02:56:00,40,"reglas,mad,etiqueta",R:nivel,1502,6.29998779296875,0.0,0,configuracion,media,nivel negativo sostenido: posible cota cero o desplazamiento del cero,corregir metadatos o configuración y reprocesar,False
803,nivel,2026-04-29 09:13:00,2026-04-29 09:13:00,1,"reglas,etiqueta",R:nivel,1502,3.0,0.04,0,configuracion,media,nivel negativo sostenido: posible cota cero o desplazamiento del cero,corregir metadatos o configuración y reprocesar,False
803,nivel,2026-04-30 01:49:00,2026-04-30 01:50:00,2,"reglas,mad,etiqueta",R:nivel,1502,4.9000244140625,0.0,0,configuracion,media,nivel negativo sostenido: posible cota cero o desplazamiento del cero,corregir metadatos o configuración y reprocesar,False
803,nivel,2026-04-30 02:03:00,2026-04-30 02:05:00,3,"reglas,mad,etiqueta",R:nivel,1502,5.70001220703125,0.0,0,configuracion,media,nivel negativo sostenido: posible cota cero o desplazamiento del cero,corregir metadatos o configuración y reprocesar,False
803,nivel,2026-04-30 02:18:00,2026-04-30 02:25:00,8,"reglas,mad,etiqueta",R:nivel,1502,6.0999755859375,0.0,0,configuracion,media,nivel negativo sostenido: posible cota cero o desplazamiento del cero,corregir metadatos o configuración y reprocesar,False
803,nivel,2026-04-30 03:27:00,2026-04-30 03:29:00,3,"reglas,mad,etiqueta",R:nivel,1502,5.5999755859375,0.0,0,configuracion,media,nivel negativo sostenido: posible cota cero o desplazamiento del cero,corregir metadatos o configuración y reprocesar,False
803,nivel,2026-04-30 04:41:00,2026-04-30 04:41:00,1,"mad,iforest,etiqueta",,151,12.10003662109375,0.0,0,indeterminado,baja,"señalado por mad,iforest,etiqueta sin una regla determinista que identifique la causa",conservar marcado hasta contrastar con otras fuentes,False
803,nivel,2026-04-30 05:33:00,2026-04-30 05:50:00,18,"reglas,etiqueta",R:nivel,1502,4.20001220703125,0.0,0,indeterminado,baja,"señalado por reglas,etiqueta sin una regla determinista que identifique la causa",conservar marcado hasta contrastar con otras fuentes,False
803,nivel,2026-04-30 06:43:00,2026-04-30 07:19:00,37,"reglas,etiqueta",R:nivel,1502,4.20001220703125,0.0,0,indeterminado,baja,"señalado por reglas,etiqueta sin una regla determinista que identifique la causa",conservar marcado hasta contrastar con otras fuentes,False
803,nivel,2026-04-30 07:45:00,2026-04-30 07:45:00,1,"reglas,etiqueta",R:nivel,1502,3.20001220703125,0.0,0,configuracion,media,nivel negativo sostenido: posible cota cero o desplazamiento del cero,corregir metadatos o configuración y reprocesar,False
803,nivel,2026-04-30 08:00:00,2026-04-30 08:01:00,2,"reglas,etiqueta",R:nivel,1502,3.60003662109375,0.0,0,configuracion,media,nivel negativo sostenido: posible cota cero o desplazamiento del cero,corregir metadatos o configuración y reprocesar,False
803,nivel,2026-04-30 08:16:00,2026-04-30 08:44:00,29,"reglas,etiqueta",R:nivel,1502,3.29998779296875,0.0,0,indeterminado,baja,"señalado por reglas,etiqueta sin una regla determinista que identifique la causa",conservar marcado hasta contrastar con otras fuentes,False
803,nivel,2026-04-30 09:02:00,2026-04-30 09:02:00,1,"reglas,etiqueta",R:nivel,1502,3.70001220703125,0.0,0,configuracion,media,nivel negativo sostenido: posible cota cero o desplazamiento del cero,corregir metadatos o configuración y reprocesar,False
803,nivel,2026-04-30 09:26:00,2026-04-30 09:26:00,1,"reglas,mad,etiqueta",R:nivel,1502,4.5,0.0,0,configuracion,media,nivel negativo sostenido: posible cota cero o desplazamiento del cero,corregir metadatos o configuración y reprocesar,False
803,nivel,2026-04-30 09:48:00,2026-04-30 09:54:00,7,"reglas,mad,etiqueta",R:nivel,1502,5.79998779296875,0.0,0,configuracion,media,nivel negativo sostenido: posible cota cero o desplazamiento del cero,corregir metadatos o configuración y reprocesar,False
803,nivel,2026-04-30 15:19:00,2026-04-30 15:19:00,1,"mad,iforest,etiqueta",,151,10.89996337890625,0.0,0,indeterminado,baja,"señalado por mad,iforest,etiqueta sin una regla determinista que identifique la causa",conservar marcado hasta contrastar con otras fuentes,False
803,nivel,2026-04-30 17:38:00,2026-04-30 18:00:00,23,"reglas,mad,iforest,etiqueta",R:nivel,151,11.5999755859375,0.0,0,indeterminado,baja,"señalado por reglas,mad,iforest,etiqueta sin una regla determinista que identifique la causa",conservar marcado hasta contrastar con otras fuentes,False
803,nivel,2026-04-30 18:24:00,2026-04-30 19:29:00,66,"reglas,mad,iforest,etiqueta",R:nivel,1502,10.199951171875,0.0,0,indeterminado,baja,"señalado por reglas,mad,iforest,etiqueta sin una regla determinista que identifique la causa",conservar marcado hasta contrastar con otras fuentes,False
803,nivel,2026-04-30 20:00:00,2026-04-30 20:00:00,1,"reglas,mad,etiqueta",R:nivel,1502,4.79998779296875,0.0,0,configuracion,media,nivel negativo sostenido: posible cota cero o desplazamiento del cero,corregir metadatos o configuración y reprocesar,False
803,nivel,2026-04-30 20:35:00,2026-04-30 21:05:00,31,"reglas,mad,iforest,etiqueta",R:nivel,1502,11.0,0.0,0,indeterminado,baja,"señalado por reglas,mad,iforest,etiqueta sin una regla determinista que identifique la causa",conservar marcado hasta contrastar con otras fuentes,False
803,nivel,2026-04-30 21:24:00,2026-04-30 23:59:00,156,"reglas,mad,iforest,etiqueta",R:nivel,1502,16.29998779296875,0.0,0,indeterminado,baja,"señalado por reglas,mad,iforest,etiqueta sin una regla determinista que identifique la causa",conservar marcado hasta contrastar con otras fuentes,False
6004,radiacion,2025-12-01 03:01:00,2025-12-01 03:02:00,2,reglas,F:faltante;X:marca_irregular,1,,20.83,0,falla_comunicacion,media,faltante o centinela sin coincidencia en otras estaciones,no imputar a ciegas; recuperar del datalogger,False
6004,radiacion,2025-12-01 18:09:00,2025-12-01 18:16:00,8,"reglas,iforest,etiqueta",R:radiacion_sobre_cota,1583,1396.5468019056725,3.3,0,evento_fisico_real,media,índice de claridad máximo 1.22 con persistencia: posible realce por nubes,"conservar, marcar y no eliminar",True
6004,radiacion,2025-12-01 19:32:00,2025-12-01 19:35:00,4,"mad,iforest,etiqueta",,1583,1072.235663678253,3.3,0,indeterminado,baja,"señalado por mad,iforest,etiqueta sin una regla determinista que identifique la causa",conservar marcado hasta contrastar con otras fuentes,False
6004,radiacion,2025-12-02 15:48:00,2025-12-02 15:48:00,1,,F:faltante,-1,,0.0,0,falla_comunicacion,media,faltante o centinela sin coincidencia en otras estaciones,no imputar a ciegas; recuperar del datalogger,False
6004,radiacion,2025-12-02 16:13:00,2025-12-02 16:13:00,1,"mad,etiqueta",,1583,1253.6230601760192,0.0,0,indeterminado,baja,"señalado por mad,etiqueta sin una regla determinista que identifique la causa",conservar marcado hasta contrastar con otras fuentes,False
6004,radiacion,2025-12-02 16:33:00,2025-12-02 16:34:00,2,"mad,iforest,etiqueta",,1583,1257.394702070601,0.0,0,indeterminado,baja,"señalado por mad,iforest,etiqueta sin una regla determinista que identifique la causa",conservar marcado hasta contrastar con otras fuentes,False
6004,radiacion,2025-12-02 17:06:00,2025-12-02 17:06:00,1,"mad,etiqueta",,1583,1267.0544702382113,0.08,0,indeterminado,baja,"señalado por mad,etiqueta sin una regla determinista que identifique la causa",conservar marcado hasta contrastar con otras fuentes,False
6004,radiacion,2025-12-02 18:02:00,2025-12-02 18:02:00,1,"mad,etiqueta",,1583,1230.1633996506155,0.51,0,indeterminado,baja,"señalado por mad,etiqueta sin una regla determinista que identifique la causa",conservar marcado hasta contrastar con otras fuentes,False
6004,radiacion,2025-12-03 11:04:00,2025-12-03 11:04:00,1,reglas,R:radiacion_sobre_cota,1,4.836219391902266,0.0,0,falla_sensor,media,"índice de claridad 1.99 en 1 min, sin respaldo físico",excluir de productos y programar revisión del sensor,False
6004,radiacion,2025-12-04 15:39:00,2025-12-04 15:42:00,4,"reglas,mad,iforest,etiqueta",R:radiacion_sobre_cota,1583,1438.5826485768025,0.02,0,evento_fisico_real,media,índice de claridad máximo 1.24 con persistencia: posible realce por nubes,"conservar, marcar y no eliminar",True
6004,radiacion,2025-12-04 16:49:00,2025-12-04 16:58:00,10,"iforest,etiqueta",,1583,1389.6992494327528,0.25,0,indeterminado,baja,"señalado por iforest,etiqueta sin una regla determinista que identifique la causa",conservar marcado hasta contrastar con otras fuentes,False
6004,radiacion,2025-12-04 17:35:00,2025-12-04 17:35:00,1,"iforest,etiqueta",,1583,1317.1647228090467,0.25,0,indeterminado,baja,"señalado por iforest,etiqueta sin una regla determinista que identifique la causa",conservar marcado hasta contrastar con otras fuentes,False
6004,radiacion,2025-12-04 18:03:00,2025-12-04 18:03:00,1,"iforest,etiqueta",,1583,1331.9469343503515,0.76,0,indeterminado,baja,"señalado por iforest,etiqueta sin una regla determinista que identifique la causa",conservar marcado hasta contrastar con otras fuentes,False
6004,radiacion,2025-12-05 01:15:00,2025-12-05 01:39:00,25,,F:faltante,-1,,20.32,0,falla_comunicacion,media,faltante o centinela sin coincidencia en otras estaciones,no imputar a ciegas; recuperar del datalogger,False
6004,radiacion,2025-12-05 20:46:00,2025-12-05 20:55:00,10,reglas,P:radiacion,1,67.85823812407205,0.06,0,falla_sensor,alta,valor congelado (P:radiacion) durante 10 min,excluir de productos y programar revisión del sensor,False
6004,radiacion,2025-12-05 21:10:00,2025-12-05 21:19:00,10,,F:faltante,1,61.63949844701653,0.06,0,falla_comunicacion,media,faltante o centinela sin coincidencia en otras estaciones,no imputar a ciegas; recuperar del datalogger,False
6004,radiacion,2025-12-05 21:32:00,2025-12-06 00:11:00,160,,F:faltante,1,30.303677485170475,0.06,0,falla_comunicacion,media,faltante o centinela sin coincidencia en otras estaciones,no imputar a ciegas; recuperar del datalogger,False
6004,radiacion,2025-12-06 01:12:00,2025-12-06 01:12:00,1,,F:faltante,-1,,0.02,0,falla_comunicacion,media,faltante o centinela sin coincidencia en otras estaciones,no imputar a ciegas; recuperar del datalogger,False
6004,radiacion,2025-12-06 14:17:00,2025-12-06 14:17:00,1,,F:faltante,-1,,0.0,0,falla_comunicacion,media,faltante o centinela sin coincidencia en otras estaciones,no imputar a ciegas; recuperar del datalogger,False
6004,radiacion,2025-12-06 16:09:00,2025-12-06 16:12:00,4,"mad,etiqueta",,1583,1217.2360202701914,0.0,0,indeterminado,baja,"señalado por mad,etiqueta sin una regla determinista que identifique la causa",conservar marcado hasta contrastar con otras fuentes,False
6004,radiacion,2025-12-06 17:08:00,2025-12-06 17:21:00,14,,F:faltante,1,1027.5664676009314,0.14,0,falla_comunicacion,media,faltante o centinela sin coincidencia en otras estaciones,no imputar a ciegas; recuperar del datalogger,False
6004,radiacion,2025-12-06 19:22:00,2025-12-06 19:22:00,1,,F:faltante,-1,,0.42,0,falla_comunicacion,media,faltante o centinela sin coincidencia en otras estaciones,no imputar a ciegas; recuperar del datalogger,False
6004,radiacion,2025-12-06 22:25:00,2025-12-06 22:25:00,1,,F:faltante,-1,,0.39,0,falla_comunicacion,media,faltante o centinela sin coincidencia en otras estaciones,no imputar a ciegas; recuperar del datalogger,False
6004,radiacion,2025-12-07 19:59:00,2025-12-07 20:00:00,2,,F:faltante,-1,,2.79,0,falla_comunicacion,media,faltante o centinela sin coincidencia en otras estaciones,no imputar a ciegas; recuperar del datalogger,False
6004,radiacion,2025-12-07 20:12:00,2025-12-07 20:12:00,1,,F:faltante,-1,,2.79,0,falla_comunicacion,media,faltante o centinela sin coincidencia en otras estaciones,no imputar a ciegas; recuperar del datalogger,False
6004,radiacion,2025-12-08 11:06:00,2025-12-08 11:06:00,1,reglas,R:radiacion_sobre_cota,1,2.7744858285023204,0.0,0,falla_sensor,media,"índice de claridad 5.26 en 1 min, sin respaldo físico",excluir de productos y programar revisión del sensor,False
6004,radiacion,2025-12-09 14:49:00,2025-12-09 14:50:00,2,"iforest,etiqueta",,1583,1130.3631717490082,0.0,0,indeterminado,baja,"señalado por iforest,etiqueta sin una regla determinista que identifique la causa",conservar marcado hasta contrastar con otras fuentes,False
6004,radiacion,2025-12-10 15:05:00,2025-12-10 15:05:00,1,"mad,etiqueta",,1583,1102.1174603026946,0.01,0,indeterminado,baja,"señalado por mad,etiqueta sin una regla determinista que identifique la causa",conservar marcado hasta contrastar con otras fuentes,False
6004,radiacion,2025-12-10 16:29:00,2025-12-10 16:29:00,1,"mad,iforest,etiqueta",,1583,1332.7924675466047,0.01,0,indeterminado,baja,"señalado por mad,iforest,etiqueta sin una regla determinista que identifique la causa",conservar marcado hasta contrastar con otras fuentes,False
6004,radiacion,2025-12-11 05:46:00,2025-12-11 06:00:00,15,,F:faltante,-1,,0.0,0,falla_comunicacion,media,faltante o centinela sin coincidencia en otras estaciones,no imputar a ciegas; recuperar del datalogger,False
6004,radiacion,2025-12-11 11:08:00,2025-12-11 11:08:00,1,reglas,R:radiacion_sobre_cota,1,5.329872178167982,0.03,0,falla_sensor,media,"índice de claridad 1.55 en 1 min, sin respaldo físico",excluir de productos y programar revisión del sensor,False
6004,radiacion,2025-12-14 11:09:00,2025-12-14 11:09:00,1,reglas,R:radiacion_sobre_cota,1,2.3218927836100294,0.0,0,falla_sensor,media,"índice de claridad 2.38 en 1 min, sin respaldo físico",excluir de productos y programar revisión del sensor,False
6004,radiacion,2025-12-14 15:22:00,2025-12-14 15:22:00,1,"mad,iforest,etiqueta",,1583,1126.7743623386425,0.0,0,indeterminado,baja,"señalado por mad,iforest,etiqueta sin una regla determinista que identifique la causa",conservar marcado hasta contrastar con otras fuentes,False
6004,radiacion,2025-12-15 03:01:00,2025-12-15 03:03:00,3,reglas,F:faltante;X:marca_irregular,1,,0.0,0,falla_comunicacion,media,faltante o centinela sin coincidencia en otras estaciones,no imputar a ciegas; recuperar del datalogger,False
6004,radiacion,2025-12-15 17:53:00,2025-12-15 18:06:00,14,,F:faltante,1,228.06421486717073,1.02,0,falla_comunicacion,media,faltante o centinela sin coincidencia en otras estaciones,no imputar a ciegas; recuperar del datalogger,False
6004,radiacion,2025-12-15 18:21:00,2025-12-15 18:21:00,1,,F:faltante,-1,,1.02,0,falla_comunicacion,media,faltante o centinela sin coincidencia en otras estaciones,no imputar a ciegas; recuperar del datalogger,False
6004,radiacion,2025-12-16 05:26:00,2025-12-16 05:26:00,1,,F:faltante,-1,,0.0,0,falla_comunicacion,media,faltante o centinela sin coincidencia en otras estaciones,no imputar a ciegas; recuperar del datalogger,False
6004,radiacion,2025-12-16 11:10:00,2025-12-16 11:10:00,1,reglas,R:radiacion_sobre_cota,1,3.523379687110516,2.03,0,falla_sensor,media,"índice de claridad 2.94 en 1 min, sin respaldo físico",excluir de productos y programar revisión del sensor,False
6004,radiacion,2025-12-19 21:03:00,2025-12-19 21:03:00,1,,F:faltante,-1,,0.42,0,falla_comunicacion,media,faltante o centinela sin coincidencia en otras estaciones,no imputar a ciegas; recuperar del datalogger,False
6004,radiacion,2025-12-20 11:12:00,2025-12-20 11:12:00,1,reglas,R:radiacion_sobre_cota,1,5.094462172984569,0.0,0,falla_sensor,media,"índice de claridad 2.95 en 1 min, sin respaldo físico",excluir de productos y programar revisión del sensor,False
6004,radiacion,2025-12-22 03:01:00,2025-12-22 03:01:00,1,reglas,X:marca_irregular,1,,0.0,0,falla_comunicacion,media,faltante o centinela sin coincidencia en otras estaciones,no imputar a ciegas; recuperar del datalogger,False
6004,radiacion,2025-12-22 18:32:00,2025-12-22 18:32:00,1,"mad,iforest,etiqueta",,1583,1135.5355290344614,0.25,0,indeterminado,baja,"señalado por mad,iforest,etiqueta sin una regla determinista que identifique la causa",conservar marcado hasta contrastar con otras fuentes,False
6004,radiacion,2025-12-23 13:19:00,2025-12-23 16:49:00,211,,F:faltante,-1,,0.0,0,falla_comunicacion,media,faltante o centinela sin coincidencia en otras estaciones,no imputar a ciegas; recuperar del datalogger,False
6004,radiacion,2025-12-23 23:53:00,2025-12-23 23:54:00,2,,F:faltante,-1,,0.0,0,falla_comunicacion,media,faltante o centinela sin coincidencia en otras estaciones,no imputar a ciegas; recuperar del datalogger,False
6004,radiacion,2025-12-24 15:29:00,2025-12-24 15:29:00,1,"mad,etiqueta",,1583,1161.390515075279,0.0,0,indeterminado,baja,"señalado por mad,etiqueta sin una regla determinista que identifique la causa",conservar marcado hasta contrastar con otras fuentes,False
6004,radiacion,2025-12-25 11:14:00,2025-12-25 11:14:00,1,reglas,R:radiacion_sobre_cota,1,1.5332865986983328,0.0,0,falla_sensor,media,"índice de claridad 29.97 en 1 min, sin respaldo físico",excluir de productos y programar revisión del sensor,False
6004,radiacion,2025-12-25 14:23:00,2025-12-25 14:23:00,1,"mad,iforest,etiqueta",,1583,952.0645966879996,0.0,0,indeterminado,baja,"señalado por mad,iforest,etiqueta sin una regla determinista que identifique la causa",conservar marcado hasta contrastar con otras fuentes,False
6004,radiacion,2025-12-25 22:52:00,2025-12-25 22:52:00,1,reglas,R:radiacion_sobre_cota,1,2.8107006507186947,0.0,0,falla_sensor,media,"índice de claridad 1.98 en 1 min, sin respaldo físico",excluir de productos y programar revisión del sensor,False
6004,radiacion,2025-12-27 11:15:00,2025-12-27 11:15:00,1,reglas,R:radiacion_sobre_cota,1,3.313013182680704,0.0,0,falla_sensor,media,"índice de claridad 5.90 en 1 min, sin respaldo físico",excluir de productos y programar revisión del sensor,False
6004,radiacion,2025-12-28 22:34:00,2025-12-28 22:43:00,10,"reglas,mad",P:radiacion,1,8.569601825166393,0.0,0,falla_sensor,alta,valor congelado (P:radiacion) durante 10 min,excluir de productos y programar revisión del sensor,False
6004,radiacion,2025-12-31 11:05:00,2025-12-31 11:19:00,15,"reglas,etiqueta",R:radiacion_sobre_cota;R:radiacion_nocturna,1583,19.740275965242166,0.0,0,configuracion,alta,radiación en horas sin sol: zona horaria o reloj mal configurado,corregir metadatos o configuración y reprocesar,False
6004,radiacion,2025-12-31 14:44:00,2025-12-31 15:20:00,37,reglas,F:faltante;X:marca_irregular,1,160.155720551102,0.0,0,falla_comunicacion,media,faltante o centinela sin coincidencia en otras estaciones,no imputar a ciegas; recuperar del datalogger,False
6004,radiacion,2025-12-31 16:59:00,2025-12-31 16:59:00,1,"reglas,iforest",J:radiacion,1,215.5432836866748,0.0,0,falla_sensor,media,salto aislado (J:radiacion) de 1 min que revierte,excluir de productos y programar revisión del sensor,False
6004,radiacion,2025-12-31 17:23:00,2025-12-31 17:23:00,1,"reglas,iforest",J:radiacion,1,182.6197830256409,0.0,0,falla_sensor,media,salto aislado (J:radiacion) de 1 min que revierte,excluir de productos y programar revisión del sensor,False
6004,radiacion,2026-01-01 17:03:00,2026-01-01 17:03:00,1,"iforest,etiqueta",,1583,1306.7200152257262,0.0,0,indeterminado,baja,"señalado por iforest,etiqueta sin una regla determinista que identifique la causa",conservar marcado hasta contrastar con otras fuentes,False
6004,radiacion,2026-01-02 20:09:00,2026-01-02 20:22:00,14,,F:faltante,1,229.55103105153287,0.51,0,falla_comunicacion,media,faltante o centinela sin coincidencia en otras estaciones,no imputar a ciegas; recuperar del datalogger,False
6004,radiacion,2026-01-02 20:42:00,2026-01-02 21:12:00,31,,F:faltante,1,91.5485645595061,0.51,0,falla_comunicacion,media,faltante o centinela sin coincidencia en otras estaciones,no imputar a ciegas; recuperar del datalogger,False
6004,radiacion,2026-01-04 16:59:00,2026-01-04 17:04:00,6,"mad,etiqueta",,1583,1356.9555014310245,0.25,0,indeterminado,baja,"señalado por mad,etiqueta sin una regla determinista que identifique la causa",conservar marcado hasta contrastar con otras fuentes,False
6004,radiacion,2026-01-04 17:16:00,2026-01-04 17:33:00,18,"mad,iforest,etiqueta",,1583,1336.7455014310244,0.25,0,indeterminado,baja,"señalado por mad,iforest,etiqueta sin una regla determinista que identifique la causa",conservar marcado hasta contrastar con otras fuentes,False
6004,radiacion,2026-01-05 16:51:00,2026-01-05 17:02:00,12,"mad,iforest,etiqueta",,1583,1378.2334524247276,20.07,0,indeterminado,baja,"señalado por mad,iforest,etiqueta sin una regla determinista que identifique la causa",conservar marcado hasta contrastar con otras fuentes,False
6004,radiacion,2026-01-05 18:35:00,2026-01-05 18:35:00,1,,F:faltante,-1,,20.07,0,falla_comunicacion,media,faltante o centinela sin coincidencia en otras estaciones,no imputar a ciegas; recuperar del datalogger,False
6004,radiacion,2026-01-05 20:38:00,2026-01-05 21:36:00,59,,F:faltante,1,88.87572114050384,1.27,0,falla_comunicacion,media,faltante o centinela sin coincidencia en otras estaciones,no imputar a ciegas; recuperar del datalogger,False
6004,radiacion,2026-01-06 16:30:00,2026-01-06 16:30:00,1,"iforest,etiqueta",,1583,1385.118480111967,0.05,0,indeterminado,baja,"señalado por iforest,etiqueta sin una regla determinista que identifique la causa",conservar marcado hasta contrastar con otras fuentes,False
6004,radiacion,2026-01-06 18:11:00,2026-01-06 18:16:00,6,"mad,etiqueta",,1583,1287.9654191045793,7.11,0,indeterminado,baja,"señalado por mad,etiqueta sin una regla determinista que identifique la causa",conservar marcado hasta contrastar con otras fuentes,False
6004,radiacion,2026-01-06 19:49:00,2026-01-06 20:09:00,21,,F:faltante,1,283.94736738260383,15.75,0,falla_comunicacion,media,faltante o centinela sin coincidencia en otras estaciones,no imputar a ciegas; recuperar del datalogger,False
6004,radiacion,2026-01-06 20:21:00,2026-01-06 20:33:00,13,,F:faltante,1,163.647016615567,15.75,0,falla_comunicacion,media,faltante o centinela sin coincidencia en otras estaciones,no imputar a ciegas; recuperar del datalogger,False
6004,radiacion,2026-01-06 21:19:00,2026-01-06 21:27:00,9,,F:faltante,-1,,15.75,0,falla_comunicacion,media,faltante o centinela sin coincidencia en otras estaciones,no imputar a ciegas; recuperar del datalogger,False
6004,radiacion,2026-01-06 21:55:00,2026-01-06 22:03:00,9,,F:faltante,-1,,15.75,0,falla_comunicacion,media,faltante o centinela sin coincidencia en otras estaciones,no imputar a ciegas; recuperar del datalogger,False
6004,radiacion,2026-01-06 22:21:00,2026-01-06 22:29:00,9,,F:faltante,-1,,17.02,0,falla_comunicacion,media,faltante o centinela sin coincidencia en otras estaciones,no imputar a ciegas; recuperar del datalogger,False
6004,radiacion,2026-01-06 23:10:00,2026-01-07 00:07:00,58,,F:faltante,1,,24.89,0,falla_comunicacion,media,faltante o centinela sin coincidencia en otras estaciones,no imputar a ciegas; recuperar del datalogger,False
6004,radiacion,2026-01-07 05:14:00,2026-01-07 05:14:00,1,,F:faltante,-1,,1.52,0,falla_comunicacion,media,faltante o centinela sin coincidencia en otras estaciones,no imputar a ciegas; recuperar del datalogger,False
6004,radiacion,2026-01-07 11:19:00,2026-01-07 11:19:00,1,reglas,R:radiacion_sobre_cota,1,2.5113319586258194,0.0,0,falla_sensor,media,"índice de claridad 3.53 en 1 min, sin respaldo físico",excluir de productos y programar revisión del sensor,False
6004,radiacion,2026-01-07 15:34:00,2026-01-07 15:34:00,1,"mad,iforest,etiqueta",,1583,1218.7358250967625,0.01,0,indeterminado,baja,"señalado por mad,iforest,etiqueta sin una regla determinista que identifique la causa",conservar marcado hasta contrastar con otras fuentes,False
6004,radiacion,2026-01-07 15:56:00,2026-01-07 15:56:00,1,"mad,iforest,etiqueta",,1583,1250.4713592999444,0.01,0,indeterminado,baja,"señalado por mad,iforest,etiqueta sin una regla determinista que identifique la causa",conservar marcado hasta contrastar con otras fuentes,False
6004,radiacion,2026-01-07 16:54:00,2026-01-07 16:54:00,1,"mad,iforest,etiqueta",,1583,1365.8286092354288,0.01,0,indeterminado,baja,"señalado por mad,iforest,etiqueta sin una regla determinista que identifique la causa",conservar marcado hasta contrastar con otras fuentes,False
6004,radiacion,2026-01-07 17:32:00,2026-01-07 17:34:00,3,"mad,iforest,etiqueta",,1583,1388.0688608181802,0.0,0,indeterminado,baja,"señalado por mad,iforest,etiqueta sin una regla determinista que identifique la causa",conservar marcado hasta contrastar con otras fuentes,False
6004,radiacion,2026-01-07 17:50:00,2026-01-07 17:53:00,4,"mad,iforest,etiqueta",,1583,1272.3205741092243,0.0,0,indeterminado,baja,"señalado por mad,iforest,etiqueta sin una regla determinista que identifique la causa",conservar marcado hasta contrastar con otras fuentes,False
6004,radiacion,2026-01-07 21:30:00,2026-01-07 22:22:00,53,mad,F:faltante,1,342.29799866302676,0.0,0,falla_comunicacion,media,faltante o centinela sin coincidencia en otras estaciones,no imputar a ciegas; recuperar del datalogger,False
6004,radiacion,2026-01-08 11:10:00,2026-01-08 11:20:00,11,"reglas,etiqueta",R:radiacion_sobre_cota;R:radiacion_nocturna,1583,7.9256426481119,0.06,1,configuracion,alta,radiación en horas sin sol: zona horaria o reloj mal configurado,corregir metadatos o configuración y reprocesar,False
6004,radiacion,2026-01-09 18:57:00,2026-01-09 19:44:00,48,,F:faltante,1,575.1173303925656,2.03,0,falla_comunicacion,media,faltante o centinela sin coincidencia en otras estaciones,no imputar a ciegas; recuperar del datalogger,False
6004,radiacion,2026-01-09 20:46:00,2026-01-09 21:00:00,15,reglas,P:radiacion,1,47.90846109006908,0.13,0,falla_sensor,alta,valor congelado (P:radiacion) durante 15 min,excluir de productos y programar revisión del sensor,False
6004,radiacion,2026-01-09 22:49:00,2026-01-09 22:49:00,1,"regimen,etiqueta",,1583,4.8868889036425385,0.07,0,configuracion,baja,cambio persistente de nivel sin corroboración: posible ajuste o calibración,corregir metadatos o configuración y reprocesar,False
6004,radiacion,2026-01-10 02:00:00,2026-01-10 02:32:00,33,,F:faltante,1,,0.09,0,falla_comunicacion,media,faltante o centinela sin coincidencia en otras estaciones,no imputar a ciegas; recuperar del datalogger,False
6004,radiacion,2026-01-10 02:47:00,2026-01-10 02:47:00,1,,F:faltante,-1,,0.09,0,falla_comunicacion,media,faltante o centinela sin coincidencia en otras estaciones,no imputar a ciegas; recuperar del datalogger,False
6004,radiacion,2026-01-10 14:23:00,2026-01-10 14:30:00,8,"mad,iforest,etiqueta",,1583,992.883529661169,0.04,0,indeterminado,baja,"señalado por mad,iforest,etiqueta sin una regla determinista que identifique la causa",conservar marcado hasta contrastar con otras fuentes,False
6004,radiacion,2026-01-11 21:59:00,2026-01-11 22:09:00,11,regimen,F:faltante,1,67.84457373025253,7.37,0,falla_comunicacion,media,faltante o centinela sin coincidencia en otras estaciones,no imputar a ciegas; recuperar del datalogger,False
6004,radiacion,2026-01-12 03:01:00,2026-01-12 03:02:00,2,reglas,F:faltante;X:marca_irregular,1,,1.02,0,falla_comunicacion,media,faltante o centinela sin coincidencia en otras estaciones,no imputar a ciegas; recuperar del datalogger,False
6004,radiacion,2026-01-12 13:34:00,2026-01-12 13:34:00,1,,F:faltante,-1,,29.21,0,falla_comunicacion,media,faltante o centinela sin coincidencia en otras estaciones,no imputar a ciegas; recuperar del datalogger,False
6004,radiacion,2026-01-12 13:47:00,2026-01-12 13:47:00,1,,F:faltante,-1,,29.21,0,falla_comunicacion,media,faltante o centinela sin coincidencia en otras estaciones,no imputar a ciegas; recuperar del datalogger,False
6004,radiacion,2026-01-12 14:11:00,2026-01-12 14:18:00,8,,F:faltante,1,199.59356727682882,29.21,0,falla_comunicacion,media,faltante o centinela sin coincidencia en otras estaciones,no imputar a ciegas; recuperar del datalogger,False
6004,radiacion,2026-01-12 22:17:00,2026-01-12 22:27:00,11,"reglas,regimen",P:radiacion,1,2.967715435465348,6.35,0,falla_sensor,alta,valor congelado (P:radiacion) durante 11 min,excluir de productos y programar revisión del sensor,False
6004,radiacion,2026-01-13 19:38:00,2026-01-13 20:02:00,25,"mad,iforest,etiqueta",,1583,1082.2060787551477,0.02,0,indeterminado,baja,"señalado por mad,iforest,etiqueta sin una regla determinista que identifique la causa",conservar marcado hasta contrastar con otras fuentes,False
6004,radiacion,2026-01-13 22:34:00,2026-01-13 22:34:00,1,,F:faltante,-1,,0.17,0,falla_comunicacion,media,faltante o centinela sin coincidencia en otras estaciones,no imputar a ciegas; recuperar del datalogger,False
6004,radiacion,2026-01-14 11:39:00,2026-01-14 11:40:00,2,,F:faltante,-1,,0.07,0,falla_comunicacion,media,faltante o centinela sin coincidencia en otras estaciones,no imputar a ciegas; recuperar del datalogger,False
6004,radiacion,2026-01-15 16:20:00,2026-01-15 16:21:00,2,"mad,iforest,etiqueta",,1583,1329.2540029076954,0.33,0,indeterminado,baja,"señalado por mad,iforest,etiqueta sin una regla determinista que identifique la causa",conservar marcado hasta contrastar con otras fuentes,False
6004,radiacion,2026-01-15 17:27:00,2026-01-15 17:28:00,2,"mad,iforest,etiqueta",,1583,1380.138843723529,1.02,0,indeterminado,baja,"señalado por mad,iforest,etiqueta sin una regla determinista que identifique la causa",conservar marcado hasta contrastar con otras fuentes,False
6004,radiacion,2026-01-15 20:07:00,2026-01-15 20:30:00,24,,F:faltante,1,53.596127795553095,1.02,0,falla_comunicacion,media,faltante o centinela sin coincidencia en otras estaciones,no imputar a ciegas; recuperar del datalogger,False
6004,radiacion,2026-01-15 20:43:00,2026-01-15 21:00:00,18,,F:faltante,1,17.982609318663233,1.02,0,falla_comunicacion,media,faltante o centinela sin coincidencia en otras estaciones,no imputar a ciegas; recuperar del datalogger,False
6004,radiacion,2026-01-15 21:42:00,2026-01-15 22:44:00,63,reglas,P:radiacion,1,5.9852692239604925,1.02,0,falla_sensor,alta,valor congelado (P:radiacion) durante 63 min,excluir de productos y programar revisión del sensor,False
6004,radiacion,2026-01-16 16:55:00,2026-01-16 16:56:00,2,"reglas,mad,iforest,etiqueta",J:radiacion,1583,1383.758665857122,2.03,0,falla_sensor,media,salto aislado (J:radiacion) de 2 min que revierte,excluir de productos y programar revisión del sensor,False
6004,radiacion,2026-01-16 18:32:00,2026-01-16 18:36:00,5,"mad,etiqueta",,1583,1237.2457030924531,0.05,0,indeterminado,baja,"señalado por mad,etiqueta sin una regla determinista que identifique la causa",conservar marcado hasta contrastar con otras fuentes,False
6004,radiacion,2026-01-17 11:22:00,2026-01-17 11:22:00,1,reglas,R:radiacion_sobre_cota,1,2.5791991212522696,0.0,0,falla_sensor,media,"índice de claridad 3.42 en 1 min, sin respaldo físico",excluir de productos y programar revisión del sensor,False
6004,radiacion,2026-01-19 03:01:00,2026-01-19 03:01:00,1,reglas,X:marca_irregular,1,,0.0,0,falla_comunicacion,media,faltante o centinela sin coincidencia en otras estaciones,no imputar a ciegas; recuperar del datalogger,False
6004,radiacion,2026-01-19 19:00:00,2026-01-19 19:00:00,1,,F:faltante,-1,,11.68,0,falla_comunicacion,media,faltante o centinela sin coincidencia en otras estaciones,no imputar a ciegas; recuperar del datalogger,False
6004,radiacion,2026-01-19 21:13:00,2026-01-19 21:13:00,1,,F:faltante,-1,,0.0,0,falla_comunicacion,media,faltante o centinela sin coincidencia en otras estaciones,no imputar a ciegas; recuperar del datalogger,False
6004,radiacion,2026-01-20 19:28:00,2026-01-20 21:25:00,118,mad,F:faltante,1,809.9319855010039,4.83,0,falla_comunicacion,media,faltante o centinela sin coincidencia en otras estaciones,no imputar a ciegas; recuperar del datalogger,False
6004,radiacion,2026-01-21 11:23:00,2026-01-21 11:23:00,1,reglas,R:radiacion_sobre_cota,1,3.7722107526875277,0.01,0,falla_sensor,media,"índice de claridad 2.39 en 1 min, sin respaldo físico",excluir de productos y programar revisión del sensor,False
6004,radiacion,2026-01-23 22:48:00,2026-01-23 23:08:00,21,"reglas,regimen,etiqueta",R:radiacion_sobre_cota,1582,21.331842426596754,0.0,0,falla_sensor,media,"índice de claridad 7.34 en 21 min, sin respaldo físico",excluir de productos y programar revisión del sensor,False
6004,radiacion,2026-01-24 23:05:00,2026-01-24 23:06:00,2,"reglas,etiqueta",R:radiacion_sobre_cota;R:radiacion_nocturna,1582,7.755584775563841,0.0,0,falla_sensor,media,"índice de claridad 3.44 en 2 min, sin respaldo físico",excluir de productos y programar revisión del sensor,False
6004,radiacion,2026-01-25 16:59:00,2026-01-25 16:59:00,1,"mad,iforest,etiqueta",,1583,1431.231237366638,0.0,0,indeterminado,baja,"señalado por mad,iforest,etiqueta sin una regla determinista que identifique la causa",conservar marcado hasta contrastar con otras fuentes,False
6004,radiacion,2026-01-25 17:26:00,2026-01-25 17:27:00,2,"mad,etiqueta",,1583,1299.8949128180393,0.0,0,indeterminado,baja,"señalado por mad,etiqueta sin una regla determinista que identifique la causa",conservar marcado hasta contrastar con otras fuentes,False
6004,radiacion,2026-01-25 20:39:00,2026-01-25 20:56:00,18,"mad,iforest,etiqueta",,1583,744.3048829281969,0.0,0,indeterminado,baja,"señalado por mad,iforest,etiqueta sin una regla determinista que identifique la causa",conservar marcado hasta contrastar con otras fuentes,False
6004,radiacion,2026-01-26 03:01:00,2026-01-26 03:01:00,1,,F:faltante,-1,,1.27,0,falla_comunicacion,media,faltante o centinela sin coincidencia en otras estaciones,no imputar a ciegas; recuperar del datalogger,False
6004,radiacion,2026-01-26 20:31:00,2026-01-26 20:31:00,1,,F:faltante,-1,,1.27,0,falla_comunicacion,media,faltante o centinela sin coincidencia en otras estaciones,no imputar a ciegas; recuperar del datalogger,False
6004,radiacion,2026-01-26 23:06:00,2026-01-26 23:06:00,1,"reglas,etiqueta",R:radiacion_sobre_cota,1582,3.1904952329522285,8.38,0,falla_sensor,media,"índice de claridad 4.70 en 1 min, sin respaldo físico",excluir de productos y programar revisión del sensor,False
6004,radiacion,2026-01-27 17:11:00,2026-01-27 17:26:00,16,"mad,etiqueta",,1583,1338.2960528731494,2.79,0,indeterminado,baja,"señalado por mad,etiqueta sin una regla determinista que identifique la causa",conservar marcado hasta contrastar con otras fuentes,False
6004,radiacion,2026-01-27 17:41:00,2026-01-27 17:43:00,3,"mad,etiqueta",,1583,1307.159729489998,2.79,0,indeterminado,baja,"señalado por mad,etiqueta sin una regla determinista que identifique la causa",conservar marcado hasta contrastar con otras fuentes,False
6004,radiacion,2026-01-27 19:45:00,2026-01-27 19:59:00,15,"mad,iforest,etiqueta",,1583,1039.5217892168714,2.79,0,indeterminado,baja,"señalado por mad,iforest,etiqueta sin una regla determinista que identifique la causa",conservar marcado hasta contrastar con otras fuentes,False
6004,radiacion,2026-01-29 13:49:00,2026-01-29 13:49:00,1,"mad,iforest,etiqueta",,1583,881.5689074843482,0.01,0,indeterminado,baja,"señalado por mad,iforest,etiqueta sin una regla determinista que identifique la causa",conservar marcado hasta contrastar con otras fuentes,False
6004,radiacion,2026-01-29 15:16:00,2026-01-29 15:16:00,1,"mad,etiqueta",,1583,1179.5295209475837,0.01,0,indeterminado,baja,"señalado por mad,etiqueta sin una regla determinista que identifique la causa",conservar marcado hasta contrastar con otras fuentes,False
6004,radiacion,2026-01-29 15:42:00,2026-01-29 15:42:00,1,"mad,etiqueta",,1583,1237.411683595501,0.01,0,indeterminado,baja,"señalado por mad,etiqueta sin una regla determinista que identifique la causa",conservar marcado hasta contrastar con otras fuentes,False
6004,radiacion,2026-01-30 19:20:00,2026-01-30 19:22:00,3,"mad,etiqueta",,1583,1147.9155657797041,2.03,0,indeterminado,baja,"señalado por mad,etiqueta sin una regla determinista que identifique la causa",conservar marcado hasta contrastar con otras fuentes,False
6004,radiacion,2026-01-30 20:15:00,2026-01-30 20:15:00,1,"mad,etiqueta",,1583,852.8176129913115,2.03,0,indeterminado,baja,"señalado por mad,etiqueta sin una regla determinista que identifique la causa",conservar marcado hasta contrastar con otras fuentes,False
6004,radiacion,2026-01-31 11:24:00,2026-01-31 11:24:00,1,reglas,R:radiacion_sobre_cota,1,2.291760797501727,0.01,0,falla_sensor,media,"índice de claridad 2.62 en 1 min, sin respaldo físico",excluir de productos y programar revisión del sensor,False
6004,radiacion,2026-02-02 03:01:00,2026-02-02 03:01:00,1,,F:faltante,-1,,0.76,0,falla_comunicacion,media,faltante o centinela sin coincidencia en otras estaciones,no imputar a ciegas; recuperar del datalogger,False
6004,radiacion,2026-02-02 17:45:00,2026-02-02 17:59:00,15,"mad,iforest,etiqueta",,1583,1361.5656798286757,6.86,0,indeterminado,baja,"señalado por mad,iforest,etiqueta sin una regla determinista que identifique la causa",conservar marcado hasta contrastar con otras fuentes,False
6004,radiacion,2026-02-02 18:14:00,2026-02-02 18:14:00,1,"mad,etiqueta",,1583,1299.1614332731242,6.86,0,indeterminado,baja,"señalado por mad,etiqueta sin una regla determinista que identifique la causa",conservar marcado hasta contrastar con otras fuentes,False
6004,radiacion,2026-02-02 18:58:00,2026-02-02 19:00:00,3,"mad,iforest,etiqueta",,1583,1228.7191215308806,6.86,0,indeterminado,baja,"señalado por mad,iforest,etiqueta sin una regla determinista que identifique la causa",conservar marcado hasta contrastar con otras fuentes,False
6004,radiacion,2026-02-02 19:16:00,2026-02-02 19:17:00,2,"mad,etiqueta",,1583,1067.6424967900887,6.86,0,indeterminado,baja,"señalado por mad,etiqueta sin una regla determinista que identifique la causa",conservar marcado hasta contrastar con otras fuentes,False
6004,radiacion,2026-02-02 20:13:00,2026-02-02 20:27:00,15,"mad,iforest,etiqueta",,1583,901.9946601251363,6.86,0,indeterminado,baja,"señalado por mad,iforest,etiqueta sin una regla determinista que identifique la causa",conservar marcado hasta contrastar con otras fuentes,False
6004,radiacion,2026-02-02 21:00:00,2026-02-02 21:02:00,3,"mad,etiqueta",,1583,645.8277775578011,6.1,0,indeterminado,baja,"señalado por mad,etiqueta sin una regla determinista que identifique la causa",conservar marcado hasta contrastar con otras fuentes,False
6004,radiacion,2026-02-03 14:44:00,2026-02-03 14:44:00,1,"mad,iforest,etiqueta",,1583,1111.7422212665927,0.0,0,indeterminado,baja,"señalado por mad,iforest,etiqueta sin una regla determinista que identifique la causa",conservar marcado hasta contrastar con otras fuentes,False
6004,radiacion,2026-02-03 16:22:00,2026-02-03 16:24:00,3,"mad,iforest,etiqueta",,1583,1329.2464004304884,0.51,0,indeterminado,baja,"señalado por mad,iforest,etiqueta sin una regla determinista que identifique la causa",conservar marcado hasta contrastar con otras fuentes,False
6004,radiacion,2026-02-03 16:37:00,2026-02-03 16:49:00,13,"mad,iforest,etiqueta",,1583,1361.6096411137344,1.02,0,indeterminado,baja,"señalado por mad,iforest,etiqueta sin una regla determinista que identifique la causa",conservar marcado hasta contrastar con otras fuentes,False
6004,radiacion,2026-02-03 18:03:00,2026-02-03 18:24:00,22,"mad,iforest,etiqueta",,1583,1396.0905187560616,1.02,0,indeterminado,baja,"señalado por mad,iforest,etiqueta sin una regla determinista que identifique la causa",conservar marcado hasta contrastar con otras fuentes,False
6004,radiacion,2026-02-03 18:45:00,2026-02-03 18:46:00,2,"mad,iforest,etiqueta",,1583,1333.3483783734175,1.02,0,indeterminado,baja,"señalado por mad,iforest,etiqueta sin una regla determinista que identifique la causa",conservar marcado hasta contrastar con otras fuentes,False
6004,radiacion,2026-02-03 20:52:00,2026-02-03 21:00:00,9,"mad,iforest,etiqueta",,1583,703.2297333972417,1.02,0,indeterminado,baja,"señalado por mad,iforest,etiqueta sin una regla determinista que identifique la causa",conservar marcado hasta contrastar con otras fuentes,False
6004,radiacion,2026-02-04 11:24:00,2026-02-04 11:24:00,1,reglas,R:radiacion_sobre_cota,1,1.6913813830174054,0.0,0,falla_sensor,media,"índice de claridad 2.95 en 1 min, sin respaldo físico",excluir de productos y programar revisión del sensor,False
6004,radiacion,2026-02-04 16:45:00,2026-02-04 16:45:00,1,"reglas,iforest",J:radiacion,1,361.6809505179919,0.01,0,falla_sensor,media,salto aislado (J:radiacion) de 1 min que revierte,excluir de productos y programar revisión del sensor,False
6004,radiacion,2026-02-05 11:24:00,2026-02-05 11:24:00,1,reglas,R:radiacion_sobre_cota,1,4.422506930549931,0.0,0,falla_sensor,media,"índice de claridad 5.63 en 1 min, sin respaldo físico",excluir de productos y programar revisión del sensor,False
6004,radiacion,2026-02-06 20:24:00,2026-02-06 20:24:00,1,,F:faltante,-1,,0.08,0,falla_comunicacion,media,faltante o centinela sin coincidencia en otras estaciones,no imputar a ciegas; recuperar del datalogger,False
6004,radiacion,2026-02-07 02:28:00,2026-02-07 02:28:00,1,,F:faltante,-1,,0.0,0,falla_comunicacion,media,faltante o centinela sin coincidencia en otras estaciones,no imputar a ciegas; recuperar del datalogger,False
6004,radiacion,2026-02-08 11:24:00,2026-02-08 11:24:00,1,reglas,R:radiacion_sobre_cota,1,2.958313606856245,0.03,0,falla_sensor,media,"índice de claridad 1.82 en 1 min, sin respaldo físico",excluir de productos y programar revisión del sensor,False
6004,radiacion,2026-02-09 03:01:00,2026-02-09 03:01:00,1,reglas,X:marca_irregular,1,,0.01,0,falla_comunicacion,media,faltante o centinela sin coincidencia en otras estaciones,no imputar a ciegas; recuperar del datalogger,False
6004,radiacion,2026-02-09 16:24:00,2026-02-09 16:24:00,1,"mad,etiqueta",,1583,1295.089359126868,0.0,0,indeterminado,baja,"señalado por mad,etiqueta sin una regla determinista que identifique la causa",conservar marcado hasta contrastar con otras fuentes,False
6004,radiacion,2026-02-09 16:58:00,2026-02-09 17:42:00,45,,F:faltante,-1,,0.0,0,falla_comunicacion,media,faltante o centinela sin coincidencia en otras estaciones,no imputar a ciegas; recuperar del datalogger,False
6004,radiacion,2026-02-14 17:47:00,2026-02-14 17:48:00,2,"mad,iforest,etiqueta",,1583,1325.8844139778278,15.49,0,indeterminado,baja,"señalado por mad,iforest,etiqueta sin una regla determinista que identifique la causa",conservar marcado hasta contrastar con otras fuentes,False
6004,radiacion,2026-02-14 19:31:00,2026-02-14 19:31:00,1,"mad,etiqueta",,1583,1045.433441320069,15.49,0,indeterminado,baja,"señalado por mad,etiqueta sin una regla determinista que identifique la causa",conservar marcado hasta contrastar con otras fuentes,False
6004,radiacion,2026-02-14 20:16:00,2026-02-14 20:16:00,1,,F:faltante,-1,,15.49,0,falla_comunicacion,media,faltante o centinela sin coincidencia en otras estaciones,no imputar a ciegas; recuperar del datalogger,False
6004,radiacion,2026-02-14 21:41:00,2026-02-14 21:53:00,13,reglas,P:radiacion,1,1.9956859483261564,11.43,0,falla_sensor,alta,valor congelado (P:radiacion) durante 13 min,excluir de productos y programar revisión del sensor,False
6004,radiacion,2026-02-14 22:27:00,2026-02-14 22:49:00,23,reglas,P:radiacion,1,1.9958683158377233,0.76,0,falla_sensor,alta,valor congelado (P:radiacion) durante 23 min,excluir de productos y programar revisión del sensor,False
6004,radiacion,2026-02-15 08:56:00,2026-02-15 08:56:00,1,,F:faltante,-1,,0.0,0,falla_comunicacion,media,faltante o centinela sin coincidencia en otras estaciones,no imputar a ciegas; recuperar del datalogger,False
6004,radiacion,2026-02-15 09:20:00,2026-02-15 09:20:00,1,,F:faltante,-1,,0.0,0,falla_comunicacion,media,faltante o centinela sin coincidencia en otras estaciones,no imputar a ciegas; recuperar del datalogger,False
6004,radiacion,2026-02-16 03:01:00,2026-02-16 03:01:00,1,,F:faltante,-1,,0.0,0,falla_comunicacion,media,faltante o centinela sin coincidencia en otras estaciones,no imputar a ciegas; recuperar del datalogger,False
6004,radiacion,2026-02-16 05:28:00,2026-02-16 05:28:00,1,,F:faltante,-1,,0.03,0,falla_comunicacion,media,faltante o centinela sin coincidencia en otras estaciones,no imputar a ciegas; recuperar del datalogger,False
6004,radiacion,2026-02-16 14:59:00,2026-02-16 15:00:00,2,"mad,iforest,etiqueta",,1583,1221.7816730262512,0.01,0,indeterminado,baja,"señalado por mad,iforest,etiqueta sin una regla determinista que identifique la causa",conservar marcado hasta contrastar con otras fuentes,False
6004,radiacion,2026-02-16 15:33:00,2026-02-16 15:33:00,1,"mad,iforest,etiqueta",,1583,1248.423257996854,0.01,0,indeterminado,baja,"señalado por mad,iforest,etiqueta sin una regla determinista que identifique la causa",conservar marcado hasta contrastar con otras fuentes,False
6004,radiacion,2026-02-17 17:41:00,2026-02-17 17:41:00,1,,F:faltante,-1,,0.05,0,falla_comunicacion,media,faltante o centinela sin coincidencia en otras estaciones,no imputar a ciegas; recuperar del datalogger,False
6004,radiacion,2026-02-17 18:05:00,2026-02-17 18:08:00,4,"mad,etiqueta",,1583,1329.9416739070862,0.05,0,indeterminado,baja,"señalado por mad,etiqueta sin una regla determinista que identifique la causa",conservar marcado hasta contrastar con otras fuentes,False
6004,radiacion,2026-02-17 18:21:00,2026-02-17 18:25:00,5,"mad,iforest,etiqueta",,1583,1376.0541786929093,0.05,0,indeterminado,baja,"señalado por mad,iforest,etiqueta sin una regla determinista que identifique la causa",conservar marcado hasta contrastar con otras fuentes,False
6004,radiacion,2026-02-18 19:25:00,2026-02-18 19:28:00,4,"mad,etiqueta",,1583,1143.4575287863279,0.19,0,indeterminado,baja,"señalado por mad,etiqueta sin una regla determinista que identifique la causa",conservar marcado hasta contrastar con otras fuentes,False
6004,radiacion,2026-02-19 11:22:00,2026-02-19 11:22:00,1,reglas,R:radiacion_sobre_cota,1,3.6656476651290903,0.0,0,falla_sensor,media,"índice de claridad 14.71 en 1 min, sin respaldo físico",excluir de productos y programar revisión del sensor,False
6004,radiacion,2026-02-19 15:42:00,2026-02-19 15:46:00,5,"mad,iforest,etiqueta",,1583,1348.6755790193133,0.02,0,indeterminado,baja,"señalado por mad,iforest,etiqueta sin una regla determinista que identifique la causa",conservar marcado hasta contrastar con otras fuentes,False
6004,radiacion,2026-02-19 16:19:00,2026-02-19 16:20:00,2,"mad,iforest,etiqueta",,1583,1468.0812575686896,0.02,0,indeterminado,baja,"señalado por mad,iforest,etiqueta sin una regla determinista que identifique la causa",conservar marcado hasta contrastar con otras fuentes,False
6004,radiacion,2026-02-19 16:37:00,2026-02-19 16:58:00,22,"reglas,iforest,etiqueta",J:radiacion,1583,1478.1005249531263,0.02,0,indeterminado,baja,"señalado por reglas,iforest,etiqueta sin una regla determinista que identifique la causa",conservar marcado hasta contrastar con otras fuentes,False
6004,radiacion,2026-02-19 17:11:00,2026-02-19 17:21:00,11,"reglas,mad,iforest",J:radiacion,1,1245.6310116157997,0.02,0,indeterminado,baja,"señalado por reglas,mad,iforest sin una regla determinista que identifique la causa",conservar marcado hasta contrastar con otras fuentes,False
6004,radiacion,2026-02-19 21:37:00,2026-02-19 21:50:00,14,reglas,P:radiacion,1,105.77861855451515,0.0,0,falla_sensor,alta,valor congelado (P:radiacion) durante 14 min,excluir de productos y programar revisión del sensor,False
6004,radiacion,2026-02-20 09:00:00,2026-02-20 09:03:00,4,,F:faltante,-1,,0.0,0,falla_comunicacion,media,faltante o centinela sin coincidencia en otras estaciones,no imputar a ciegas; recuperar del datalogger,False
6004,radiacion,2026-02-20 11:22:00,2026-02-20 11:22:00,1,reglas,R:radiacion_sobre_cota,1,4.1645043285840275,0.0,0,falla_sensor,media,"índice de claridad 2.63 en 1 min, sin respaldo físico",excluir de productos y programar revisión del sensor,False
6004,radiacion,2026-02-20 19:57:00,2026-02-20 19:57:00,1,"mad,etiqueta",,1583,974.83829505656,0.0,0,indeterminado,baja,"señalado por mad,etiqueta sin una regla determinista que identifique la causa",conservar marcado hasta contrastar con otras fuentes,False
6004,radiacion,2026-02-20 20:29:00,2026-02-20 20:29:00,1,"mad,etiqueta",,1583,807.7368273649807,0.0,0,indeterminado,baja,"señalado por mad,etiqueta sin una regla determinista que identifique la causa",conservar marcado hasta contrastar con otras fuentes,False
6004,radiacion,2026-02-22 18:43:00,2026-02-22 18:47:00,5,"mad,iforest,etiqueta",,1583,1381.740784944444,18.29,0,indeterminado,baja,"señalado por mad,iforest,etiqueta sin una regla determinista que identifique la causa",conservar marcado hasta contrastar con otras fuentes,False
6004,radiacion,2026-02-22 22:55:00,2026-02-22 23:01:00,7,"regimen,etiqueta",,1582,6.165397912288376,0.05,0,configuracion,baja,cambio persistente de nivel sin corroboración: posible ajuste o calibración,corregir metadatos o configuración y reprocesar,False
6004,radiacion,2026-02-23 03:01:00,2026-02-23 03:01:00,1,,F:faltante,-1,,0.0,0,falla_comunicacion,media,faltante o centinela sin coincidencia en otras estaciones,no imputar a ciegas; recuperar del datalogger,False
6004,radiacion,2026-02-23 17:54:00,2026-02-23 17:54:00,1,"iforest,etiqueta",,1583,1419.0010194805996,2.29,0,indeterminado,baja,"señalado por iforest,etiqueta sin una regla determinista que identifique la causa",conservar marcado hasta contrastar con otras fuentes,False
6004,radiacion,2026-02-23 18:23:00,2026-02-23 18:24:00,2,"mad,etiqueta",,1583,1320.6126303477781,2.54,0,indeterminado,baja,"señalado por mad,etiqueta sin una regla determinista que identifique la causa",conservar marcado hasta contrastar con otras fuentes,False
6004,radiacion,2026-02-23 18:36:00,2026-02-23 18:42:00,7,"mad,etiqueta",,1583,1277.132630347778,2.79,0,indeterminado,baja,"señalado por mad,etiqueta sin una regla determinista que identifique la causa",conservar marcado hasta contrastar con otras fuentes,False
6004,radiacion,2026-02-24 17:51:00,2026-02-24 18:02:00,12,"reglas,mad,iforest,etiqueta",R:radiacion_sobre_cota,1583,1610.5696622588293,0.17,0,evento_fisico_real,media,índice de claridad máximo 1.23 con persistencia: posible realce por nubes,"conservar, marcar y no eliminar",True
6004,radiacion,2026-02-24 18:50:00,2026-02-24 19:11:00,22,"mad,iforest,etiqueta",,1583,1358.1873259126862,0.51,0,indeterminado,baja,"señalado por mad,iforest,etiqueta sin una regla determinista que identifique la causa",conservar marcado hasta contrastar con otras fuentes,False
6004,radiacion,2026-02-24 19:53:00,2026-02-24 19:57:00,5,"mad,iforest,etiqueta",,1583,1118.349058525801,0.76,0,indeterminado,baja,"señalado por mad,iforest,etiqueta sin una regla determinista que identifique la causa",conservar marcado hasta contrastar con otras fuentes,False
6004,radiacion,2026-02-24 21:06:00,2026-02-24 21:23:00,18,"mad,iforest,etiqueta",,1583,667.7995151176478,3.3,0,indeterminado,baja,"señalado por mad,iforest,etiqueta sin una regla determinista que identifique la causa",conservar marcado hasta contrastar con otras fuentes,False
6004,radiacion,2026-02-25 11:57:00,2026-02-25 12:06:00,10,reglas,P:radiacion,1,10.893737196014415,0.04,0,falla_sensor,alta,valor congelado (P:radiacion) durante 10 min,excluir de productos y programar revisión del sensor,False
6004,radiacion,2026-02-25 15:39:00,2026-02-25 15:39:00,1,"mad,etiqueta",,1583,1260.613488591187,0.01,0,indeterminado,baja,"señalado por mad,etiqueta sin una regla determinista que identifique la causa",conservar marcado hasta contrastar con otras fuentes,False
6004,radiacion,2026-02-26 18:52:00,2026-02-26 18:52:00,1,"iforest,etiqueta",,1583,1323.9298609771367,0.0,0,indeterminado,baja,"señalado por iforest,etiqueta sin una regla determinista que identifique la causa",conservar marcado hasta contrastar con otras fuentes,False
6004,radiacion,2026-02-26 19:09:00,2026-02-26 19:09:00,1,"iforest,etiqueta",,1583,1222.3779442110886,0.0,0,indeterminado,baja,"señalado por iforest,etiqueta sin una regla determinista que identifique la causa",conservar marcado hasta contrastar con otras fuentes,False
6004,radiacion,2026-02-27 11:20:00,2026-02-27 11:20:00,1,reglas,R:radiacion_sobre_cota,1,3.585785406191482,0.0,0,falla_sensor,media,"índice de claridad 2.06 en 1 min, sin respaldo físico",excluir de productos y programar revisión del sensor,False
6004,radiacion,2026-02-28 22:56:00,2026-02-28 23:08:00,13,"regimen,etiqueta",,1582,6.150564542020855,0.0,0,configuracion,baja,cambio persistente de nivel sin corroboración: posible ajuste o calibración,corregir metadatos o configuración y reprocesar,False
6004,radiacion,2026-03-01 11:19:00,2026-03-01 11:19:00,1,reglas,R:radiacion_sobre_cota,1,1.5378917350888848,0.01,0,falla_sensor,media,"índice de claridad 40.73 en 1 min, sin respaldo físico",excluir de productos y programar revisión del sensor,False
6004,radiacion,2026-03-03 02:31:00,2026-03-03 02:31:00,1,,F:faltante,-1,,0.02,0,falla_comunicacion,media,faltante o centinela sin coincidencia en otras estaciones,no imputar a ciegas; recuperar del datalogger,False
6004,radiacion,2026-03-04 11:18:00,2026-03-04 11:18:00,1,reglas,R:radiacion_sobre_cota,1,4.759192835189682,0.25,0,falla_sensor,media,"índice de claridad 7.22 en 1 min, sin respaldo físico",excluir de productos y programar revisión del sensor,False
6004,radiacion,2026-03-04 16:14:00,2026-03-04 16:27:00,14,"mad,etiqueta",,1583,1402.0557564893588,8.38,0,indeterminado,baja,"señalado por mad,etiqueta sin una regla determinista que identifique la causa",conservar marcado hasta contrastar con otras fuentes,False
6004,radiacion,2026-03-04 17:38:00,2026-03-04 17:38:00,1,"mad,etiqueta",,1583,1346.0927418103872,8.38,0,indeterminado,baja,"señalado por mad,etiqueta sin una regla determinista que identifique la causa",conservar marcado hasta contrastar con otras fuentes,False
6004,radiacion,2026-03-05 19:37:00,2026-03-05 19:38:00,2,"mad,etiqueta",,1583,1051.9427249332343,22.61,0,indeterminado,baja,"señalado por mad,etiqueta sin una regla determinista que identifique la causa",conservar marcado hasta contrastar con otras fuentes,False
6004,radiacion,2026-03-07 11:17:00,2026-03-07 11:17:00,1,reglas,R:radiacion_sobre_cota,1,5.647344731898258,0.0,0,falla_sensor,media,"índice de claridad 3.26 en 1 min, sin respaldo físico",excluir de productos y programar revisión del sensor,False
6004,radiacion,2026-03-07 15:45:00,2026-03-07 15:45:00,1,"mad,iforest,etiqueta",,1583,1290.5658309147134,0.0,0,indeterminado,baja,"señalado por mad,iforest,etiqueta sin una regla determinista que identifique la causa",conservar marcado hasta contrastar con otras fuentes,False
6004,radiacion,2026-03-09 03:01:00,2026-03-09 03:02:00,2,reglas,F:faltante;X:marca_irregular,1,,0.0,0,falla_comunicacion,media,faltante o centinela sin coincidencia en otras estaciones,no imputar a ciegas; recuperar del datalogger,False
6004,radiacion,2026-03-09 11:16:00,2026-03-09 11:16:00,1,reglas,R:radiacion_sobre_cota,1,2.106514193597031,0.0,0,falla_sensor,media,"índice de claridad 2.83 en 1 min, sin respaldo físico",excluir de productos y programar revisión del sensor,False
6004,radiacion,2026-03-09 22:33:00,2026-03-09 22:33:00,1,,F:faltante,-1,,0.51,0,falla_comunicacion,media,faltante o centinela sin coincidencia en otras estaciones,no imputar a ciegas; recuperar del datalogger,False
6004,radiacion,2026-03-11 13:37:00,2026-03-11 13:48:00,12,,F:faltante,1,279.6075928036563,0.03,0,falla_comunicacion,media,faltante o centinela sin coincidencia en otras estaciones,no imputar a ciegas; recuperar del datalogger,False
6004,radiacion,2026-03-11 14:18:00,2026-03-11 14:24:00,7,,F:faltante,1,489.7008734223826,0.03,0,falla_comunicacion,media,faltante o centinela sin coincidencia en otras estaciones,no imputar a ciegas; recuperar del datalogger,False
6004,radiacion,2026-03-11 14:38:00,2026-03-11 14:49:00,12,,F:faltante,1,422.22087342238257,0.03,0,falla_comunicacion,media,faltante o centinela sin coincidencia en otras estaciones,no imputar a ciegas; recuperar del datalogger,False
6004,radiacion,2026-03-11 15:19:00,2026-03-11 15:19:00,1,"mad,iforest,etiqueta",,1583,1309.3787105883132,0.03,0,indeterminado,baja,"señalado por mad,iforest,etiqueta sin una regla determinista que identifique la causa",conservar marcado hasta contrastar con otras fuentes,False
6004,radiacion,2026-03-11 16:14:00,2026-03-11 16:25:00,12,"mad,iforest,etiqueta",,1583,1413.1701330713788,0.03,0,indeterminado,baja,"señalado por mad,iforest,etiqueta sin una regla determinista que identifique la causa",conservar marcado hasta contrastar con otras fuentes,False
6004,radiacion,2026-03-11 23:11:00,2026-03-11 23:11:00,1,"reglas,etiqueta",R:radiacion_sobre_cota,1582,3.418366904891107,0.0,0,falla_sensor,media,"índice de claridad 5.36 en 1 min, sin respaldo físico",excluir de productos y programar revisión del sensor,False
6004,radiacion,2026-03-12 11:15:00,2026-03-12 11:15:00,1,reglas,R:radiacion_sobre_cota,1,5.155191751404231,0.01,0,falla_sensor,media,"índice de claridad 2.04 en 1 min, sin respaldo físico",excluir de productos y programar revisión del sensor,False
6004,radiacion,2026-03-12 12:14:00,2026-03-12 12:22:00,9,,F:faltante,1,193.01795554581386,0.02,0,falla_comunicacion,media,faltante o centinela sin coincidencia en otras estaciones,no imputar a ciegas; recuperar del datalogger,False
6004,radiacion,2026-03-12 12:59:00,2026-03-12 12:59:00,1,,F:faltante,-1,,0.02,0,falla_comunicacion,media,faltante o centinela sin coincidencia en otras estaciones,no imputar a ciegas; recuperar del datalogger,False
6004,radiacion,2026-03-13 21:08:00,2026-03-13 21:28:00,21,,F:faltante,1,575.7317762711486,0.0,0,falla_comunicacion,media,faltante o centinela sin coincidencia en otras estaciones,no imputar a ciegas; recuperar del datalogger,False
6004,radiacion,2026-03-13 22:58:00,2026-03-13 23:10:00,13,"regimen,etiqueta",,1582,3.4038999021800347,0.0,0,configuracion,baja,cambio persistente de nivel sin corroboración: posible ajuste o calibración,corregir metadatos o configuración y reprocesar,False
6004,radiacion,2026-03-14 22:57:00,2026-03-14 23:14:00,18,"regimen,etiqueta",,1582,11.828231023301996,0.0,0,configuracion,baja,cambio persistente de nivel sin corroboración: posible ajuste o calibración,corregir metadatos o configuración y reprocesar,False
6004,radiacion,2026-03-15 19:52:00,2026-03-15 19:52:00,1,"mad,iforest,etiqueta",,1583,1003.7411917521792,0.07,0,indeterminado,baja,"señalado por mad,iforest,etiqueta sin una regla determinista que identifique la causa",conservar marcado hasta contrastar con otras fuentes,False
6004,radiacion,2026-03-16 03:01:00,2026-03-16 03:01:00,1,reglas,X:marca_irregular,1,,0.0,0,falla_comunicacion,media,faltante o centinela sin coincidencia en otras estaciones,no imputar a ciegas; recuperar del datalogger,False
6004,radiacion,2026-03-16 15:51:00,2026-03-16 15:51:00,1,,F:faltante,-1,,0.0,0,falla_comunicacion,media,faltante o centinela sin coincidencia en otras estaciones,no imputar a ciegas; recuperar del datalogger,False
6004,radiacion,2026-03-18 18:08:00,2026-03-18 18:10:00,3,"mad,iforest,etiqueta",,1583,1386.9392518922957,0.13,0,indeterminado,baja,"señalado por mad,iforest,etiqueta sin una regla determinista que identifique la causa",conservar marcado hasta contrastar con otras fuentes,False
6004,radiacion,2026-03-20 23:00:00,2026-03-20 23:08:00,9,"regimen,etiqueta",,1582,3.1898940283930513,0.0,0,configuracion,baja,cambio persistente de nivel sin corroboración: posible ajuste o calibración,corregir metadatos o configuración y reprocesar,False
6004,radiacion,2026-03-21 15:23:00,2026-03-21 15:25:00,3,"mad,iforest,etiqueta",,1583,1319.7073021404146,0.05,0,indeterminado,baja,"señalado por mad,iforest,etiqueta sin una regla determinista que identifique la causa",conservar marcado hasta contrastar con otras fuentes,False
6004,radiacion,2026-03-21 17:42:00,2026-03-21 17:42:00,1,"mad,etiqueta",,1583,1354.4905525739723,0.51,0,indeterminado,baja,"señalado por mad,etiqueta sin una regla determinista que identifique la causa",conservar marcado hasta contrastar con otras fuentes,False
6004,radiacion,2026-03-21 18:15:00,2026-03-21 18:15:00,1,"mad,etiqueta",,1583,1302.6936368920046,0.76,0,indeterminado,baja,"señalado por mad,etiqueta sin una regla determinista que identifique la causa",conservar marcado hasta contrastar con otras fuentes,False
6004,radiacion,2026-03-22 11:10:00,2026-03-22 11:10:00,1,reglas,R:radiacion_sobre_cota,1,2.769709917043881,0.04,0,falla_sensor,media,"índice de claridad 2.66 en 1 min, sin respaldo físico",excluir de productos y programar revisión del sensor,False
6004,radiacion,2026-03-23 17:56:00,2026-03-23 17:56:00,1,"mad,iforest,etiqueta",,1583,1453.6109071395883,0.15,0,indeterminado,baja,"señalado por mad,iforest,etiqueta sin una regla determinista que identifique la causa",conservar marcado hasta contrastar con otras fuentes,False
6004,radiacion,2026-03-23 19:10:00,2026-03-23 19:17:00,8,"mad,iforest,etiqueta",,1583,1328.4868537415095,0.14,0,indeterminado,baja,"señalado por mad,iforest,etiqueta sin una regla determinista que identifique la causa",conservar marcado hasta contrastar con otras fuentes,False
6004,radiacion,2026-03-25 22:56:00,2026-03-25 23:20:00,25,"reglas,regimen,etiqueta",R:radiacion_sobre_cota,1582,29.682768315253302,0.0,0,falla_sensor,media,"índice de claridad 2.33 en 25 min, sin respaldo físico",excluir de productos y programar revisión del sensor,False
6004,radiacion,2026-03-26 16:21:00,2026-03-26 16:21:00,1,"mad,iforest,etiqueta",,1583,1383.8704477264082,0.02,0,indeterminado,baja,"señalado por mad,iforest,etiqueta sin una regla determinista que identifique la causa",conservar marcado hasta contrastar con otras fuentes,False
6004,radiacion,2026-03-26 21:32:00,2026-03-26 21:46:00,15,,F:faltante,1,115.2055037671494,0.79,0,falla_comunicacion,media,faltante o centinela sin coincidencia en otras estaciones,no imputar a ciegas; recuperar del datalogger,False
6004,radiacion,2026-03-27 23:00:00,2026-03-27 23:08:00,9,"regimen,etiqueta",,1582,5.782667245982371,0.21,0,configuracion,baja,cambio persistente de nivel sin corroboración: posible ajuste o calibración,corregir metadatos o configuración y reprocesar,False
6004,radiacion,2026-03-28 11:07:00,2026-03-28 11:07:00,1,reglas,R:radiacion_sobre_cota,1,3.080272073892924,0.03,0,falla_sensor,media,"índice de claridad 3.47 en 1 min, sin respaldo físico",excluir de productos y programar revisión del sensor,False
6004,radiacion,2026-03-29 23:08:00,2026-03-29 23:09:00,2,"reglas,etiqueta",R:radiacion_sobre_cota;R:radiacion_nocturna,1582,7.142056854763743,0.0,0,falla_sensor,media,"índice de claridad 1.51 en 2 min, sin respaldo físico",excluir de productos y programar revisión del sensor,False
6004,radiacion,2026-03-30 03:01:00,2026-03-30 03:02:00,2,reglas,F:faltante;X:marca_irregular,1,,0.0,0,falla_comunicacion,media,faltante o centinela sin coincidencia en otras estaciones,no imputar a ciegas; recuperar del datalogger,False
6004,radiacion,2026-03-30 23:08:00,2026-03-30 23:09:00,2,"reglas,etiqueta",R:radiacion_sobre_cota;R:radiacion_nocturna,1582,7.393122304668868,0.11,0,falla_sensor,media,"índice de claridad 1.94 en 2 min, sin respaldo físico",excluir de productos y programar revisión del sensor,False
6004,radiacion,2026-04-03 22:47:00,2026-04-03 22:59:00,13,reglas,P:radiacion,1,1.9886656986652824,1.27,0,falla_sensor,alta,valor congelado (P:radiacion) durante 13 min,excluir de productos y programar revisión del sensor,False
6004,radiacion,2026-04-04 15:06:00,2026-04-04 15:06:00,1,"mad,iforest,etiqueta",,1583,1257.7610652524625,0.01,0,indeterminado,baja,"señalado por mad,iforest,etiqueta sin una regla determinista que identifique la causa",conservar marcado hasta contrastar con otras fuentes,False
6004,radiacion,2026-04-06 03:01:00,2026-04-06 03:01:00,1,reglas,X:marca_irregular,1,,0.0,0,falla_comunicacion,media,faltante o centinela sin coincidencia en otras estaciones,no imputar a ciegas; recuperar del datalogger,False
6004,radiacion,2026-04-08 10:41:00,2026-04-09 15:53:00,1753,reglas,F:faltante;X:marca_irregular,1,1075.1508513977174,0.26,0,falla_comunicacion,media,faltante o centinela sin coincidencia en otras estaciones,no imputar a ciegas; recuperar del datalogger,False
6004,radiacion,2026-04-10 16:06:00,2026-04-10 16:06:00,1,"reglas,iforest",J:radiacion,1,1155.03793564423,0.0,0,falla_sensor,media,salto aislado (J:radiacion) de 1 min que revierte,excluir de productos y programar revisión del sensor,False
6004,radiacion,2026-04-10 17:28:00,2026-04-10 17:28:00,1,"reglas,iforest",J:radiacion,1,1261.8291577191806,0.0,0,falla_sensor,media,salto aislado (J:radiacion) de 1 min que revierte,excluir de productos y programar revisión del sensor,False
6004,radiacion,2026-04-10 18:00:00,2026-04-10 18:00:00,1,"reglas,mad,iforest",J:radiacion,1,316.24428984179707,0.0,0,falla_sensor,media,salto aislado (J:radiacion) de 1 min que revierte,excluir de productos y programar revisión del sensor,False
6004,radiacion,2026-04-11 18:01:00,2026-04-11 18:01:00,1,"reglas,mad,iforest",J:radiacion,1,276.6196309211303,0.0,0,falla_sensor,media,salto aislado (J:radiacion) de 1 min que revierte,excluir de productos y programar revisión del sensor,False
6004,radiacion,2026-04-11 23:07:00,2026-04-11 23:07:00,1,"reglas,etiqueta",R:radiacion_sobre_cota,1582,2.584182656434517,0.0,0,falla_sensor,media,"índice de claridad 6.44 en 1 min, sin respaldo físico",excluir de productos y programar revisión del sensor,False
6004,radiacion,2026-04-12 16:11:00,2026-04-12 16:11:00,1,"reglas,iforest",J:radiacion,1,1175.6708644104767,0.03,0,falla_sensor,media,salto aislado (J:radiacion) de 1 min que revierte,excluir de productos y programar revisión del sensor,False
6004,radiacion,2026-04-12 16:35:00,2026-04-12 16:35:00,1,"reglas,mad,iforest",J:radiacion,1,258.89154971629745,0.03,0,falla_sensor,media,salto aislado (J:radiacion) de 1 min que revierte,excluir de productos y programar revisión del sensor,False
6004,radiacion,2026-04-12 16:58:00,2026-04-12 16:58:00,1,"reglas,iforest",J:radiacion,1,1152.6161051714632,0.03,0,falla_sensor,media,salto aislado (J:radiacion) de 1 min que revierte,excluir de productos y programar revisión del sensor,False
6004,radiacion,2026-04-13 03:01:00,2026-04-13 03:02:00,2,reglas,F:faltante;X:marca_irregular,1,,0.0,0,falla_comunicacion,media,faltante o centinela sin coincidencia en otras estaciones,no imputar a ciegas; recuperar del datalogger,False
6004,radiacion,2026-04-14 10:57:00,2026-04-14 11:00:00,4,"reglas,etiqueta",R:radiacion_sobre_cota;R:radiacion_nocturna,1582,9.589935186597963,0.02,0,falla_sensor,media,"índice de claridad 6.56 en 4 min, sin respaldo físico",excluir de productos y programar revisión del sensor,False
6004,radiacion,2026-04-14 16:48:00,2026-04-14 16:50:00,3,"mad,etiqueta",,1583,1400.745809776853,1.78,0,indeterminado,baja,"señalado por mad,etiqueta sin una regla determinista que identifique la causa",conservar marcado hasta contrastar con otras fuentes,False
6004,radiacion,2026-04-14 17:41:00,2026-04-14 17:41:00,1,,F:faltante,-1,,1.78,0,falla_comunicacion,media,faltante o centinela sin coincidencia en otras estaciones,no imputar a ciegas; recuperar del datalogger,False
6004,radiacion,2026-04-16 17:03:00,2026-04-16 17:03:00,1,"mad,iforest,etiqueta",,1583,1488.2982005516767,0.01,0,indeterminado,baja,"señalado por mad,iforest,etiqueta sin una regla determinista que identifique la causa",conservar marcado hasta contrastar con otras fuentes,False
6004,radiacion,2026-04-16 17:30:00,2026-04-16 17:30:00,1,"iforest,etiqueta",,1583,1396.052706890276,0.0,0,indeterminado,baja,"señalado por iforest,etiqueta sin una regla determinista que identifique la causa",conservar marcado hasta contrastar con otras fuentes,False
6004,radiacion,2026-04-16 17:51:00,2026-04-16 17:58:00,8,"mad,iforest,etiqueta",,1583,1448.322278337357,0.01,0,indeterminado,baja,"señalado por mad,iforest,etiqueta sin una regla determinista que identifique la causa",conservar marcado hasta contrastar con otras fuentes,False
6004,radiacion,2026-04-16 20:26:00,2026-04-16 20:28:00,3,"mad,etiqueta",,1583,879.2366321226662,1.27,0,indeterminado,baja,"señalado por mad,etiqueta sin una regla determinista que identifique la causa",conservar marcado hasta contrastar con otras fuentes,False
6004,radiacion,2026-04-17 15:33:00,2026-04-17 15:36:00,4,"mad,iforest,etiqueta",,1583,1417.559109816175,0.04,0,indeterminado,baja,"señalado por mad,iforest,etiqueta sin una regla determinista que identifique la causa",conservar marcado hasta contrastar con otras fuentes,False
6004,radiacion,2026-04-17 16:57:00,2026-04-17 16:57:00,1,"iforest,etiqueta",,1583,1471.0416737756764,0.03,0,indeterminado,baja,"señalado por iforest,etiqueta sin una regla determinista que identifique la causa",conservar marcado hasta contrastar con otras fuentes,False
6004,radiacion,2026-04-17 20:57:00,2026-04-17 20:59:00,3,"mad,iforest,etiqueta",,1583,754.8667989620983,0.0,0,indeterminado,baja,"señalado por mad,iforest,etiqueta sin una regla determinista que identifique la causa",conservar marcado hasta contrastar con otras fuentes,False
6004,radiacion,2026-04-18 02:13:00,2026-04-18 02:13:00,1,,F:faltante,-1,,6.1,0,falla_comunicacion,media,faltante o centinela sin coincidencia en otras estaciones,no imputar a ciegas; recuperar del datalogger,False
6004,radiacion,2026-04-19 15:49:00,2026-04-19 15:49:00,1,"iforest,etiqueta",,1583,1351.3634325650005,0.04,0,indeterminado,baja,"señalado por iforest,etiqueta sin una regla determinista que identifique la causa",conservar marcado hasta contrastar con otras fuentes,False
6004,radiacion,2026-04-19 20:43:00,2026-04-19 20:45:00,3,"mad,iforest,etiqueta",,1583,783.2323907125345,0.09,0,indeterminado,baja,"señalado por mad,iforest,etiqueta sin una regla determinista que identifique la causa",conservar marcado hasta contrastar con otras fuentes,False
6004,radiacion,2026-04-19 23:05:00,2026-04-19 23:09:00,5,"reglas,etiqueta",R:radiacion_sobre_cota;R:radiacion_nocturna,1582,15.010654600932856,0.02,0,configuracion,alta,radiación en horas sin sol: zona horaria o reloj mal configurado,corregir metadatos o configuración y reprocesar,False
6004,radiacion,2026-04-20 03:01:00,2026-04-20 03:01:00,1,reglas,X:marca_irregular,1,,0.0,0,falla_comunicacion,media,faltante o centinela sin coincidencia en otras estaciones,no imputar a ciegas; recuperar del datalogger,False
6004,radiacion,2026-04-21 15:41:00,2026-04-21 15:43:00,3,"reglas,mad,iforest,etiqueta",R:radiacion_sobre_cota,1583,1534.6439639823118,0.26,0,evento_fisico_real,media,índice de claridad máximo 1.22 con persistencia: posible realce por nubes,"conservar, marcar y no eliminar",True
6004,radiacion,2026-04-21 18:01:00,2026-04-21 18:06:00,6,"reglas,mad,etiqueta",D:duplicado,1583,1401.0685983472722,0.51,0,indeterminado,baja,"señalado por reglas,mad,etiqueta sin una regla determinista que identifique la causa",conservar marcado hasta contrastar con otras fuentes,False
6004,radiacion,2026-04-21 19:21:00,2026-04-21 19:33:00,13,"mad,etiqueta",,1583,1156.0223792266936,0.51,0,indeterminado,baja,"señalado por mad,etiqueta sin una regla determinista que identifique la causa",conservar marcado hasta contrastar con otras fuentes,False
6004,radiacion,2026-04-21 23:06:00,2026-04-21 23:06:00,1,"reglas,etiqueta",R:radiacion_sobre_cota,1582,4.195758100385543,3.05,0,falla_sensor,media,"índice de claridad 3.43 en 1 min, sin respaldo físico",excluir de productos y programar revisión del sensor,False
6004,radiacion,2026-04-26 14:00:00,2026-04-26 14:00:00,1,"iforest,etiqueta",,1583,993.408291504815,0.0,0,indeterminado,baja,"señalado por iforest,etiqueta sin una regla determinista que identifique la causa",conservar marcado hasta contrastar con otras fuentes,False
6004,radiacion,2026-04-27 03:01:00,2026-04-27 03:01:00,1,,F:faltante,-1,,0.0,0,falla_comunicacion,media,faltante o centinela sin coincidencia en otras estaciones,no imputar a ciegas; recuperar del datalogger,False
6004,radiacion,2026-04-27 21:47:00,2026-04-27 22:03:00,17,reglas,P:radiacion,1,2.967444056555804,0.34,0,falla_sensor,alta,valor congelado (P:radiacion) durante 17 min,excluir de productos y programar revisión del sensor,False
6004,radiacion,2026-04-28 13:08:00,2026-04-28 14:13:00,66,,F:faltante,-1,,0.0,0,falla_comunicacion,media,faltante o centinela sin coincidencia en otras estaciones,no imputar a ciegas; recuperar del datalogger,False
6004,radiacion,2026-04-28 14:51:00,2026-04-28 14:51:00,1,"iforest,etiqueta",,1583,1181.366911078616,1.52,0,indeterminado,baja,"señalado por iforest,etiqueta sin una regla determinista que identifique la causa",conservar marcado hasta contrastar con otras fuentes,False
6004,radiacion,2026-04-30 10:50:00,2026-04-30 10:53:00,4,"reglas,etiqueta",R:radiacion_sobre_cota;R:radiacion_nocturna,1582,7.622689531615244,0.0,0,configuracion,alta,radiación en horas sin sol: zona horaria o reloj mal configurado,corregir metadatos o configuración y reprocesar,False
